40000400 00000000 00000000 00000000 00000000 00000000 00000000 00000000 00000000 00000000 00000000 00000000 00000000 00000000 00000000 00000000 00000000 0000001f 0
40000454 00000000 00000000 00000000 00000000 00000000 00000000 00000000 00000000 00000000 00000000 00000000 00000000 00000000 00000000 00000000 00000000 0000001f 0
40000457 00000000 00000000 00000000 00000000 00000000 00000000 00000000 00000000 00000000 00000000 00000000 00000000 00000000 00000000 00000000 00000000 0000001f 0
4000045a 00000000 00000000 00000000 00000000 00000000 00000000 00000000 00000000 00000000 00000000 00000000 00000000 00000000 00000000 00000000 00000000 0000001f 0
4000045d 00000000 00000000 0000cdcd 00000000 00000000 00000000 00000000 00000000 00000000 00000000 00000000 00000000 00000000 00000000 00000000 00000000 0000001f 0
40000460 00000000 00000000 0000cdcd 0000abab 00000000 00000000 00000000 00000000 00000000 00000000 00000000 00000000 00000000 00000000 00000000 00000000 0000001f 0
40000475 00000000 00000000 0000cdcd 0000abab 00000000 00000000 00000000 00000000 00000000 00000000 00000000 00000000 00000000 00000000 00000000 00000000 0000001f 0
40000478 00000000 00000000 00000000 0000abab 00000000 00000000 00000000 00000000 00000000 00000000 00000000 00000000 00000000 00000000 00000000 00000000 0000001f 0
4000047b 00000000 00000000 00000000 0000cdcd 00000000 00000000 00000000 00000000 00000000 00000000 00000000 00000000 00000000 00000000 00000000 00000000 0000001f 0
4000047e 00000000 00000000 00000000 000000cd 00000000 00000000 00000000 00000000 00000000 00000000 00000000 00000000 00000000 00000000 00000000 00000000 0000001f 0
40000484 00000000 00000000 00000000 000000cd 00000000 00000000 00000000 00000000 00000000 00000000 00000000 00000000 00000000 00000000 00000000 00000000 0000001f 0
40000487 00000000 00000000 40000000 000000cd 00000000 00000000 00000000 00000000 00000000 00000000 00000000 00000000 00000000 00000000 00000000 00000000 0000001f 0
4000048a 00000000 00000000 40000000 000000cd 00000000 00000000 00000000 00000000 00000000 00000000 00000000 00000000 00000000 00000000 00000000 00000000 0000001f 0
4000048c 00000000 00000000 40000000 00000015 00000000 00000000 00000000 00000000 00000000 00000000 00000000 00000000 00000000 00000000 00000000 00000000 0000001f 0
4000048f 00000000 00000000 40000000 00000015 00000000 00000000 00000000 00000000 00000000 00000000 00000000 00000000 00000000 00000000 00000000 00000000 0000001f 0
40000492 00000000 00000000 00000015 00000015 00000000 00000000 00000000 00000000 00000000 00000000 00000000 00000000 00000000 00000000 00000000 00000000 0000001f 0
40000495 00000000 00000000 2222211f 00000015 00000000 00000000 00000000 00000000 00000000 00000000 00000000 00000000 00000000 00000000 00000000 00000000 0000001f 0
40000498 00000000 00000000 2222211f 00000015 00000000 e0000000 00000000 00000000 00000000 00000000 00000000 00000000 00000000 00000000 00000000 00000000 0000001f 0
4000049b 00000000 00000000 2222211f 00000015 00000000 e0000000 400004c3 00000000 00000000 00000000 00000000 00000000 00000000 00000000 00000000 00000000 0000001f 0
4000049d 00000000 00000000 2222211f 00000000 00000000 e0000000 400004c3 00000000 00000000 00000000 00000000 00000000 00000000 00000000 00000000 00000000 0000001f 0
4000049f 00000000 00000000 2222211f 00000000 00000000 e0000000 400004c3 2222211f 00000000 00000000 00000000 00000000 00000000 00000000 00000000 00000000 0000001f 0
400004a2 00000000 00000000 2222211f 00000000 00000000 e0000000 40000000 2222211f 00000000 00000000 00000000 00000000 00000000 00000000 00000000 00000000 0000001f 0
400004c3 00000000 00000000 2222211f 00000000 00000000 e0000000 40000000 2222211f 00000000 00000000 00000000 00000000 00000000 00000000 00000000 00000000 0000001f 0
400004c6 00000000 00000000 2222211f 00000000 0000000f e0000000 40000000 2222211f 00000000 00000000 00000000 00000000 00000000 00000000 00000000 00000000 0000001f 0
400004c9 00000000 00000000 2222211f 00000000 0000000f e0000000 40000000 2222211f 00000000 00000000 00000000 00000000 00000000 00000000 00000000 00000000 0000001f 0
400004cc 00000000 00000000 2222211f 00000000 0000000f e0000000 40000000 2222211f 00000000 00000000 00000000 00000000 00000000 00000000 00000000 00000000 0000001f 0
400004cf 00000000 00000000 2222211f 20000000 0000000f e0000000 40000000 2222211f 00000000 00000000 00000000 00000000 00000000 00000000 00000000 00000000 0000001f 0
400004c0 00000000 00000000 2222211f 20000000 0000000f e0000000 40000000 2222211f 00000000 00000000 00000000 00000000 00000000 00000000 00000000 00000000 0000001f 0
400004c3 00000000 00000000 2222211f 20000000 0000000f e0000000 40000000 02222211 00000000 00000000 00000000 00000000 00000000 00000000 00000000 00000000 0000001f 0
400004c6 00000000 00000000 2222211f 20000000 00000001 e0000000 40000000 02222211 00000000 00000000 00000000 00000000 00000000 00000000 00000000 00000000 0000001f 0
400004c9 00000000 00000000 2222211f 20000000 00000001 e0000000 40000000 02222211 00000000 00000000 00000000 00000000 00000000 00000000 00000000 00000000 0000001f 0
400004cc 00000000 00000000 2222211f 20000000 00000001 e0000000 40000000 02222211 00000000 00000000 00000000 00000000 00000000 00000000 00000000 00000000 0000001f 0
400004cf 00000000 00000000 2222211f 40000000 00000001 e0000000 40000000 02222211 00000000 00000000 00000000 00000000 00000000 00000000 00000000 00000000 0000001f 0
400004c0 00000000 00000000 2222211f 40000000 00000001 e0000000 40000000 02222211 00000000 00000000 00000000 00000000 00000000 00000000 00000000 00000000 0000001f 0
400004c3 00000000 00000000 2222211f 40000000 00000001 e0000000 40000000 00222221 00000000 00000000 00000000 00000000 00000000 00000000 00000000 00000000 0000001f 0
400004c6 00000000 00000000 2222211f 40000000 00000001 e0000000 40000000 00222221 00000000 00000000 00000000 00000000 00000000 00000000 00000000 00000000 0000001f 0
400004b0 00000000 00000000 2222211f 40000000 00000001 e0000000 40000000 00222221 00000000 00000000 00000000 00000000 00000000 00000000 00000000 00000000 0000001f 0
400004b3 00000000 00000000 2222211f 40000000 00000001 e0000000 40000000 00222221 00000000 00000000 00000000 00000000 00000000 00000000 00000000 00000000 0000001f 0
400004b6 00000000 00000000 2222211f 40000000 00000001 e0000000 40000000 00222221 00000000 00000000 00000000 00000000 00000000 00000000 00000000 00000000 0000001f 0
400004b8 00000000 00000000 2222211f 40000000 00000001 e0000000 40000000 00222221 00000000 00000000 00000000 00000000 00000000 00000000 00000000 00000000 0000001f 0
400004ba 00000000 00000000 2222211f 40000000 00000001 e0000000 40000000 00222221 00000000 00000000 00000000 00000000 00000000 00000000 00000000 00000000 0000001f 0
400004bd 00000000 00000000 2222211f 60000000 00000001 e0000000 40000000 00222221 00000000 00000000 00000000 00000000 00000000 00000000 00000000 00000000 0000001f 0
400004c0 00000000 00000000 2222211f 60000000 00000001 e0000000 40000000 00222221 00000000 00000000 00000000 00000000 00000000 00000000 00000000 00000000 0000001f 0
400004c3 00000000 00000000 2222211f 60000000 00000001 e0000000 40000000 00022222 00000000 00000000 00000000 00000000 00000000 00000000 00000000 00000000 0000001f 0
400004c6 00000000 00000000 2222211f 60000000 00000002 e0000000 40000000 00022222 00000000 00000000 00000000 00000000 00000000 00000000 00000000 00000000 0000001f 0
400004c9 00000000 00000000 2222211f 60000000 00000002 e0000000 40000000 00022222 00000000 00000000 00000000 00000000 00000000 00000000 00000000 00000000 0000001f 0
400004cc 00000000 00000000 2222211f 60000000 00000002 e0000000 40000000 00022222 00000000 00000000 00000000 00000000 00000000 00000000 00000000 00000000 0000001f 0
400004cf 00000000 00000000 2222211f 80000000 00000002 e0000000 40000000 00022222 00000000 00000000 00000000 00000000 00000000 00000000 00000000 00000000 0000001f 0
400004c0 00000000 00000000 2222211f 80000000 00000002 e0000000 40000000 00022222 00000000 00000000 00000000 00000000 00000000 00000000 00000000 00000000 0000001f 0
400004c3 00000000 00000000 2222211f 80000000 00000002 e0000000 40000000 00002222 00000000 00000000 00000000 00000000 00000000 00000000 00000000 00000000 0000001f 0
400004c6 00000000 00000000 2222211f 80000000 00000002 e0000000 40000000 00002222 00000000 00000000 00000000 00000000 00000000 00000000 00000000 00000000 0000001f 0
400004c9 00000000 00000000 2222211f 80000000 00000002 e0000000 40000000 00002222 00000000 00000000 00000000 00000000 00000000 00000000 00000000 00000000 0000001f 0
400004cc 00000000 00000000 2222211f 80000000 00000002 e0000000 40000000 00002222 00000000 00000000 00000000 00000000 00000000 00000000 00000000 00000000 0000001f 0
400004cf 00000000 00000000 2222211f a0000000 00000002 e0000000 40000000 00002222 00000000 00000000 00000000 00000000 00000000 00000000 00000000 00000000 0000001f 0
400004c0 00000000 00000000 2222211f a0000000 00000002 e0000000 40000000 00002222 00000000 00000000 00000000 00000000 00000000 00000000 00000000 00000000 0000001f 0
400004c3 00000000 00000000 2222211f a0000000 00000002 e0000000 40000000 00000222 00000000 00000000 00000000 00000000 00000000 00000000 00000000 00000000 0000001f 0
400004c6 00000000 00000000 2222211f a0000000 00000002 e0000000 40000000 00000222 00000000 00000000 00000000 00000000 00000000 00000000 00000000 00000000 0000001f 0
400004c9 00000000 00000000 2222211f a0000000 00000002 e0000000 40000000 00000222 00000000 00000000 00000000 00000000 00000000 00000000 00000000 00000000 0000001f 0
400004cc 00000000 00000000 2222211f a0000000 00000002 e0000000 40000000 00000222 00000000 00000000 00000000 00000000 00000000 00000000 00000000 00000000 0000001f 0
400004cf 00000000 00000000 2222211f c0000000 00000002 e0000000 40000000 00000222 00000000 00000000 00000000 00000000 00000000 00000000 00000000 00000000 0000001f 0
400004c0 00000000 00000000 2222211f c0000000 00000002 e0000000 40000000 00000222 00000000 00000000 00000000 00000000 00000000 00000000 00000000 00000000 0000001f 0
400004c3 00000000 00000000 2222211f c0000000 00000002 e0000000 40000000 00000022 00000000 00000000 00000000 00000000 00000000 00000000 00000000 00000000 0000001f 0
400004c6 00000000 00000000 2222211f c0000000 00000002 e0000000 40000000 00000022 00000000 00000000 00000000 00000000 00000000 00000000 00000000 00000000 0000001f 0
400004c9 00000000 00000000 2222211f c0000000 00000002 e0000000 40000000 00000022 00000000 00000000 00000000 00000000 00000000 00000000 00000000 00000000 0000001f 0
400004cc 00000000 00000000 2222211f c0000000 00000002 e0000000 40000000 00000022 00000000 00000000 00000000 00000000 00000000 00000000 00000000 00000000 0000001f 0
400004cf 00000000 00000000 2222211f e0000000 00000002 e0000000 40000000 00000022 00000000 00000000 00000000 00000000 00000000 00000000 00000000 00000000 0000001f 0
400004c0 00000000 00000000 2222211f e0000000 00000002 e0000000 40000000 00000022 00000000 00000000 00000000 00000000 00000000 00000000 00000000 00000000 0000001f 0
400004c3 00000000 00000000 2222211f e0000000 00000002 e0000000 40000000 00000002 00000000 00000000 00000000 00000000 00000000 00000000 00000000 00000000 0000001f 0
400004c6 00000000 00000000 2222211f e0000000 00000002 e0000000 40000000 00000002 00000000 00000000 00000000 00000000 00000000 00000000 00000000 00000000 0000001f 0
400004c9 00000000 00000000 2222211f e0000000 00000002 e0000000 40000000 00000002 00000000 00000000 00000000 00000000 00000000 00000000 00000000 00000000 0000001f 0
400004cc 00000000 00000000 2222211f e0000000 00000002 e0000000 40000000 00000002 00000000 00000000 00000000 00000000 00000000 00000000 00000000 00000000 0000001f 0
400004cf 00000000 00000000 2222211f 00000000 00000002 e0000000 40000000 00000002 00000000 00000000 00000000 00000000 00000000 00000000 00000000 00000000 0000001f 0
400004d2 00000000 00000000 2222211f 00000000 00000002 e0000000 40000000 00000002 00000000 00000000 00000000 00000000 00000000 00000000 00000000 00000000 0000001f 0
400004d5 00000000 00000000 2222211f 00000000 00000002 e0000000 40000000 00000002 00000000 00000000 00000000 00000000 00000000 00000000 00000000 00000000 0000001f 0
400004d8 00000000 00000000 2222211f 00000000 00000002 e0000000 40000000 00000002 00000000 00000000 00000000 00000000 00000000 00000000 00000000 00000000 0000001f 0
400004da 00000000 00000000 2222211f 00000000 00000002 e0000000 40000000 00000002 00000000 00000000 00000000 00000000 00000000 00000000 00000000 00000000 0000001f 0
400004dc 00000000 00000000 2222211f 00000000 00000002 e0000000 40000000 2222211f 00000000 00000000 00000000 00000000 00000000 00000000 00000000 00000000 0000001f 0
400004df 00000000 00000000 2222211f 00000000 0000000f e0000000 40000000 2222211f 00000000 00000000 00000000 00000000 00000000 00000000 00000000 00000000 0000001f 0
400004e2 00000000 00000000 2222211f 00000000 0000000f e0000000 40000000 2222211f 00000000 00000000 00000000 00000000 00000000 00000000 00000000 00000000 0000001f 0
400004e5 00000000 00000000 2222211f 20000000 0000000f e0000000 40000000 2222211f 00000000 00000000 00000000 00000000 00000000 00000000 00000000 00000000 0000001f 0
400004e8 00000000 00000000 2222211f 20000000 0000000f e0000000 40000000 02222211 00000000 00000000 00000000 00000000 00000000 00000000 00000000 00000000 0000001f 0
400004dc 00000000 00000000 2222211f 20000000 0000000f e0000000 40000000 02222211 00000000 00000000 00000000 00000000 00000000 00000000 00000000 00000000 0000001f 0
400004df 00000000 00000000 2222211f 20000000 00000001 e0000000 40000000 02222211 00000000 00000000 00000000 00000000 00000000 00000000 00000000 00000000 0000001f 0
400004e2 00000000 00000000 2222211f 20000000 00000001 e0000000 40000000 02222211 00000000 00000000 00000000 00000000 00000000 00000000 00000000 00000000 0000001f 0
400004e5 00000000 00000000 2222211f 40000000 00000001 e0000000 40000000 02222211 00000000 00000000 00000000 00000000 00000000 00000000 00000000 00000000 0000001f 0
400004e8 00000000 00000000 2222211f 40000000 00000001 e0000000 40000000 00222221 00000000 00000000 00000000 00000000 00000000 00000000 00000000 00000000 0000001f 0
400004dc 00000000 00000000 2222211f 40000000 00000001 e0000000 40000000 00222221 00000000 00000000 00000000 00000000 00000000 00000000 00000000 00000000 0000001f 0
400004df 00000000 00000000 2222211f 40000000 00000001 e0000000 40000000 00222221 00000000 00000000 00000000 00000000 00000000 00000000 00000000 00000000 0000001f 0
400004e2 00000000 00000000 2222211f 40000000 00000001 e0000000 40000000 00222221 00000000 00000000 00000000 00000000 00000000 00000000 00000000 00000000 0000001f 0
400004e5 00000000 00000000 2222211f 60000000 00000001 e0000000 40000000 00222221 00000000 00000000 00000000 00000000 00000000 00000000 00000000 00000000 0000001f 0
400004e8 00000000 00000000 2222211f 60000000 00000001 e0000000 40000000 00022222 00000000 00000000 00000000 00000000 00000000 00000000 00000000 00000000 0000001f 0
400004dc 00000000 00000000 2222211f 60000000 00000001 e0000000 40000000 00022222 00000000 00000000 00000000 00000000 00000000 00000000 00000000 00000000 0000001f 0
400004df 00000000 00000000 2222211f 60000000 00000002 e0000000 40000000 00022222 00000000 00000000 00000000 00000000 00000000 00000000 00000000 00000000 0000001f 0
400004e2 00000000 00000000 2222211f 60000000 00000002 e0000000 40000000 00022222 00000000 00000000 00000000 00000000 00000000 00000000 00000000 00000000 0000001f 0
400004e5 00000000 00000000 2222211f 80000000 00000002 e0000000 40000000 00022222 00000000 00000000 00000000 00000000 00000000 00000000 00000000 00000000 0000001f 0
400004e8 00000000 00000000 2222211f 80000000 00000002 e0000000 40000000 00002222 00000000 00000000 00000000 00000000 00000000 00000000 00000000 00000000 0000001f 0
400004dc 00000000 00000000 2222211f 80000000 00000002 e0000000 40000000 00002222 00000000 00000000 00000000 00000000 00000000 00000000 00000000 00000000 0000001f 0
400004df 00000000 00000000 2222211f 80000000 00000002 e0000000 40000000 00002222 00000000 00000000 00000000 00000000 00000000 00000000 00000000 00000000 0000001f 0
400004e2 00000000 00000000 2222211f 80000000 00000002 e0000000 40000000 00002222 00000000 00000000 00000000 00000000 00000000 00000000 00000000 00000000 0000001f 0
400004e5 00000000 00000000 2222211f a0000000 00000002 e0000000 40000000 00002222 00000000 00000000 00000000 00000000 00000000 00000000 00000000 00000000 0000001f 0
400004e8 00000000 00000000 2222211f a0000000 00000002 e0000000 40000000 00000222 00000000 00000000 00000000 00000000 00000000 00000000 00000000 00000000 0000001f 0
400004dc 00000000 00000000 2222211f a0000000 00000002 e0000000 40000000 00000222 00000000 00000000 00000000 00000000 00000000 00000000 00000000 00000000 0000001f 0
400004df 00000000 00000000 2222211f a0000000 00000002 e0000000 40000000 00000222 00000000 00000000 00000000 00000000 00000000 00000000 00000000 00000000 0000001f 0
400004e2 00000000 00000000 2222211f a0000000 00000002 e0000000 40000000 00000222 00000000 00000000 00000000 00000000 00000000 00000000 00000000 00000000 0000001f 0
400004e5 00000000 00000000 2222211f c0000000 00000002 e0000000 40000000 00000222 00000000 00000000 00000000 00000000 00000000 00000000 00000000 00000000 0000001f 0
400004e8 00000000 00000000 2222211f c0000000 00000002 e0000000 40000000 00000022 00000000 00000000 00000000 00000000 00000000 00000000 00000000 00000000 0000001f 0
400004dc 00000000 00000000 2222211f c0000000 00000002 e0000000 40000000 00000022 00000000 00000000 00000000 00000000 00000000 00000000 00000000 00000000 0000001f 0
400004df 00000000 00000000 2222211f c0000000 00000002 e0000000 40000000 00000022 00000000 00000000 00000000 00000000 00000000 00000000 00000000 00000000 0000001f 0
400004e2 00000000 00000000 2222211f c0000000 00000002 e0000000 40000000 00000022 00000000 00000000 00000000 00000000 00000000 00000000 00000000 00000000 0000001f 0
400004e5 00000000 00000000 2222211f e0000000 00000002 e0000000 40000000 00000022 00000000 00000000 00000000 00000000 00000000 00000000 00000000 00000000 0000001f 0
400004e8 00000000 00000000 2222211f e0000000 00000002 e0000000 40000000 00000002 00000000 00000000 00000000 00000000 00000000 00000000 00000000 00000000 0000001f 0
400004dc 00000000 00000000 2222211f e0000000 00000002 e0000000 40000000 00000002 00000000 00000000 00000000 00000000 00000000 00000000 00000000 00000000 0000001f 0
400004df 00000000 00000000 2222211f e0000000 00000002 e0000000 40000000 00000002 00000000 00000000 00000000 00000000 00000000 00000000 00000000 00000000 0000001f 0
400004e2 00000000 00000000 2222211f e0000000 00000002 e0000000 40000000 00000002 00000000 00000000 00000000 00000000 00000000 00000000 00000000 00000000 0000001f 0
400004e5 00000000 00000000 2222211f 00000000 00000002 e0000000 40000000 00000002 00000000 00000000 00000000 00000000 00000000 00000000 00000000 00000000 0000001f 0
400004e8 00000000 00000000 2222211f 00000000 00000002 e0000000 40000000 00000000 00000000 00000000 00000000 00000000 00000000 00000000 00000000 00000000 0000001f 0
400004eb 00000000 00000000 2222211f 00000000 00000002 e0000000 40000000 00000000 00000000 00000000 00000000 00000000 00000000 00000000 00000000 00000000 0000001f 0
400004ee 00000000 00000000 2222211f 00000000 00000002 e0000000 40000000 00000000 00000000 00000000 00000000 00000000 00000000 00000000 00000000 00000000 0000001f 0
400004f1 00000000 00000000 00000001 00000000 00000002 e0000000 40000000 00000000 00000000 00000000 00000000 00000000 00000000 00000000 00000000 00000000 0000001f 0
400004f3 00000000 00000000 00000001 00000001 00000002 e0000000 40000000 00000000 00000000 00000000 00000000 00000000 00000000 00000000 00000000 00000000 0000001f 0
400004f6 00000000 00000000 00000001 00000001 00000002 e0000000 40000000 00000000 00000000 00000000 00000000 00000000 00000000 00000000 00000000 00000000 0000001f 0
400004f9 00000000 00000000 00000001 00000001 00000002 e0000000 40000000 00000000 00000000 00000000 00000000 00000000 00000000 00000000 00000000 00000000 0000001f 0
400004fc 00000000 00000000 00000000 00000001 00000002 e0000000 40000000 00000000 00000000 00000000 00000000 00000000 00000000 00000000 00000000 00000000 0000001f 0
40000505 00000000 00000000 00000000 00000001 00000002 e0000000 40000000 00000000 00000000 00000000 00000000 00000000 00000000 00000000 00000000 00000000 0000001f 0
40000508 00000000 00000000 00000000 00000001 40057354 e0000000 40000000 00000000 00000000 00000000 00000000 00000000 00000000 00000000 00000000 00000000 0000001f 0
4000050b 00000000 00000000 00000000 00000001 40057354 400575c4 40000000 00000000 00000000 00000000 00000000 00000000 00000000 00000000 00000000 00000000 0000001f 0
4000050d 00000000 00000000 00000000 00000001 40057354 400575c4 3fcef81c 00000000 00000000 00000000 00000000 00000000 00000000 00000000 00000000 00000000 0000001f 0
4000050f 00000000 00000000 00000000 00000001 40057354 400575c4 3fcef81c 3fcef81c 00000000 00000000 00000000 00000000 00000000 00000000 00000000 00000000 0000001f 0
40000511 00000000 00000000 00000000 00000001 40057354 400575c4 3fcef81c 3fcef81c 400577a8 00000000 00000000 00000000 00000000 00000000 00000000 00000000 0000001f 0
40000513 00000000 00000000 00000000 00000001 40057354 400575c4 3fcef81c 3fcef81c 400577a8 00000000 00000000 00000000 00000000 00000000 00000000 00000000 0000001f 0
4000052d 00000000 00000000 00000000 00000001 40057354 400575c4 3fcef81c 3fcef81c 400577a8 00000000 00000000 00000000 00000000 00000000 00000000 00000000 0000001f 0
40000530 00000000 00000000 00000000 00000001 40057364 400575c4 3fcef81c 3fcef81c 400577a8 00000000 00000000 00000000 00000000 00000000 00000000 00000000 0000001f 0
4000050b 00000000 00000000 00000000 00000001 40057364 400575c4 3fcef81c 3fcef81c 400577a8 00000000 00000000 00000000 00000000 00000000 00000000 00000000 0000001f 0
4000050d 00000000 00000000 00000000 00000001 40057364 400575c4 3fcef820 3fcef81c 400577a8 00000000 00000000 00000000 00000000 00000000 00000000 00000000 0000001f 0
4000050f 00000000 00000000 00000000 00000001 40057364 400575c4 3fcef820 3fcef820 400577a8 00000000 00000000 00000000 00000000 00000000 00000000 00000000 0000001f 0
40000511 00000000 00000000 00000000 00000001 40057364 400575c4 3fcef820 3fcef820 400577a8 00000000 00000000 00000000 00000000 00000000 00000000 00000000 0000001f 0
40000513 00000000 00000000 00000000 00000001 40057364 400575c4 3fcef820 3fcef820 400577a8 00000000 00000000 00000000 00000000 00000000 00000000 00000000 0000001f 0
4000052d 00000000 00000000 00000000 00000001 40057364 400575c4 3fcef820 3fcef820 400577a8 00000000 00000000 00000000 00000000 00000000 00000000 00000000 0000001f 0
40000530 00000000 00000000 00000000 00000001 40057374 400575c4 3fcef820 3fcef820 400577a8 00000000 00000000 00000000 00000000 00000000 00000000 00000000 0000001f 0
4000050b 00000000 00000000 00000000 00000001 40057374 400575c4 3fcef820 3fcef820 400577a8 00000000 00000000 00000000 00000000 00000000 00000000 00000000 0000001f 0
4000050d 00000000 00000000 00000000 00000001 40057374 400575c4 3fcef838 3fcef820 400577a8 00000000 00000000 00000000 00000000 00000000 00000000 00000000 0000001f 0
4000050f 00000000 00000000 00000000 00000001 40057374 400575c4 3fcef838 3fcef838 400577a8 00000000 00000000 00000000 00000000 00000000 00000000 00000000 0000001f 0
40000511 00000000 00000000 00000000 00000001 40057374 400575c4 3fcef838 3fcef838 400577a8 00000000 00000000 00000000 00000000 00000000 00000000 00000000 0000001f 0
40000513 00000000 00000000 00000000 00000001 40057374 400575c4 3fcef838 3fcef838 400577a8 00000000 00000000 00000000 00000000 00000000 00000000 00000000 0000001f 0
4000052d 00000000 00000000 00000000 00000001 40057374 400575c4 3fcef838 3fcef838 400577a8 00000000 00000000 00000000 00000000 00000000 00000000 00000000 0000001f 0
40000530 00000000 00000000 00000000 00000001 40057384 400575c4 3fcef838 3fcef838 400577a8 00000000 00000000 00000000 00000000 00000000 00000000 00000000 0000001f 0
4000050b 00000000 00000000 00000000 00000001 40057384 400575c4 3fcef838 3fcef838 400577a8 00000000 00000000 00000000 00000000 00000000 00000000 00000000 0000001f 0
4000050d 00000000 00000000 00000000 00000001 40057384 400575c4 3fcef85c 3fcef838 400577a8 00000000 00000000 00000000 00000000 00000000 00000000 00000000 0000001f 0
4000050f 00000000 00000000 00000000 00000001 40057384 400575c4 3fcef85c 3fcef85c 400577a8 00000000 00000000 00000000 00000000 00000000 00000000 00000000 0000001f 0
40000511 00000000 00000000 00000000 00000001 40057384 400575c4 3fcef85c 3fcef85c 400577a8 00000000 00000000 00000000 00000000 00000000 00000000 00000000 0000001f 0
40000513 00000000 00000000 00000000 00000001 40057384 400575c4 3fcef85c 3fcef85c 400577a8 00000000 00000000 00000000 00000000 00000000 00000000 00000000 0000001f 0
4000052d 00000000 00000000 00000000 00000001 40057384 400575c4 3fcef85c 3fcef85c 400577a8 00000000 00000000 00000000 00000000 00000000 00000000 00000000 0000001f 0
40000530 00000000 00000000 00000000 00000001 40057394 400575c4 3fcef85c 3fcef85c 400577a8 00000000 00000000 00000000 00000000 00000000 00000000 00000000 0000001f 0
4000050b 00000000 00000000 00000000 00000001 40057394 400575c4 3fcef85c 3fcef85c 400577a8 00000000 00000000 00000000 00000000 00000000 00000000 00000000 0000001f 0
4000050d 00000000 00000000 00000000 00000001 40057394 400575c4 3fcef958 3fcef85c 400577a8 00000000 00000000 00000000 00000000 00000000 00000000 00000000 0000001f 0
4000050f 00000000 00000000 00000000 00000001 40057394 400575c4 3fcef958 3fcefa14 400577a8 00000000 00000000 00000000 00000000 00000000 00000000 00000000 0000001f 0
40000511 00000000 00000000 00000000 00000001 40057394 400575c4 3fcef958 3fcefa14 400577a8 00000000 00000000 00000000 00000000 00000000 00000000 00000000 0000001f 0
40000513 00000000 00000000 00000000 00000001 40057394 400575c4 3fcef958 3fcefa14 400577a8 00000000 00000000 00000000 00000000 00000000 00000000 00000000 0000001f 0
40000516 00000000 00000000 00000000 00000001 40057394 400575c4 3fcef958 3fcefa14 400577a8 00000000 00000000 00000000 00000000 00000000 00000000 00000000 0000001f 0
40000519 00000000 00000000 00000000 00000001 40057394 400575c4 3fcef958 3fcefa14 400577a8 00000000 00000000 00000000 00000000 00000000 00000000 00000000 0000001f 0
4000051c 00000000 00000000 0000cdcd 00000001 40057394 400575c4 3fcef958 3fcefa14 400577a8 00000000 00000000 00000000 00000000 00000000 00000000 00000000 0000001f 0
4000051f 00000000 00000000 0000cdcd 0000abab 40057394 400575c4 3fcef958 3fcefa14 400577a8 00000000 00000000 00000000 00000000 00000000 00000000 00000000 0000001f 0
40000522 00000000 00000000 0000cdcd 0000abab 40057394 400575c4 3fcef958 3fcefa14 400577a8 00000000 00000000 00000000 00000000 00000000 00000000 00000000 0000001f 0
40000524 00000000 00000000 3fcef9e8 0000abab 40057394 400575c4 3fcef958 3fcefa14 400577a8 00000000 00000000 00000000 00000000 00000000 00000000 00000000 0000001f 0
40000526 00000000 00000000 3fcef9e8 0000abab 40057394 400575c4 3fcef958 3fcefa14 400577a8 00000000 00000000 00000000 00000000 00000000 00000000 00000000 0000001f 0
40000528 00000000 00000000 3fcef9e8 0000abab 40057394 400575c4 3fcef95c 3fcefa14 400577a8 00000000 00000000 00000000 00000000 00000000 00000000 00000000 0000001f 0
4000052a 00000000 00000000 3fcef9e8 0000abab 40057394 400575c4 3fcef95c 3fcefa14 400577ac 00000000 00000000 00000000 00000000 00000000 00000000 00000000 0000001f 0
40000522 00000000 00000000 3fcef9e8 0000abab 40057394 400575c4 3fcef95c 3fcefa14 400577ac 00000000 00000000 00000000 00000000 00000000 00000000 00000000 0000001f 0
40000524 00000000 00000000 00000100 0000abab 40057394 400575c4 3fcef95c 3fcefa14 400577ac 00000000 00000000 00000000 00000000 00000000 00000000 00000000 0000001f 0
40000526 00000000 00000000 00000100 0000abab 40057394 400575c4 3fcef95c 3fcefa14 400577ac 00000000 00000000 00000000 00000000 00000000 00000000 00000000 0000001f 0
40000528 00000000 00000000 00000100 0000abab 40057394 400575c4 3fcef960 3fcefa14 400577ac 00000000 00000000 00000000 00000000 00000000 00000000 00000000 0000001f 0
4000052a 00000000 00000000 00000100 0000abab 40057394 400575c4 3fcef960 3fcefa14 400577b0 00000000 00000000 00000000 00000000 00000000 00000000 00000000 0000001f 0
40000522 00000000 00000000 00000100 0000abab 40057394 400575c4 3fcef960 3fcefa14 400577b0 00000000 00000000 00000000 00000000 00000000 00000000 00000000 0000001f 0
40000524 00000000 00000000 00000000 0000abab 40057394 400575c4 3fcef960 3fcefa14 400577b0 00000000 00000000 00000000 00000000 00000000 00000000 00000000 0000001f 0
40000526 00000000 00000000 00000000 0000abab 40057394 400575c4 3fcef960 3fcefa14 400577b0 00000000 00000000 00000000 00000000 00000000 00000000 00000000 0000001f 0
40000528 00000000 00000000 00000000 0000abab 40057394 400575c4 3fcef964 3fcefa14 400577b0 00000000 00000000 00000000 00000000 00000000 00000000 00000000 0000001f 0
4000052a 00000000 00000000 00000000 0000abab 40057394 400575c4 3fcef964 3fcefa14 400577b4 00000000 00000000 00000000 00000000 00000000 00000000 00000000 0000001f 0
40000522 00000000 00000000 00000000 0000abab 40057394 400575c4 3fcef964 3fcefa14 400577b4 00000000 00000000 00000000 00000000 00000000 00000000 00000000 0000001f 0
40000524 00000000 00000000 00ffba00 0000abab 40057394 400575c4 3fcef964 3fcefa14 400577b4 00000000 00000000 00000000 00000000 00000000 00000000 00000000 0000001f 0
40000526 00000000 00000000 00ffba00 0000abab 40057394 400575c4 3fcef964 3fcefa14 400577b4 00000000 00000000 00000000 00000000 00000000 00000000 00000000 0000001f 0
40000528 00000000 00000000 00ffba00 0000abab 40057394 400575c4 3fcef968 3fcefa14 400577b4 00000000 00000000 00000000 00000000 00000000 00000000 00000000 0000001f 0
4000052a 00000000 00000000 00ffba00 0000abab 40057394 400575c4 3fcef968 3fcefa14 400577b8 00000000 00000000 00000000 00000000 00000000 00000000 00000000 0000001f 0
40000522 00000000 00000000 00ffba00 0000abab 40057394 400575c4 3fcef968 3fcefa14 400577b8 00000000 00000000 00000000 00000000 00000000 00000000 00000000 0000001f 0
40000524 00000000 00000000 19000004 0000abab 40057394 400575c4 3fcef968 3fcefa14 400577b8 00000000 00000000 00000000 00000000 00000000 00000000 00000000 0000001f 0
40000526 00000000 00000000 19000004 0000abab 40057394 400575c4 3fcef968 3fcefa14 400577b8 00000000 00000000 00000000 00000000 00000000 00000000 00000000 0000001f 0
40000528 00000000 00000000 19000004 0000abab 40057394 400575c4 3fcef96c 3fcefa14 400577b8 00000000 00000000 00000000 00000000 00000000 00000000 00000000 0000001f 0
4000052a 00000000 00000000 19000004 0000abab 40057394 400575c4 3fcef96c 3fcefa14 400577bc 00000000 00000000 00000000 00000000 00000000 00000000 00000000 0000001f 0
40000522 00000000 00000000 19000004 0000abab 40057394 400575c4 3fcef96c 3fcefa14 400577bc 00000000 00000000 00000000 00000000 00000000 00000000 00000000 0000001f 0
40000524 00000000 00000000 02047d00 0000abab 40057394 400575c4 3fcef96c 3fcefa14 400577bc 00000000 00000000 00000000 00000000 00000000 00000000 00000000 0000001f 0
40000526 00000000 00000000 02047d00 0000abab 40057394 400575c4 3fcef96c 3fcefa14 400577bc 00000000 00000000 00000000 00000000 00000000 00000000 00000000 0000001f 0
40000528 00000000 00000000 02047d00 0000abab 40057394 400575c4 3fcef970 3fcefa14 400577bc 00000000 00000000 00000000 00000000 00000000 00000000 00000000 0000001f 0
4000052a 00000000 00000000 02047d00 0000abab 40057394 400575c4 3fcef970 3fcefa14 400577c0 00000000 00000000 00000000 00000000 00000000 00000000 00000000 0000001f 0
40000522 00000000 00000000 02047d00 0000abab 40057394 400575c4 3fcef970 3fcefa14 400577c0 00000000 00000000 00000000 00000000 00000000 00000000 00000000 0000001f 0
40000524 00000000 00000000 001efcfe 0000abab 40057394 400575c4 3fcef970 3fcefa14 400577c0 00000000 00000000 00000000 00000000 00000000 00000000 00000000 0000001f 0
40000526 00000000 00000000 001efcfe 0000abab 40057394 400575c4 3fcef970 3fcefa14 400577c0 00000000 00000000 00000000 00000000 00000000 00000000 00000000 0000001f 0
40000528 00000000 00000000 001efcfe 0000abab 40057394 400575c4 3fcef974 3fcefa14 400577c0 00000000 00000000 00000000 00000000 00000000 00000000 00000000 0000001f 0
4000052a 00000000 00000000 001efcfe 0000abab 40057394 400575c4 3fcef974 3fcefa14 400577c4 00000000 00000000 00000000 00000000 00000000 00000000 00000000 0000001f 0
40000522 00000000 00000000 001efcfe 0000abab 40057394 400575c4 3fcef974 3fcefa14 400577c4 00000000 00000000 00000000 00000000 00000000 00000000 00000000 0000001f 0
40000524 00000000 00000000 00640050 0000abab 40057394 400575c4 3fcef974 3fcefa14 400577c4 00000000 00000000 00000000 00000000 00000000 00000000 00000000 0000001f 0
40000526 00000000 00000000 00640050 0000abab 40057394 400575c4 3fcef974 3fcefa14 400577c4 00000000 00000000 00000000 00000000 00000000 00000000 00000000 0000001f 0
40000528 00000000 00000000 00640050 0000abab 40057394 400575c4 3fcef978 3fcefa14 400577c4 00000000 00000000 00000000 00000000 00000000 00000000 00000000 0000001f 0
4000052a 00000000 00000000 00640050 0000abab 40057394 400575c4 3fcef978 3fcefa14 400577c8 00000000 00000000 00000000 00000000 00000000 00000000 00000000 0000001f 0
40000522 00000000 00000000 00640050 0000abab 40057394 400575c4 3fcef978 3fcefa14 400577c8 00000000 00000000 00000000 00000000 00000000 00000000 00000000 0000001f 0
40000524 00000000 00000000 00000064 0000abab 40057394 400575c4 3fcef978 3fcefa14 400577c8 00000000 00000000 00000000 00000000 00000000 00000000 00000000 0000001f 0
40000526 00000000 00000000 00000064 0000abab 40057394 400575c4 3fcef978 3fcefa14 400577c8 00000000 00000000 00000000 00000000 00000000 00000000 00000000 0000001f 0
40000528 00000000 00000000 00000064 0000abab 40057394 400575c4 3fcef97c 3fcefa14 400577c8 00000000 00000000 00000000 00000000 00000000 00000000 00000000 0000001f 0
4000052a 00000000 00000000 00000064 0000abab 40057394 400575c4 3fcef97c 3fcefa14 400577cc 00000000 00000000 00000000 00000000 00000000 00000000 00000000 0000001f 0
40000522 00000000 00000000 00000064 0000abab 40057394 400575c4 3fcef97c 3fcefa14 400577cc 00000000 00000000 00000000 00000000 00000000 00000000 00000000 0000001f 0
40000524 00000000 00000000 002bf200 0000abab 40057394 400575c4 3fcef97c 3fcefa14 400577cc 00000000 00000000 00000000 00000000 00000000 00000000 00000000 0000001f 0
40000526 00000000 00000000 002bf200 0000abab 40057394 400575c4 3fcef97c 3fcefa14 400577cc 00000000 00000000 00000000 00000000 00000000 00000000 00000000 0000001f 0
40000528 00000000 00000000 002bf200 0000abab 40057394 400575c4 3fcef980 3fcefa14 400577cc 00000000 00000000 00000000 00000000 00000000 00000000 00000000 0000001f 0
4000052a 00000000 00000000 002bf200 0000abab 40057394 400575c4 3fcef980 3fcefa14 400577d0 00000000 00000000 00000000 00000000 00000000 00000000 00000000 0000001f 0
40000522 00000000 00000000 002bf200 0000abab 40057394 400575c4 3fcef980 3fcefa14 400577d0 00000000 00000000 00000000 00000000 00000000 00000000 00000000 0000001f 0
40000524 00000000 00000000 00000001 0000abab 40057394 400575c4 3fcef980 3fcefa14 400577d0 00000000 00000000 00000000 00000000 00000000 00000000 00000000 0000001f 0
40000526 00000000 00000000 00000001 0000abab 40057394 400575c4 3fcef980 3fcefa14 400577d0 00000000 00000000 00000000 00000000 00000000 00000000 00000000 0000001f 0
40000528 00000000 00000000 00000001 0000abab 40057394 400575c4 3fcef984 3fcefa14 400577d0 00000000 00000000 00000000 00000000 00000000 00000000 00000000 0000001f 0
4000052a 00000000 00000000 00000001 0000abab 40057394 400575c4 3fcef984 3fcefa14 400577d4 00000000 00000000 00000000 00000000 00000000 00000000 00000000 0000001f 0
40000522 00000000 00000000 00000001 0000abab 40057394 400575c4 3fcef984 3fcefa14 400577d4 00000000 00000000 00000000 00000000 00000000 00000000 00000000 0000001f 0
40000524 00000000 00000000 00960003 0000abab 40057394 400575c4 3fcef984 3fcefa14 400577d4 00000000 00000000 00000000 00000000 00000000 00000000 00000000 0000001f 0
40000526 00000000 00000000 00960003 0000abab 40057394 400575c4 3fcef984 3fcefa14 400577d4 00000000 00000000 00000000 00000000 00000000 00000000 00000000 0000001f 0
40000528 00000000 00000000 00960003 0000abab 40057394 400575c4 3fcef988 3fcefa14 400577d4 00000000 00000000 00000000 00000000 00000000 00000000 00000000 0000001f 0
4000052a 00000000 00000000 00960003 0000abab 40057394 400575c4 3fcef988 3fcefa14 400577d8 00000000 00000000 00000000 00000000 00000000 00000000 00000000 0000001f 0
40000522 00000000 00000000 00960003 0000abab 40057394 400575c4 3fcef988 3fcefa14 400577d8 00000000 00000000 00000000 00000000 00000000 00000000 00000000 0000001f 0
40000524 00000000 00000000 019000c8 0000abab 40057394 400575c4 3fcef988 3fcefa14 400577d8 00000000 00000000 00000000 00000000 00000000 00000000 00000000 0000001f 0
40000526 00000000 00000000 019000c8 0000abab 40057394 400575c4 3fcef988 3fcefa14 400577d8 00000000 00000000 00000000 00000000 00000000 00000000 00000000 0000001f 0
40000528 00000000 00000000 019000c8 0000abab 40057394 400575c4 3fcef98c 3fcefa14 400577d8 00000000 00000000 00000000 00000000 00000000 00000000 00000000 0000001f 0
4000052a 00000000 00000000 019000c8 0000abab 40057394 400575c4 3fcef98c 3fcefa14 400577dc 00000000 00000000 00000000 00000000 00000000 00000000 00000000 0000001f 0
40000522 00000000 00000000 019000c8 0000abab 40057394 400575c4 3fcef98c 3fcefa14 400577dc 00000000 00000000 00000000 00000000 00000000 00000000 00000000 0000001f 0
40000524 00000000 00000000 00000060 0000abab 40057394 400575c4 3fcef98c 3fcefa14 400577dc 00000000 00000000 00000000 00000000 00000000 00000000 00000000 0000001f 0
40000526 00000000 00000000 00000060 0000abab 40057394 400575c4 3fcef98c 3fcefa14 400577dc 00000000 00000000 00000000 00000000 00000000 00000000 00000000 0000001f 0
40000528 00000000 00000000 00000060 0000abab 40057394 400575c4 3fcef990 3fcefa14 400577dc 00000000 00000000 00000000 00000000 00000000 00000000 00000000 0000001f 0
4000052a 00000000 00000000 00000060 0000abab 40057394 400575c4 3fcef990 3fcefa14 400577e0 00000000 00000000 00000000 00000000 00000000 00000000 00000000 0000001f 0
40000522 00000000 00000000 00000060 0000abab 40057394 400575c4 3fcef990 3fcefa14 400577e0 00000000 00000000 00000000 00000000 00000000 00000000 00000000 0000001f 0
40000524 00000000 00000000 010a0101 0000abab 40057394 400575c4 3fcef990 3fcefa14 400577e0 00000000 00000000 00000000 00000000 00000000 00000000 00000000 0000001f 0
40000526 00000000 00000000 010a0101 0000abab 40057394 400575c4 3fcef990 3fcefa14 400577e0 00000000 00000000 00000000 00000000 00000000 00000000 00000000 0000001f 0
40000528 00000000 00000000 010a0101 0000abab 40057394 400575c4 3fcef994 3fcefa14 400577e0 00000000 00000000 00000000 00000000 00000000 00000000 00000000 0000001f 0
4000052a 00000000 00000000 010a0101 0000abab 40057394 400575c4 3fcef994 3fcefa14 400577e4 00000000 00000000 00000000 00000000 00000000 00000000 00000000 0000001f 0
40000522 00000000 00000000 010a0101 0000abab 40057394 400575c4 3fcef994 3fcefa14 400577e4 00000000 00000000 00000000 00000000 00000000 00000000 00000000 0000001f 0
40000524 00000000 00000000 003c000f 0000abab 40057394 400575c4 3fcef994 3fcefa14 400577e4 00000000 00000000 00000000 00000000 00000000 00000000 00000000 0000001f 0
40000526 00000000 00000000 003c000f 0000abab 40057394 400575c4 3fcef994 3fcefa14 400577e4 00000000 00000000 00000000 00000000 00000000 00000000 00000000 0000001f 0
40000528 00000000 00000000 003c000f 0000abab 40057394 400575c4 3fcef998 3fcefa14 400577e4 00000000 00000000 00000000 00000000 00000000 00000000 00000000 0000001f 0
4000052a 00000000 00000000 003c000f 0000abab 40057394 400575c4 3fcef998 3fcefa14 400577e8 00000000 00000000 00000000 00000000 00000000 00000000 00000000 0000001f 0
40000522 00000000 00000000 003c000f 0000abab 40057394 400575c4 3fcef998 3fcefa14 400577e8 00000000 00000000 00000000 00000000 00000000 00000000 00000000 0000001f 0
40000524 00000000 00000000 01010101 0000abab 40057394 400575c4 3fcef998 3fcefa14 400577e8 00000000 00000000 00000000 00000000 00000000 00000000 00000000 0000001f 0
40000526 00000000 00000000 01010101 0000abab 40057394 400575c4 3fcef998 3fcefa14 400577e8 00000000 00000000 00000000 00000000 00000000 00000000 00000000 0000001f 0
40000528 00000000 00000000 01010101 0000abab 40057394 400575c4 3fcef99c 3fcefa14 400577e8 00000000 00000000 00000000 00000000 00000000 00000000 00000000 0000001f 0
4000052a 00000000 00000000 01010101 0000abab 40057394 400575c4 3fcef99c 3fcefa14 400577ec 00000000 00000000 00000000 00000000 00000000 00000000 00000000 0000001f 0
40000522 00000000 00000000 01010101 0000abab 40057394 400575c4 3fcef99c 3fcefa14 400577ec 00000000 00000000 00000000 00000000 00000000 00000000 00000000 0000001f 0
40000524 00000000 00000000 00000100 0000abab 40057394 400575c4 3fcef99c 3fcefa14 400577ec 00000000 00000000 00000000 00000000 00000000 00000000 00000000 0000001f 0
40000526 00000000 00000000 00000100 0000abab 40057394 400575c4 3fcef99c 3fcefa14 400577ec 00000000 00000000 00000000 00000000 00000000 00000000 00000000 0000001f 0
40000528 00000000 00000000 00000100 0000abab 40057394 400575c4 3fcef9a0 3fcefa14 400577ec 00000000 00000000 00000000 00000000 00000000 00000000 00000000 0000001f 0
4000052a 00000000 00000000 00000100 0000abab 40057394 400575c4 3fcef9a0 3fcefa14 400577f0 00000000 00000000 00000000 00000000 00000000 00000000 00000000 0000001f 0
40000522 00000000 00000000 00000100 0000abab 40057394 400575c4 3fcef9a0 3fcefa14 400577f0 00000000 00000000 00000000 00000000 00000000 00000000 00000000 0000001f 0
40000524 00000000 00000000 00000001 0000abab 40057394 400575c4 3fcef9a0 3fcefa14 400577f0 00000000 00000000 00000000 00000000 00000000 00000000 00000000 0000001f 0
40000526 00000000 00000000 00000001 0000abab 40057394 400575c4 3fcef9a0 3fcefa14 400577f0 00000000 00000000 00000000 00000000 00000000 00000000 00000000 0000001f 0
40000528 00000000 00000000 00000001 0000abab 40057394 400575c4 3fcef9a4 3fcefa14 400577f0 00000000 00000000 00000000 00000000 00000000 00000000 00000000 0000001f 0
4000052a 00000000 00000000 00000001 0000abab 40057394 400575c4 3fcef9a4 3fcefa14 400577f4 00000000 00000000 00000000 00000000 00000000 00000000 00000000 0000001f 0
40000522 00000000 00000000 00000001 0000abab 40057394 400575c4 3fcef9a4 3fcefa14 400577f4 00000000 00000000 00000000 00000000 00000000 00000000 00000000 0000001f 0
40000524 00000000 00000000 0000fc81 0000abab 40057394 400575c4 3fcef9a4 3fcefa14 400577f4 00000000 00000000 00000000 00000000 00000000 00000000 00000000 0000001f 0
40000526 00000000 00000000 0000fc81 0000abab 40057394 400575c4 3fcef9a4 3fcefa14 400577f4 00000000 00000000 00000000 00000000 00000000 00000000 00000000 0000001f 0
40000528 00000000 00000000 0000fc81 0000abab 40057394 400575c4 3fcef9a8 3fcefa14 400577f4 00000000 00000000 00000000 00000000 00000000 00000000 00000000 0000001f 0
4000052a 00000000 00000000 0000fc81 0000abab 40057394 400575c4 3fcef9a8 3fcefa14 400577f8 00000000 00000000 00000000 00000000 00000000 00000000 00000000 0000001f 0
40000522 00000000 00000000 0000fc81 0000abab 40057394 400575c4 3fcef9a8 3fcefa14 400577f8 00000000 00000000 00000000 00000000 00000000 00000000 00000000 0000001f 0
40000524 00000000 00000000 4002df58 0000abab 40057394 400575c4 3fcef9a8 3fcefa14 400577f8 00000000 00000000 00000000 00000000 00000000 00000000 00000000 0000001f 0
40000526 00000000 00000000 4002df58 0000abab 40057394 400575c4 3fcef9a8 3fcefa14 400577f8 00000000 00000000 00000000 00000000 00000000 00000000 00000000 0000001f 0
40000528 00000000 00000000 4002df58 0000abab 40057394 400575c4 3fcef9ac 3fcefa14 400577f8 00000000 00000000 00000000 00000000 00000000 00000000 00000000 0000001f 0
4000052a 00000000 00000000 4002df58 0000abab 40057394 400575c4 3fcef9ac 3fcefa14 400577fc 00000000 00000000 00000000 00000000 00000000 00000000 00000000 0000001f 0
40000522 00000000 00000000 4002df58 0000abab 40057394 400575c4 3fcef9ac 3fcefa14 400577fc 00000000 00000000 00000000 00000000 00000000 00000000 00000000 0000001f 0
40000524 00000000 00000000 0000fd09 0000abab 40057394 400575c4 3fcef9ac 3fcefa14 400577fc 00000000 00000000 00000000 00000000 00000000 00000000 00000000 0000001f 0
40000526 00000000 00000000 0000fd09 0000abab 40057394 400575c4 3fcef9ac 3fcefa14 400577fc 00000000 00000000 00000000 00000000 00000000 00000000 00000000 0000001f 0
40000528 00000000 00000000 0000fd09 0000abab 40057394 400575c4 3fcef9b0 3fcefa14 400577fc 00000000 00000000 00000000 00000000 00000000 00000000 00000000 0000001f 0
4000052a 00000000 00000000 0000fd09 0000abab 40057394 400575c4 3fcef9b0 3fcefa14 40057800 00000000 00000000 00000000 00000000 00000000 00000000 00000000 0000001f 0
40000522 00000000 00000000 0000fd09 0000abab 40057394 400575c4 3fcef9b0 3fcefa14 40057800 00000000 00000000 00000000 00000000 00000000 00000000 00000000 0000001f 0
40000524 00000000 00000000 4002df90 0000abab 40057394 400575c4 3fcef9b0 3fcefa14 40057800 00000000 00000000 00000000 00000000 00000000 00000000 00000000 0000001f 0
40000526 00000000 00000000 4002df90 0000abab 40057394 400575c4 3fcef9b0 3fcefa14 40057800 00000000 00000000 00000000 00000000 00000000 00000000 00000000 0000001f 0
40000528 00000000 00000000 4002df90 0000abab 40057394 400575c4 3fcef9b4 3fcefa14 40057800 00000000 00000000 00000000 00000000 00000000 00000000 00000000 0000001f 0
4000052a 00000000 00000000 4002df90 0000abab 40057394 400575c4 3fcef9b4 3fcefa14 40057804 00000000 00000000 00000000 00000000 00000000 00000000 00000000 0000001f 0
40000522 00000000 00000000 4002df90 0000abab 40057394 400575c4 3fcef9b4 3fcefa14 40057804 00000000 00000000 00000000 00000000 00000000 00000000 00000000 0000001f 0
40000524 00000000 00000000 0000fd0a 0000abab 40057394 400575c4 3fcef9b4 3fcefa14 40057804 00000000 00000000 00000000 00000000 00000000 00000000 00000000 0000001f 0
40000526 00000000 00000000 0000fd0a 0000abab 40057394 400575c4 3fcef9b4 3fcefa14 40057804 00000000 00000000 00000000 00000000 00000000 00000000 00000000 0000001f 0
40000528 00000000 00000000 0000fd0a 0000abab 40057394 400575c4 3fcef9b8 3fcefa14 40057804 00000000 00000000 00000000 00000000 00000000 00000000 00000000 0000001f 0
4000052a 00000000 00000000 0000fd0a 0000abab 40057394 400575c4 3fcef9b8 3fcefa14 40057808 00000000 00000000 00000000 00000000 00000000 00000000 00000000 0000001f 0
40000522 00000000 00000000 0000fd0a 0000abab 40057394 400575c4 3fcef9b8 3fcefa14 40057808 00000000 00000000 00000000 00000000 00000000 00000000 00000000 0000001f 0
40000524 00000000 00000000 4002dffc 0000abab 40057394 400575c4 3fcef9b8 3fcefa14 40057808 00000000 00000000 00000000 00000000 00000000 00000000 00000000 0000001f 0
40000526 00000000 00000000 4002dffc 0000abab 40057394 400575c4 3fcef9b8 3fcefa14 40057808 00000000 00000000 00000000 00000000 00000000 00000000 00000000 0000001f 0
40000528 00000000 00000000 4002dffc 0000abab 40057394 400575c4 3fcef9bc 3fcefa14 40057808 00000000 00000000 00000000 00000000 00000000 00000000 00000000 0000001f 0
4000052a 00000000 00000000 4002dffc 0000abab 40057394 400575c4 3fcef9bc 3fcefa14 4005780c 00000000 00000000 00000000 00000000 00000000 00000000 00000000 0000001f 0
40000522 00000000 00000000 4002dffc 0000abab 40057394 400575c4 3fcef9bc 3fcefa14 4005780c 00000000 00000000 00000000 00000000 00000000 00000000 00000000 0000001f 0
40000524 00000000 00000000 0109fc81 0000abab 40057394 400575c4 3fcef9bc 3fcefa14 4005780c 00000000 00000000 00000000 00000000 00000000 00000000 00000000 0000001f 0
40000526 00000000 00000000 0109fc81 0000abab 40057394 400575c4 3fcef9bc 3fcefa14 4005780c 00000000 00000000 00000000 00000000 00000000 00000000 00000000 0000001f 0
40000528 00000000 00000000 0109fc81 0000abab 40057394 400575c4 3fcef9c0 3fcefa14 4005780c 00000000 00000000 00000000 00000000 00000000 00000000 00000000 0000001f 0
4000052a 00000000 00000000 0109fc81 0000abab 40057394 400575c4 3fcef9c0 3fcefa14 40057810 00000000 00000000 00000000 00000000 00000000 00000000 00000000 0000001f 0
40000522 00000000 00000000 0109fc81 0000abab 40057394 400575c4 3fcef9c0 3fcefa14 40057810 00000000 00000000 00000000 00000000 00000000 00000000 00000000 0000001f 0
40000524 00000000 00000000 3ff19818 0000abab 40057394 400575c4 3fcef9c0 3fcefa14 40057810 00000000 00000000 00000000 00000000 00000000 00000000 00000000 0000001f 0
40000526 00000000 00000000 3ff19818 0000abab 40057394 400575c4 3fcef9c0 3fcefa14 40057810 00000000 00000000 00000000 00000000 00000000 00000000 00000000 0000001f 0
40000528 00000000 00000000 3ff19818 0000abab 40057394 400575c4 3fcef9c4 3fcefa14 40057810 00000000 00000000 00000000 00000000 00000000 00000000 00000000 0000001f 0
4000052a 00000000 00000000 3ff19818 0000abab 40057394 400575c4 3fcef9c4 3fcefa14 40057814 00000000 00000000 00000000 00000000 00000000 00000000 00000000 0000001f 0
40000522 00000000 00000000 3ff19818 0000abab 40057394 400575c4 3fcef9c4 3fcefa14 40057814 00000000 00000000 00000000 00000000 00000000 00000000 00000000 0000001f 0
40000524 00000000 00000000 3ff19860 0000abab 40057394 400575c4 3fcef9c4 3fcefa14 40057814 00000000 00000000 00000000 00000000 00000000 00000000 00000000 0000001f 0
40000526 00000000 00000000 3ff19860 0000abab 40057394 400575c4 3fcef9c4 3fcefa14 40057814 00000000 00000000 00000000 00000000 00000000 00000000 00000000 0000001f 0
40000528 00000000 00000000 3ff19860 0000abab 40057394 400575c4 3fcef9c8 3fcefa14 40057814 00000000 00000000 00000000 00000000 00000000 00000000 00000000 0000001f 0
4000052a 00000000 00000000 3ff19860 0000abab 40057394 400575c4 3fcef9c8 3fcefa14 40057818 00000000 00000000 00000000 00000000 00000000 00000000 00000000 0000001f 0
40000522 00000000 00000000 3ff19860 0000abab 40057394 400575c4 3fcef9c8 3fcefa14 40057818 00000000 00000000 00000000 00000000 00000000 00000000 00000000 0000001f 0
40000524 00000000 00000000 0509fd09 0000abab 40057394 400575c4 3fcef9c8 3fcefa14 40057818 00000000 00000000 00000000 00000000 00000000 00000000 00000000 0000001f 0
40000526 00000000 00000000 0509fd09 0000abab 40057394 400575c4 3fcef9c8 3fcefa14 40057818 00000000 00000000 00000000 00000000 00000000 00000000 00000000 0000001f 0
40000528 00000000 00000000 0509fd09 0000abab 40057394 400575c4 3fcef9cc 3fcefa14 40057818 00000000 00000000 00000000 00000000 00000000 00000000 00000000 0000001f 0
4000052a 00000000 00000000 0509fd09 0000abab 40057394 400575c4 3fcef9cc 3fcefa14 4005781c 00000000 00000000 00000000 00000000 00000000 00000000 00000000 0000001f 0
40000522 00000000 00000000 0509fd09 0000abab 40057394 400575c4 3fcef9cc 3fcefa14 4005781c 00000000 00000000 00000000 00000000 00000000 00000000 00000000 0000001f 0
40000524 00000000 00000000 3ff19851 0000abab 40057394 400575c4 3fcef9cc 3fcefa14 4005781c 00000000 00000000 00000000 00000000 00000000 00000000 00000000 0000001f 0
40000526 00000000 00000000 3ff19851 0000abab 40057394 400575c4 3fcef9cc 3fcefa14 4005781c 00000000 00000000 00000000 00000000 00000000 00000000 00000000 0000001f 0
40000528 00000000 00000000 3ff19851 0000abab 40057394 400575c4 3fcef9d0 3fcefa14 4005781c 00000000 00000000 00000000 00000000 00000000 00000000 00000000 0000001f 0
4000052a 00000000 00000000 3ff19851 0000abab 40057394 400575c4 3fcef9d0 3fcefa14 40057820 00000000 00000000 00000000 00000000 00000000 00000000 00000000 0000001f 0
40000522 00000000 00000000 3ff19851 0000abab 40057394 400575c4 3fcef9d0 3fcefa14 40057820 00000000 00000000 00000000 00000000 00000000 00000000 00000000 0000001f 0
40000524 00000000 00000000 3ff19818 0000abab 40057394 400575c4 3fcef9d0 3fcefa14 40057820 00000000 00000000 00000000 00000000 00000000 00000000 00000000 0000001f 0
40000526 00000000 00000000 3ff19818 0000abab 40057394 400575c4 3fcef9d0 3fcefa14 40057820 00000000 00000000 00000000 00000000 00000000 00000000 00000000 0000001f 0
40000528 00000000 00000000 3ff19818 0000abab 40057394 400575c4 3fcef9d4 3fcefa14 40057820 00000000 00000000 00000000 00000000 00000000 00000000 00000000 0000001f 0
4000052a 00000000 00000000 3ff19818 0000abab 40057394 400575c4 3fcef9d4 3fcefa14 40057824 00000000 00000000 00000000 00000000 00000000 00000000 00000000 0000001f 0
40000522 00000000 00000000 3ff19818 0000abab 40057394 400575c4 3fcef9d4 3fcefa14 40057824 00000000 00000000 00000000 00000000 00000000 00000000 00000000 0000001f 0
40000524 00000000 00000000 0209fd0a 0000abab 40057394 400575c4 3fcef9d4 3fcefa14 40057824 00000000 00000000 00000000 00000000 00000000 00000000 00000000 0000001f 0
40000526 00000000 00000000 0209fd0a 0000abab 40057394 400575c4 3fcef9d4 3fcefa14 40057824 00000000 00000000 00000000 00000000 00000000 00000000 00000000 0000001f 0
40000528 00000000 00000000 0209fd0a 0000abab 40057394 400575c4 3fcef9d8 3fcefa14 40057824 00000000 00000000 00000000 00000000 00000000 00000000 00000000 0000001f 0
4000052a 00000000 00000000 0209fd0a 0000abab 40057394 400575c4 3fcef9d8 3fcefa14 40057828 00000000 00000000 00000000 00000000 00000000 00000000 00000000 0000001f 0
40000522 00000000 00000000 0209fd0a 0000abab 40057394 400575c4 3fcef9d8 3fcefa14 40057828 00000000 00000000 00000000 00000000 00000000 00000000 00000000 0000001f 0
40000524 00000000 00000000 3ff19a60 0000abab 40057394 400575c4 3fcef9d8 3fcefa14 40057828 00000000 00000000 00000000 00000000 00000000 00000000 00000000 0000001f 0
40000526 00000000 00000000 3ff19a60 0000abab 40057394 400575c4 3fcef9d8 3fcefa14 40057828 00000000 00000000 00000000 00000000 00000000 00000000 00000000 0000001f 0
40000528 00000000 00000000 3ff19a60 0000abab 40057394 400575c4 3fcef9dc 3fcefa14 40057828 00000000 00000000 00000000 00000000 00000000 00000000 00000000 0000001f 0
4000052a 00000000 00000000 3ff19a60 0000abab 40057394 400575c4 3fcef9dc 3fcefa14 4005782c 00000000 00000000 00000000 00000000 00000000 00000000 00000000 0000001f 0
40000522 00000000 00000000 3ff19a60 0000abab 40057394 400575c4 3fcef9dc 3fcefa14 4005782c 00000000 00000000 00000000 00000000 00000000 00000000 00000000 0000001f 0
40000524 00000000 00000000 3ff19818 0000abab 40057394 400575c4 3fcef9dc 3fcefa14 4005782c 00000000 00000000 00000000 00000000 00000000 00000000 00000000 0000001f 0
40000526 00000000 00000000 3ff19818 0000abab 40057394 400575c4 3fcef9dc 3fcefa14 4005782c 00000000 00000000 00000000 00000000 00000000 00000000 00000000 0000001f 0
40000528 00000000 00000000 3ff19818 0000abab 40057394 400575c4 3fcef9e0 3fcefa14 4005782c 00000000 00000000 00000000 00000000 00000000 00000000 00000000 0000001f 0
4000052a 00000000 00000000 3ff19818 0000abab 40057394 400575c4 3fcef9e0 3fcefa14 40057830 00000000 00000000 00000000 00000000 00000000 00000000 00000000 0000001f 0
40000522 00000000 00000000 3ff19818 0000abab 40057394 400575c4 3fcef9e0 3fcefa14 40057830 00000000 00000000 00000000 00000000 00000000 00000000 00000000 0000001f 0
40000524 00000000 00000000 00000001 0000abab 40057394 400575c4 3fcef9e0 3fcefa14 40057830 00000000 00000000 00000000 00000000 00000000 00000000 00000000 0000001f 0
40000526 00000000 00000000 00000001 0000abab 40057394 400575c4 3fcef9e0 3fcefa14 40057830 00000000 00000000 00000000 00000000 00000000 00000000 00000000 0000001f 0
40000528 00000000 00000000 00000001 0000abab 40057394 400575c4 3fcef9e4 3fcefa14 40057830 00000000 00000000 00000000 00000000 00000000 00000000 00000000 0000001f 0
4000052a 00000000 00000000 00000001 0000abab 40057394 400575c4 3fcef9e4 3fcefa14 40057834 00000000 00000000 00000000 00000000 00000000 00000000 00000000 0000001f 0
40000522 00000000 00000000 00000001 0000abab 40057394 400575c4 3fcef9e4 3fcefa14 40057834 00000000 00000000 00000000 00000000 00000000 00000000 00000000 0000001f 0
40000524 00000000 00000000 00000001 0000abab 40057394 400575c4 3fcef9e4 3fcefa14 40057834 00000000 00000000 00000000 00000000 00000000 00000000 00000000 0000001f 0
40000526 00000000 00000000 00000001 0000abab 40057394 400575c4 3fcef9e4 3fcefa14 40057834 00000000 00000000 00000000 00000000 00000000 00000000 00000000 0000001f 0
40000528 00000000 00000000 00000001 0000abab 40057394 400575c4 3fcef9e8 3fcefa14 40057834 00000000 00000000 00000000 00000000 00000000 00000000 00000000 0000001f 0
4000052a 00000000 00000000 00000001 0000abab 40057394 400575c4 3fcef9e8 3fcefa14 40057838 00000000 00000000 00000000 00000000 00000000 00000000 00000000 0000001f 0
40000522 00000000 00000000 00000001 0000abab 40057394 400575c4 3fcef9e8 3fcefa14 40057838 00000000 00000000 00000000 00000000 00000000 00000000 00000000 0000001f 0
40000524 00000000 00000000 67452301 0000abab 40057394 400575c4 3fcef9e8 3fcefa14 40057838 00000000 00000000 00000000 00000000 00000000 00000000 00000000 0000001f 0
40000526 00000000 00000000 67452301 0000abab 40057394 400575c4 3fcef9e8 3fcefa14 40057838 00000000 00000000 00000000 00000000 00000000 00000000 00000000 0000001f 0
40000528 00000000 00000000 67452301 0000abab 40057394 400575c4 3fcef9ec 3fcefa14 40057838 00000000 00000000 00000000 00000000 00000000 00000000 00000000 0000001f 0
4000052a 00000000 00000000 67452301 0000abab 40057394 400575c4 3fcef9ec 3fcefa14 4005783c 00000000 00000000 00000000 00000000 00000000 00000000 00000000 0000001f 0
40000522 00000000 00000000 67452301 0000abab 40057394 400575c4 3fcef9ec 3fcefa14 4005783c 00000000 00000000 00000000 00000000 00000000 00000000 00000000 0000001f 0
40000524 00000000 00000000 0000ab89 0000abab 40057394 400575c4 3fcef9ec 3fcefa14 4005783c 00000000 00000000 00000000 00000000 00000000 00000000 00000000 0000001f 0
40000526 00000000 00000000 0000ab89 0000abab 40057394 400575c4 3fcef9ec 3fcefa14 4005783c 00000000 00000000 00000000 00000000 00000000 00000000 00000000 0000001f 0
40000528 00000000 00000000 0000ab89 0000abab 40057394 400575c4 3fcef9f0 3fcefa14 4005783c 00000000 00000000 00000000 00000000 00000000 00000000 00000000 0000001f 0
4000052a 00000000 00000000 0000ab89 0000abab 40057394 400575c4 3fcef9f0 3fcefa14 40057840 00000000 00000000 00000000 00000000 00000000 00000000 00000000 0000001f 0
40000522 00000000 00000000 0000ab89 0000abab 40057394 400575c4 3fcef9f0 3fcefa14 40057840 00000000 00000000 00000000 00000000 00000000 00000000 00000000 0000001f 0
40000524 00000000 00000000 3ff1a5ec 0000abab 40057394 400575c4 3fcef9f0 3fcefa14 40057840 00000000 00000000 00000000 00000000 00000000 00000000 00000000 0000001f 0
40000526 00000000 00000000 3ff1a5ec 0000abab 40057394 400575c4 3fcef9f0 3fcefa14 40057840 00000000 00000000 00000000 00000000 00000000 00000000 00000000 0000001f 0
40000528 00000000 00000000 3ff1a5ec 0000abab 40057394 400575c4 3fcef9f4 3fcefa14 40057840 00000000 00000000 00000000 00000000 00000000 00000000 00000000 0000001f 0
4000052a 00000000 00000000 3ff1a5ec 0000abab 40057394 400575c4 3fcef9f4 3fcefa14 40057844 00000000 00000000 00000000 00000000 00000000 00000000 00000000 0000001f 0
40000522 00000000 00000000 3ff1a5ec 0000abab 40057394 400575c4 3fcef9f4 3fcefa14 40057844 00000000 00000000 00000000 00000000 00000000 00000000 00000000 0000001f 0
40000524 00000000 00000000 3fcefa14 0000abab 40057394 400575c4 3fcef9f4 3fcefa14 40057844 00000000 00000000 00000000 00000000 00000000 00000000 00000000 0000001f 0
40000526 00000000 00000000 3fcefa14 0000abab 40057394 400575c4 3fcef9f4 3fcefa14 40057844 00000000 00000000 00000000 00000000 00000000 00000000 00000000 0000001f 0
40000528 00000000 00000000 3fcefa14 0000abab 40057394 400575c4 3fcef9f8 3fcefa14 40057844 00000000 00000000 00000000 00000000 00000000 00000000 00000000 0000001f 0
4000052a 00000000 00000000 3fcefa14 0000abab 40057394 400575c4 3fcef9f8 3fcefa14 40057848 00000000 00000000 00000000 00000000 00000000 00000000 00000000 0000001f 0
40000522 00000000 00000000 3fcefa14 0000abab 40057394 400575c4 3fcef9f8 3fcefa14 40057848 00000000 00000000 00000000 00000000 00000000 00000000 00000000 0000001f 0
40000524 00000000 00000000 00010001 0000abab 40057394 400575c4 3fcef9f8 3fcefa14 40057848 00000000 00000000 00000000 00000000 00000000 00000000 00000000 0000001f 0
40000526 00000000 00000000 00010001 0000abab 40057394 400575c4 3fcef9f8 3fcefa14 40057848 00000000 00000000 00000000 00000000 00000000 00000000 00000000 0000001f 0
40000528 00000000 00000000 00010001 0000abab 40057394 400575c4 3fcef9fc 3fcefa14 40057848 00000000 00000000 00000000 00000000 00000000 00000000 00000000 0000001f 0
4000052a 00000000 00000000 00010001 0000abab 40057394 400575c4 3fcef9fc 3fcefa14 4005784c 00000000 00000000 00000000 00000000 00000000 00000000 00000000 0000001f 0
40000522 00000000 00000000 00010001 0000abab 40057394 400575c4 3fcef9fc 3fcefa14 4005784c 00000000 00000000 00000000 00000000 00000000 00000000 00000000 0000001f 0
40000524 00000000 00000000 3ff1a28c 0000abab 40057394 400575c4 3fcef9fc 3fcefa14 4005784c 00000000 00000000 00000000 00000000 00000000 00000000 00000000 0000001f 0
40000526 00000000 00000000 3ff1a28c 0000abab 40057394 400575c4 3fcef9fc 3fcefa14 4005784c 00000000 00000000 00000000 00000000 00000000 00000000 00000000 0000001f 0
40000528 00000000 00000000 3ff1a28c 0000abab 40057394 400575c4 3fcefa00 3fcefa14 4005784c 00000000 00000000 00000000 00000000 00000000 00000000 00000000 0000001f 0
4000052a 00000000 00000000 3ff1a28c 0000abab 40057394 400575c4 3fcefa00 3fcefa14 40057850 00000000 00000000 00000000 00000000 00000000 00000000 00000000 0000001f 0
40000522 00000000 00000000 3ff1a28c 0000abab 40057394 400575c4 3fcefa00 3fcefa14 40057850 00000000 00000000 00000000 00000000 00000000 00000000 00000000 0000001f 0
40000524 00000000 00000000 3fcefea9 0000abab 40057394 400575c4 3fcefa00 3fcefa14 40057850 00000000 00000000 00000000 00000000 00000000 00000000 00000000 0000001f 0
40000526 00000000 00000000 3fcefea9 0000abab 40057394 400575c4 3fcefa00 3fcefa14 40057850 00000000 00000000 00000000 00000000 00000000 00000000 00000000 0000001f 0
40000528 00000000 00000000 3fcefea9 0000abab 40057394 400575c4 3fcefa04 3fcefa14 40057850 00000000 00000000 00000000 00000000 00000000 00000000 00000000 0000001f 0
4000052a 00000000 00000000 3fcefea9 0000abab 40057394 400575c4 3fcefa04 3fcefa14 40057854 00000000 00000000 00000000 00000000 00000000 00000000 00000000 0000001f 0
40000522 00000000 00000000 3fcefea9 0000abab 40057394 400575c4 3fcefa04 3fcefa14 40057854 00000000 00000000 00000000 00000000 00000000 00000000 00000000 0000001f 0
40000524 00000000 00000000 00120001 0000abab 40057394 400575c4 3fcefa04 3fcefa14 40057854 00000000 00000000 00000000 00000000 00000000 00000000 00000000 0000001f 0
40000526 00000000 00000000 00120001 0000abab 40057394 400575c4 3fcefa04 3fcefa14 40057854 00000000 00000000 00000000 00000000 00000000 00000000 00000000 0000001f 0
40000528 00000000 00000000 00120001 0000abab 40057394 400575c4 3fcefa08 3fcefa14 40057854 00000000 00000000 00000000 00000000 00000000 00000000 00000000 0000001f 0
4000052a 00000000 00000000 00120001 0000abab 40057394 400575c4 3fcefa08 3fcefa14 40057858 00000000 00000000 00000000 00000000 00000000 00000000 00000000 0000001f 0
40000522 00000000 00000000 00120001 0000abab 40057394 400575c4 3fcefa08 3fcefa14 40057858 00000000 00000000 00000000 00000000 00000000 00000000 00000000 0000001f 0
40000524 00000000 00000000 3ff19c38 0000abab 40057394 400575c4 3fcefa08 3fcefa14 40057858 00000000 00000000 00000000 00000000 00000000 00000000 00000000 0000001f 0
40000526 00000000 00000000 3ff19c38 0000abab 40057394 400575c4 3fcefa08 3fcefa14 40057858 00000000 00000000 00000000 00000000 00000000 00000000 00000000 0000001f 0
40000528 00000000 00000000 3ff19c38 0000abab 40057394 400575c4 3fcefa0c 3fcefa14 40057858 00000000 00000000 00000000 00000000 00000000 00000000 00000000 0000001f 0
4000052a 00000000 00000000 3ff19c38 0000abab 40057394 400575c4 3fcefa0c 3fcefa14 4005785c 00000000 00000000 00000000 00000000 00000000 00000000 00000000 0000001f 0
40000522 00000000 00000000 3ff19c38 0000abab 40057394 400575c4 3fcefa0c 3fcefa14 4005785c 00000000 00000000 00000000 00000000 00000000 00000000 00000000 0000001f 0
40000524 00000000 00000000 3fcefeaa 0000abab 40057394 400575c4 3fcefa0c 3fcefa14 4005785c 00000000 00000000 00000000 00000000 00000000 00000000 00000000 0000001f 0
40000526 00000000 00000000 3fcefeaa 0000abab 40057394 400575c4 3fcefa0c 3fcefa14 4005785c 00000000 00000000 00000000 00000000 00000000 00000000 00000000 0000001f 0
40000528 00000000 00000000 3fcefeaa 0000abab 40057394 400575c4 3fcefa10 3fcefa14 4005785c 00000000 00000000 00000000 00000000 00000000 00000000 00000000 0000001f 0
4000052a 00000000 00000000 3fcefeaa 0000abab 40057394 400575c4 3fcefa10 3fcefa14 40057860 00000000 00000000 00000000 00000000 00000000 00000000 00000000 0000001f 0
40000522 00000000 00000000 3fcefeaa 0000abab 40057394 400575c4 3fcefa10 3fcefa14 40057860 00000000 00000000 00000000 00000000 00000000 00000000 00000000 0000001f 0
40000524 00000000 00000000 001d000a 0000abab 40057394 400575c4 3fcefa10 3fcefa14 40057860 00000000 00000000 00000000 00000000 00000000 00000000 00000000 0000001f 0
40000526 00000000 00000000 001d000a 0000abab 40057394 400575c4 3fcefa10 3fcefa14 40057860 00000000 00000000 00000000 00000000 00000000 00000000 00000000 0000001f 0
40000528 00000000 00000000 001d000a 0000abab 40057394 400575c4 3fcefa14 3fcefa14 40057860 00000000 00000000 00000000 00000000 00000000 00000000 00000000 0000001f 0
4000052a 00000000 00000000 001d000a 0000abab 40057394 400575c4 3fcefa14 3fcefa14 40057864 00000000 00000000 00000000 00000000 00000000 00000000 00000000 0000001f 0
4000052d 00000000 00000000 001d000a 0000abab 40057394 400575c4 3fcefa14 3fcefa14 40057864 00000000 00000000 00000000 00000000 00000000 00000000 00000000 0000001f 0
40000530 00000000 00000000 001d000a 0000abab 400573a4 400575c4 3fcefa14 3fcefa14 40057864 00000000 00000000 00000000 00000000 00000000 00000000 00000000 0000001f 0
4000050b 00000000 00000000 001d000a 0000abab 400573a4 400575c4 3fcefa14 3fcefa14 40057864 00000000 00000000 00000000 00000000 00000000 00000000 00000000 0000001f 0
4000050d 00000000 00000000 001d000a 0000abab 400573a4 400575c4 3fceffac 3fcefa14 40057864 00000000 00000000 00000000 00000000 00000000 00000000 00000000 0000001f 0
4000050f 00000000 00000000 001d000a 0000abab 400573a4 400575c4 3fceffac 3fceffac 40057864 00000000 00000000 00000000 00000000 00000000 00000000 00000000 0000001f 0
40000511 00000000 00000000 001d000a 0000abab 400573a4 400575c4 3fceffac 3fceffac 40057864 00000000 00000000 00000000 00000000 00000000 00000000 00000000 0000001f 0
40000513 00000000 00000000 00000000 0000abab 400573a4 400575c4 3fceffac 3fceffac 40057864 00000000 00000000 00000000 00000000 00000000 00000000 00000000 0000001f 0
4000052d 00000000 00000000 00000000 0000abab 400573a4 400575c4 3fceffac 3fceffac 40057864 00000000 00000000 00000000 00000000 00000000 00000000 00000000 0000001f 0
40000530 00000000 00000000 00000000 0000abab 400573b4 400575c4 3fceffac 3fceffac 40057864 00000000 00000000 00000000 00000000 00000000 00000000 00000000 0000001f 0
4000050b 00000000 00000000 00000000 0000abab 400573b4 400575c4 3fceffac 3fceffac 40057864 00000000 00000000 00000000 00000000 00000000 00000000 00000000 0000001f 0
4000050d 00000000 00000000 00000000 0000abab 400573b4 400575c4 3fceffb8 3fceffac 40057864 00000000 00000000 00000000 00000000 00000000 00000000 00000000 0000001f 0
4000050f 00000000 00000000 00000000 0000abab 400573b4 400575c4 3fceffb8 3fceffb8 40057864 00000000 00000000 00000000 00000000 00000000 00000000 00000000 0000001f 0
40000511 00000000 00000000 00000000 0000abab 400573b4 400575c4 3fceffb8 3fceffb8 40057864 00000000 00000000 00000000 00000000 00000000 00000000 00000000 0000001f 0
40000513 00000000 00000000 00000000 0000abab 400573b4 400575c4 3fceffb8 3fceffb8 40057864 00000000 00000000 00000000 00000000 00000000 00000000 00000000 0000001f 0
4000052d 00000000 00000000 00000000 0000abab 400573b4 400575c4 3fceffb8 3fceffb8 40057864 00000000 00000000 00000000 00000000 00000000 00000000 00000000 0000001f 0
40000530 00000000 00000000 00000000 0000abab 400573c4 400575c4 3fceffb8 3fceffb8 40057864 00000000 00000000 00000000 00000000 00000000 00000000 00000000 0000001f 0
4000050b 00000000 00000000 00000000 0000abab 400573c4 400575c4 3fceffb8 3fceffb8 40057864 00000000 00000000 00000000 00000000 00000000 00000000 00000000 0000001f 0
4000050d 00000000 00000000 00000000 0000abab 400573c4 400575c4 3fceffc0 3fceffb8 40057864 00000000 00000000 00000000 00000000 00000000 00000000 00000000 0000001f 0
4000050f 00000000 00000000 00000000 0000abab 400573c4 400575c4 3fceffc0 3fceffc4 40057864 00000000 00000000 00000000 00000000 00000000 00000000 00000000 0000001f 0
40000511 00000000 00000000 00000000 0000abab 400573c4 400575c4 3fceffc0 3fceffc4 40057864 00000000 00000000 00000000 00000000 00000000 00000000 00000000 0000001f 0
40000513 00000000 00000000 00000000 0000abab 400573c4 400575c4 3fceffc0 3fceffc4 40057864 00000000 00000000 00000000 00000000 00000000 00000000 00000000 0000001f 0
40000516 00000000 00000000 00000000 0000abab 400573c4 400575c4 3fceffc0 3fceffc4 40057864 00000000 00000000 00000000 00000000 00000000 00000000 00000000 0000001f 0
40000519 00000000 00000000 00000000 0000abab 400573c4 400575c4 3fceffc0 3fceffc4 40057864 00000000 00000000 00000000 00000000 00000000 00000000 00000000 0000001f 0
4000051c 00000000 00000000 0000cdcd 0000abab 400573c4 400575c4 3fceffc0 3fceffc4 40057864 00000000 00000000 00000000 00000000 00000000 00000000 00000000 0000001f 0
4000051f 00000000 00000000 0000cdcd 0000abab 400573c4 400575c4 3fceffc0 3fceffc4 40057864 00000000 00000000 00000000 00000000 00000000 00000000 00000000 0000001f 0
40000522 00000000 00000000 0000cdcd 0000abab 400573c4 400575c4 3fceffc0 3fceffc4 40057864 00000000 00000000 00000000 00000000 00000000 00000000 00000000 0000001f 0
40000524 00000000 00000000 3ff1a81c 0000abab 400573c4 400575c4 3fceffc0 3fceffc4 40057864 00000000 00000000 00000000 00000000 00000000 00000000 00000000 0000001f 0
40000526 00000000 00000000 3ff1a81c 0000abab 400573c4 400575c4 3fceffc0 3fceffc4 40057864 00000000 00000000 00000000 00000000 00000000 00000000 00000000 0000001f 0
40000528 00000000 00000000 3ff1a81c 0000abab 400573c4 400575c4 3fceffc4 3fceffc4 40057864 00000000 00000000 00000000 00000000 00000000 00000000 00000000 0000001f 0
4000052a 00000000 00000000 3ff1a81c 0000abab 400573c4 400575c4 3fceffc4 3fceffc4 40057868 00000000 00000000 00000000 00000000 00000000 00000000 00000000 0000001f 0
4000052d 00000000 00000000 3ff1a81c 0000abab 400573c4 400575c4 3fceffc4 3fceffc4 40057868 00000000 00000000 00000000 00000000 00000000 00000000 00000000 0000001f 0
40000530 00000000 00000000 3ff1a81c 0000abab 400573d4 400575c4 3fceffc4 3fceffc4 40057868 00000000 00000000 00000000 00000000 00000000 00000000 00000000 0000001f 0
4000050b 00000000 00000000 3ff1a81c 0000abab 400573d4 400575c4 3fceffc4 3fceffc4 40057868 00000000 00000000 00000000 00000000 00000000 00000000 00000000 0000001f 0
4000050d 00000000 00000000 3ff1a81c 0000abab 400573d4 400575c4 3fceffc4 3fceffc4 40057868 00000000 00000000 00000000 00000000 00000000 00000000 00000000 0000001f 0
4000050f 00000000 00000000 3ff1a81c 0000abab 400573d4 400575c4 3fceffc4 3fceffc8 40057868 00000000 00000000 00000000 00000000 00000000 00000000 00000000 0000001f 0
40000511 00000000 00000000 3ff1a81c 0000abab 400573d4 400575c4 3fceffc4 3fceffc8 40057868 00000000 00000000 00000000 00000000 00000000 00000000 00000000 0000001f 0
40000513 00000000 00000000 00000000 0000abab 400573d4 400575c4 3fceffc4 3fceffc8 40057868 00000000 00000000 00000000 00000000 00000000 00000000 00000000 0000001f 0
40000516 00000000 00000000 00000000 0000abab 400573d4 400575c4 3fceffc4 3fceffc8 40057868 00000000 00000000 00000000 00000000 00000000 00000000 00000000 0000001f 0
40000519 00000000 00000000 00000000 0000abab 400573d4 400575c4 3fceffc4 3fceffc8 40057868 00000000 00000000 00000000 00000000 00000000 00000000 00000000 0000001f 0
4000051c 00000000 00000000 0000cdcd 0000abab 400573d4 400575c4 3fceffc4 3fceffc8 40057868 00000000 00000000 00000000 00000000 00000000 00000000 00000000 0000001f 0
4000051f 00000000 00000000 0000cdcd 0000abab 400573d4 400575c4 3fceffc4 3fceffc8 40057868 00000000 00000000 00000000 00000000 00000000 00000000 00000000 0000001f 0
40000522 00000000 00000000 0000cdcd 0000abab 400573d4 400575c4 3fceffc4 3fceffc8 40057868 00000000 00000000 00000000 00000000 00000000 00000000 00000000 0000001f 0
40000524 00000000 00000000 3ff1e2b4 0000abab 400573d4 400575c4 3fceffc4 3fceffc8 40057868 00000000 00000000 00000000 00000000 00000000 00000000 00000000 0000001f 0
40000526 00000000 00000000 3ff1e2b4 0000abab 400573d4 400575c4 3fceffc4 3fceffc8 40057868 00000000 00000000 00000000 00000000 00000000 00000000 00000000 0000001f 0
40000528 00000000 00000000 3ff1e2b4 0000abab 400573d4 400575c4 3fceffc8 3fceffc8 40057868 00000000 00000000 00000000 00000000 00000000 00000000 00000000 0000001f 0
4000052a 00000000 00000000 3ff1e2b4 0000abab 400573d4 400575c4 3fceffc8 3fceffc8 4005786c 00000000 00000000 00000000 00000000 00000000 00000000 00000000 0000001f 0
4000052d 00000000 00000000 3ff1e2b4 0000abab 400573d4 400575c4 3fceffc8 3fceffc8 4005786c 00000000 00000000 00000000 00000000 00000000 00000000 00000000 0000001f 0
40000530 00000000 00000000 3ff1e2b4 0000abab 400573e4 400575c4 3fceffc8 3fceffc8 4005786c 00000000 00000000 00000000 00000000 00000000 00000000 00000000 0000001f 0
4000050b 00000000 00000000 3ff1e2b4 0000abab 400573e4 400575c4 3fceffc8 3fceffc8 4005786c 00000000 00000000 00000000 00000000 00000000 00000000 00000000 0000001f 0
4000050d 00000000 00000000 3ff1e2b4 0000abab 400573e4 400575c4 3fceffd0 3fceffc8 4005786c 00000000 00000000 00000000 00000000 00000000 00000000 00000000 0000001f 0
4000050f 00000000 00000000 3ff1e2b4 0000abab 400573e4 400575c4 3fceffd0 3fceffd0 4005786c 00000000 00000000 00000000 00000000 00000000 00000000 00000000 0000001f 0
40000511 00000000 00000000 3ff1e2b4 0000abab 400573e4 400575c4 3fceffd0 3fceffd0 4005786c 00000000 00000000 00000000 00000000 00000000 00000000 00000000 0000001f 0
40000513 00000000 00000000 00000000 0000abab 400573e4 400575c4 3fceffd0 3fceffd0 4005786c 00000000 00000000 00000000 00000000 00000000 00000000 00000000 0000001f 0
4000052d 00000000 00000000 00000000 0000abab 400573e4 400575c4 3fceffd0 3fceffd0 4005786c 00000000 00000000 00000000 00000000 00000000 00000000 00000000 0000001f 0
40000530 00000000 00000000 00000000 0000abab 400573f4 400575c4 3fceffd0 3fceffd0 4005786c 00000000 00000000 00000000 00000000 00000000 00000000 00000000 0000001f 0
4000050b 00000000 00000000 00000000 0000abab 400573f4 400575c4 3fceffd0 3fceffd0 4005786c 00000000 00000000 00000000 00000000 00000000 00000000 00000000 0000001f 0
4000050d 00000000 00000000 00000000 0000abab 400573f4 400575c4 3fceffd8 3fceffd0 4005786c 00000000 00000000 00000000 00000000 00000000 00000000 00000000 0000001f 0
4000050f 00000000 00000000 00000000 0000abab 400573f4 400575c4 3fceffd8 3fceffdc 4005786c 00000000 00000000 00000000 00000000 00000000 00000000 00000000 0000001f 0
40000511 00000000 00000000 00000000 0000abab 400573f4 400575c4 3fceffd8 3fceffdc 4005786c 00000000 00000000 00000000 00000000 00000000 00000000 00000000 0000001f 0
40000513 00000000 00000000 00000000 0000abab 400573f4 400575c4 3fceffd8 3fceffdc 4005786c 00000000 00000000 00000000 00000000 00000000 00000000 00000000 0000001f 0
40000516 00000000 00000000 00000000 0000abab 400573f4 400575c4 3fceffd8 3fceffdc 4005786c 00000000 00000000 00000000 00000000 00000000 00000000 00000000 0000001f 0
40000519 00000000 00000000 00000000 0000abab 400573f4 400575c4 3fceffd8 3fceffdc 4005786c 00000000 00000000 00000000 00000000 00000000 00000000 00000000 0000001f 0
4000051c 00000000 00000000 0000cdcd 0000abab 400573f4 400575c4 3fceffd8 3fceffdc 4005786c 00000000 00000000 00000000 00000000 00000000 00000000 00000000 0000001f 0
4000051f 00000000 00000000 0000cdcd 0000abab 400573f4 400575c4 3fceffd8 3fceffdc 4005786c 00000000 00000000 00000000 00000000 00000000 00000000 00000000 0000001f 0
40000522 00000000 00000000 0000cdcd 0000abab 400573f4 400575c4 3fceffd8 3fceffdc 4005786c 00000000 00000000 00000000 00000000 00000000 00000000 00000000 0000001f 0
40000524 00000000 00000000 3ff1e078 0000abab 400573f4 400575c4 3fceffd8 3fceffdc 4005786c 00000000 00000000 00000000 00000000 00000000 00000000 00000000 0000001f 0
40000526 00000000 00000000 3ff1e078 0000abab 400573f4 400575c4 3fceffd8 3fceffdc 4005786c 00000000 00000000 00000000 00000000 00000000 00000000 00000000 0000001f 0
40000528 00000000 00000000 3ff1e078 0000abab 400573f4 400575c4 3fceffdc 3fceffdc 4005786c 00000000 00000000 00000000 00000000 00000000 00000000 00000000 0000001f 0
4000052a 00000000 00000000 3ff1e078 0000abab 400573f4 400575c4 3fceffdc 3fceffdc 40057870 00000000 00000000 00000000 00000000 00000000 00000000 00000000 0000001f 0
4000052d 00000000 00000000 3ff1e078 0000abab 400573f4 400575c4 3fceffdc 3fceffdc 40057870 00000000 00000000 00000000 00000000 00000000 00000000 00000000 0000001f 0
40000530 00000000 00000000 3ff1e078 0000abab 40057404 400575c4 3fceffdc 3fceffdc 40057870 00000000 00000000 00000000 00000000 00000000 00000000 00000000 0000001f 0
4000050b 00000000 00000000 3ff1e078 0000abab 40057404 400575c4 3fceffdc 3fceffdc 40057870 00000000 00000000 00000000 00000000 00000000 00000000 00000000 0000001f 0
4000050d 00000000 00000000 3ff1e078 0000abab 40057404 400575c4 3fceffe0 3fceffdc 40057870 00000000 00000000 00000000 00000000 00000000 00000000 00000000 0000001f 0
4000050f 00000000 00000000 3ff1e078 0000abab 40057404 400575c4 3fceffe0 3fceffe4 40057870 00000000 00000000 00000000 00000000 00000000 00000000 00000000 0000001f 0
40000511 00000000 00000000 3ff1e078 0000abab 40057404 400575c4 3fceffe0 3fceffe4 40057870 00000000 00000000 00000000 00000000 00000000 00000000 00000000 0000001f 0
40000513 00000000 00000000 00000000 0000abab 40057404 400575c4 3fceffe0 3fceffe4 40057870 00000000 00000000 00000000 00000000 00000000 00000000 00000000 0000001f 0
40000516 00000000 00000000 00000000 0000abab 40057404 400575c4 3fceffe0 3fceffe4 40057870 00000000 00000000 00000000 00000000 00000000 00000000 00000000 0000001f 0
40000519 00000000 00000000 00000000 0000abab 40057404 400575c4 3fceffe0 3fceffe4 40057870 00000000 00000000 00000000 00000000 00000000 00000000 00000000 0000001f 0
4000051c 00000000 00000000 0000cdcd 0000abab 40057404 400575c4 3fceffe0 3fceffe4 40057870 00000000 00000000 00000000 00000000 00000000 00000000 00000000 0000001f 0
4000051f 00000000 00000000 0000cdcd 0000abab 40057404 400575c4 3fceffe0 3fceffe4 40057870 00000000 00000000 00000000 00000000 00000000 00000000 00000000 0000001f 0
40000522 00000000 00000000 0000cdcd 0000abab 40057404 400575c4 3fceffe0 3fceffe4 40057870 00000000 00000000 00000000 00000000 00000000 00000000 00000000 0000001f 0
40000524 00000000 00000000 3ff1e0e0 0000abab 40057404 400575c4 3fceffe0 3fceffe4 40057870 00000000 00000000 00000000 00000000 00000000 00000000 00000000 0000001f 0
40000526 00000000 00000000 3ff1e0e0 0000abab 40057404 400575c4 3fceffe0 3fceffe4 40057870 00000000 00000000 00000000 00000000 00000000 00000000 00000000 0000001f 0
40000528 00000000 00000000 3ff1e0e0 0000abab 40057404 400575c4 3fceffe4 3fceffe4 40057870 00000000 00000000 00000000 00000000 00000000 00000000 00000000 0000001f 0
4000052a 00000000 00000000 3ff1e0e0 0000abab 40057404 400575c4 3fceffe4 3fceffe4 40057874 00000000 00000000 00000000 00000000 00000000 00000000 00000000 0000001f 0
4000052d 00000000 00000000 3ff1e0e0 0000abab 40057404 400575c4 3fceffe4 3fceffe4 40057874 00000000 00000000 00000000 00000000 00000000 00000000 00000000 0000001f 0
40000530 00000000 00000000 3ff1e0e0 0000abab 40057414 400575c4 3fceffe4 3fceffe4 40057874 00000000 00000000 00000000 00000000 00000000 00000000 00000000 0000001f 0
4000050b 00000000 00000000 3ff1e0e0 0000abab 40057414 400575c4 3fceffe4 3fceffe4 40057874 00000000 00000000 00000000 00000000 00000000 00000000 00000000 0000001f 0
4000050d 00000000 00000000 3ff1e0e0 0000abab 40057414 400575c4 3fceffe4 3fceffe4 40057874 00000000 00000000 00000000 00000000 00000000 00000000 00000000 0000001f 0
4000050f 00000000 00000000 3ff1e0e0 0000abab 40057414 400575c4 3fceffe4 3fceffec 40057874 00000000 00000000 00000000 00000000 00000000 00000000 00000000 0000001f 0
40000511 00000000 00000000 3ff1e0e0 0000abab 40057414 400575c4 3fceffe4 3fceffec 40057874 00000000 00000000 00000000 00000000 00000000 00000000 00000000 0000001f 0
40000513 00000000 00000000 00000000 0000abab 40057414 400575c4 3fceffe4 3fceffec 40057874 00000000 00000000 00000000 00000000 00000000 00000000 00000000 0000001f 0
40000516 00000000 00000000 00000000 0000abab 40057414 400575c4 3fceffe4 3fceffec 40057874 00000000 00000000 00000000 00000000 00000000 00000000 00000000 0000001f 0
40000519 00000000 00000000 00000000 0000abab 40057414 400575c4 3fceffe4 3fceffec 40057874 00000000 00000000 00000000 00000000 00000000 00000000 00000000 0000001f 0
4000051c 00000000 00000000 0000cdcd 0000abab 40057414 400575c4 3fceffe4 3fceffec 40057874 00000000 00000000 00000000 00000000 00000000 00000000 00000000 0000001f 0
4000051f 00000000 00000000 0000cdcd 0000abab 40057414 400575c4 3fceffe4 3fceffec 40057874 00000000 00000000 00000000 00000000 00000000 00000000 00000000 0000001f 0
40000522 00000000 00000000 0000cdcd 0000abab 40057414 400575c4 3fceffe4 3fceffec 40057874 00000000 00000000 00000000 00000000 00000000 00000000 00000000 0000001f 0
40000524 00000000 00000000 3fcef6a4 0000abab 40057414 400575c4 3fceffe4 3fceffec 40057874 00000000 00000000 00000000 00000000 00000000 00000000 00000000 0000001f 0
40000526 00000000 00000000 3fcef6a4 0000abab 40057414 400575c4 3fceffe4 3fceffec 40057874 00000000 00000000 00000000 00000000 00000000 00000000 00000000 0000001f 0
40000528 00000000 00000000 3fcef6a4 0000abab 40057414 400575c4 3fceffe8 3fceffec 40057874 00000000 00000000 00000000 00000000 00000000 00000000 00000000 0000001f 0
4000052a 00000000 00000000 3fcef6a4 0000abab 40057414 400575c4 3fceffe8 3fceffec 40057878 00000000 00000000 00000000 00000000 00000000 00000000 00000000 0000001f 0
40000522 00000000 00000000 3fcef6a4 0000abab 40057414 400575c4 3fceffe8 3fceffec 40057878 00000000 00000000 00000000 00000000 00000000 00000000 00000000 0000001f 0
40000524 00000000 00000000 3fcef670 0000abab 40057414 400575c4 3fceffe8 3fceffec 40057878 00000000 00000000 00000000 00000000 00000000 00000000 00000000 0000001f 0
40000526 00000000 00000000 3fcef670 0000abab 40057414 400575c4 3fceffe8 3fceffec 40057878 00000000 00000000 00000000 00000000 00000000 00000000 00000000 0000001f 0
40000528 00000000 00000000 3fcef670 0000abab 40057414 400575c4 3fceffec 3fceffec 40057878 00000000 00000000 00000000 00000000 00000000 00000000 00000000 0000001f 0
4000052a 00000000 00000000 3fcef670 0000abab 40057414 400575c4 3fceffec 3fceffec 4005787c 00000000 00000000 00000000 00000000 00000000 00000000 00000000 0000001f 0
4000052d 00000000 00000000 3fcef670 0000abab 40057414 400575c4 3fceffec 3fceffec 4005787c 00000000 00000000 00000000 00000000 00000000 00000000 00000000 0000001f 0
40000530 00000000 00000000 3fcef670 0000abab 40057424 400575c4 3fceffec 3fceffec 4005787c 00000000 00000000 00000000 00000000 00000000 00000000 00000000 0000001f 0
4000050b 00000000 00000000 3fcef670 0000abab 40057424 400575c4 3fceffec 3fceffec 4005787c 00000000 00000000 00000000 00000000 00000000 00000000 00000000 0000001f 0
4000050d 00000000 00000000 3fcef670 0000abab 40057424 400575c4 3fcefff0 3fceffec 4005787c 00000000 00000000 00000000 00000000 00000000 00000000 00000000 0000001f 0
4000050f 00000000 00000000 3fcef670 0000abab 40057424 400575c4 3fcefff0 3fcefff4 4005787c 00000000 00000000 00000000 00000000 00000000 00000000 00000000 0000001f 0
40000511 00000000 00000000 3fcef670 0000abab 40057424 400575c4 3fcefff0 3fcefff4 4005787c 00000000 00000000 00000000 00000000 00000000 00000000 00000000 0000001f 0
40000513 00000000 00000000 00000000 0000abab 40057424 400575c4 3fcefff0 3fcefff4 4005787c 00000000 00000000 00000000 00000000 00000000 00000000 00000000 0000001f 0
40000516 00000000 00000000 00000000 0000abab 40057424 400575c4 3fcefff0 3fcefff4 4005787c 00000000 00000000 00000000 00000000 00000000 00000000 00000000 0000001f 0
40000519 00000000 00000000 00000000 0000abab 40057424 400575c4 3fcefff0 3fcefff4 4005787c 00000000 00000000 00000000 00000000 00000000 00000000 00000000 0000001f 0
4000051c 00000000 00000000 0000cdcd 0000abab 40057424 400575c4 3fcefff0 3fcefff4 4005787c 00000000 00000000 00000000 00000000 00000000 00000000 00000000 0000001f 0
4000051f 00000000 00000000 0000cdcd 0000abab 40057424 400575c4 3fcefff0 3fcefff4 4005787c 00000000 00000000 00000000 00000000 00000000 00000000 00000000 0000001f 0
40000522 00000000 00000000 0000cdcd 0000abab 40057424 400575c4 3fcefff0 3fcefff4 4005787c 00000000 00000000 00000000 00000000 00000000 00000000 00000000 0000001f 0
40000524 00000000 00000000 3ff1e290 0000abab 40057424 400575c4 3fcefff0 3fcefff4 4005787c 00000000 00000000 00000000 00000000 00000000 00000000 00000000 0000001f 0
40000526 00000000 00000000 3ff1e290 0000abab 40057424 400575c4 3fcefff0 3fcefff4 4005787c 00000000 00000000 00000000 00000000 00000000 00000000 00000000 0000001f 0
40000528 00000000 00000000 3ff1e290 0000abab 40057424 400575c4 3fcefff4 3fcefff4 4005787c 00000000 00000000 00000000 00000000 00000000 00000000 00000000 0000001f 0
4000052a 00000000 00000000 3ff1e290 0000abab 40057424 400575c4 3fcefff4 3fcefff4 40057880 00000000 00000000 00000000 00000000 00000000 00000000 00000000 0000001f 0
4000052d 00000000 00000000 3ff1e290 0000abab 40057424 400575c4 3fcefff4 3fcefff4 40057880 00000000 00000000 00000000 00000000 00000000 00000000 00000000 0000001f 0
40000530 00000000 00000000 3ff1e290 0000abab 40057434 400575c4 3fcefff4 3fcefff4 40057880 00000000 00000000 00000000 00000000 00000000 00000000 00000000 0000001f 0
4000050b 00000000 00000000 3ff1e290 0000abab 40057434 400575c4 3fcefff4 3fcefff4 40057880 00000000 00000000 00000000 00000000 00000000 00000000 00000000 0000001f 0
4000050d 00000000 00000000 3ff1e290 0000abab 40057434 400575c4 3fcefff8 3fcefff4 40057880 00000000 00000000 00000000 00000000 00000000 00000000 00000000 0000001f 0
4000050f 00000000 00000000 3ff1e290 0000abab 40057434 400575c4 3fcefff8 3fcefffc 40057880 00000000 00000000 00000000 00000000 00000000 00000000 00000000 0000001f 0
40000511 00000000 00000000 3ff1e290 0000abab 40057434 400575c4 3fcefff8 3fcefffc 40057880 00000000 00000000 00000000 00000000 00000000 00000000 00000000 0000001f 0
40000513 00000000 00000000 00000000 0000abab 40057434 400575c4 3fcefff8 3fcefffc 40057880 00000000 00000000 00000000 00000000 00000000 00000000 00000000 0000001f 0
40000516 00000000 00000000 00000000 0000abab 40057434 400575c4 3fcefff8 3fcefffc 40057880 00000000 00000000 00000000 00000000 00000000 00000000 00000000 0000001f 0
40000519 00000000 00000000 00000000 0000abab 40057434 400575c4 3fcefff8 3fcefffc 40057880 00000000 00000000 00000000 00000000 00000000 00000000 00000000 0000001f 0
4000051c 00000000 00000000 0000cdcd 0000abab 40057434 400575c4 3fcefff8 3fcefffc 40057880 00000000 00000000 00000000 00000000 00000000 00000000 00000000 0000001f 0
4000051f 00000000 00000000 0000cdcd 0000abab 40057434 400575c4 3fcefff8 3fcefffc 40057880 00000000 00000000 00000000 00000000 00000000 00000000 00000000 0000001f 0
40000522 00000000 00000000 0000cdcd 0000abab 40057434 400575c4 3fcefff8 3fcefffc 40057880 00000000 00000000 00000000 00000000 00000000 00000000 00000000 0000001f 0
40000524 00000000 00000000 3ff1c050 0000abab 40057434 400575c4 3fcefff8 3fcefffc 40057880 00000000 00000000 00000000 00000000 00000000 00000000 00000000 0000001f 0
40000526 00000000 00000000 3ff1c050 0000abab 40057434 400575c4 3fcefff8 3fcefffc 40057880 00000000 00000000 00000000 00000000 00000000 00000000 00000000 0000001f 0
40000528 00000000 00000000 3ff1c050 0000abab 40057434 400575c4 3fcefffc 3fcefffc 40057880 00000000 00000000 00000000 00000000 00000000 00000000 00000000 0000001f 0
4000052a 00000000 00000000 3ff1c050 0000abab 40057434 400575c4 3fcefffc 3fcefffc 40057884 00000000 00000000 00000000 00000000 00000000 00000000 00000000 0000001f 0
4000052d 00000000 00000000 3ff1c050 0000abab 40057434 400575c4 3fcefffc 3fcefffc 40057884 00000000 00000000 00000000 00000000 00000000 00000000 00000000 0000001f 0
40000530 00000000 00000000 3ff1c050 0000abab 40057444 400575c4 3fcefffc 3fcefffc 40057884 00000000 00000000 00000000 00000000 00000000 00000000 00000000 0000001f 0
4000050b 00000000 00000000 3ff1c050 0000abab 40057444 400575c4 3fcefffc 3fcefffc 40057884 00000000 00000000 00000000 00000000 00000000 00000000 00000000 0000001f 0
4000050d 00000000 00000000 3ff1c050 0000abab 40057444 400575c4 3fcefffc 3fcefffc 40057884 00000000 00000000 00000000 00000000 00000000 00000000 00000000 0000001f 0
4000050f 00000000 00000000 3ff1c050 0000abab 40057444 400575c4 3fcefffc 3fcf0000 40057884 00000000 00000000 00000000 00000000 00000000 00000000 00000000 0000001f 0
40000511 00000000 00000000 3ff1c050 0000abab 40057444 400575c4 3fcefffc 3fcf0000 40057884 00000000 00000000 00000000 00000000 00000000 00000000 00000000 0000001f 0
40000513 00000000 00000000 00000000 0000abab 40057444 400575c4 3fcefffc 3fcf0000 40057884 00000000 00000000 00000000 00000000 00000000 00000000 00000000 0000001f 0
40000516 00000000 00000000 00000000 0000abab 40057444 400575c4 3fcefffc 3fcf0000 40057884 00000000 00000000 00000000 00000000 00000000 00000000 00000000 0000001f 0
40000519 00000000 00000000 00000000 0000abab 40057444 400575c4 3fcefffc 3fcf0000 40057884 00000000 00000000 00000000 00000000 00000000 00000000 00000000 0000001f 0
4000051c 00000000 00000000 0000cdcd 0000abab 40057444 400575c4 3fcefffc 3fcf0000 40057884 00000000 00000000 00000000 00000000 00000000 00000000 00000000 0000001f 0
4000051f 00000000 00000000 0000cdcd 0000abab 40057444 400575c4 3fcefffc 3fcf0000 40057884 00000000 00000000 00000000 00000000 00000000 00000000 00000000 0000001f 0
40000522 00000000 00000000 0000cdcd 0000abab 40057444 400575c4 3fcefffc 3fcf0000 40057884 00000000 00000000 00000000 00000000 00000000 00000000 00000000 0000001f 0
40000524 00000000 00000000 3ff1a810 0000abab 40057444 400575c4 3fcefffc 3fcf0000 40057884 00000000 00000000 00000000 00000000 00000000 00000000 00000000 0000001f 0
40000526 00000000 00000000 3ff1a810 0000abab 40057444 400575c4 3fcefffc 3fcf0000 40057884 00000000 00000000 00000000 00000000 00000000 00000000 00000000 0000001f 0
40000528 00000000 00000000 3ff1a810 0000abab 40057444 400575c4 3fcf0000 3fcf0000 40057884 00000000 00000000 00000000 00000000 00000000 00000000 00000000 0000001f 0
4000052a 00000000 00000000 3ff1a810 0000abab 40057444 400575c4 3fcf0000 3fcf0000 40057888 00000000 00000000 00000000 00000000 00000000 00000000 00000000 0000001f 0
4000052d 00000000 00000000 3ff1a810 0000abab 40057444 400575c4 3fcf0000 3fcf0000 40057888 00000000 00000000 00000000 00000000 00000000 00000000 00000000 0000001f 0
40000530 00000000 00000000 3ff1a810 0000abab 40057454 400575c4 3fcf0000 3fcf0000 40057888 00000000 00000000 00000000 00000000 00000000 00000000 00000000 0000001f 0
4000050b 00000000 00000000 3ff1a810 0000abab 40057454 400575c4 3fcf0000 3fcf0000 40057888 00000000 00000000 00000000 00000000 00000000 00000000 00000000 0000001f 0
4000050d 00000000 00000000 3ff1a810 0000abab 40057454 400575c4 3fced710 3fcf0000 40057888 00000000 00000000 00000000 00000000 00000000 00000000 00000000 0000001f 0
4000050f 00000000 00000000 3ff1a810 0000abab 40057454 400575c4 3fced710 3fced710 40057888 00000000 00000000 00000000 00000000 00000000 00000000 00000000 0000001f 0
40000511 00000000 00000000 3ff1a810 0000abab 40057454 400575c4 3fced710 3fced710 4005788c 00000000 00000000 00000000 00000000 00000000 00000000 00000000 0000001f 0
40000513 00000000 00000000 00000000 0000abab 40057454 400575c4 3fced710 3fced710 4005788c 00000000 00000000 00000000 00000000 00000000 00000000 00000000 0000001f 0
4000052d 00000000 00000000 00000000 0000abab 40057454 400575c4 3fced710 3fced710 4005788c 00000000 00000000 00000000 00000000 00000000 00000000 00000000 0000001f 0
40000530 00000000 00000000 00000000 0000abab 40057464 400575c4 3fced710 3fced710 4005788c 00000000 00000000 00000000 00000000 00000000 00000000 00000000 0000001f 0
4000050b 00000000 00000000 00000000 0000abab 40057464 400575c4 3fced710 3fced710 4005788c 00000000 00000000 00000000 00000000 00000000 00000000 00000000 0000001f 0
4000050d 00000000 00000000 00000000 0000abab 40057464 400575c4 3fcedf1c 3fced710 4005788c 00000000 00000000 00000000 00000000 00000000 00000000 00000000 0000001f 0
4000050f 00000000 00000000 00000000 0000abab 40057464 400575c4 3fcedf1c 3fcedf1c 4005788c 00000000 00000000 00000000 00000000 00000000 00000000 00000000 0000001f 0
40000511 00000000 00000000 00000000 0000abab 40057464 400575c4 3fcedf1c 3fcedf1c 4005788c 00000000 00000000 00000000 00000000 00000000 00000000 00000000 0000001f 0
40000513 00000000 00000000 00000000 0000abab 40057464 400575c4 3fcedf1c 3fcedf1c 4005788c 00000000 00000000 00000000 00000000 00000000 00000000 00000000 0000001f 0
4000052d 00000000 00000000 00000000 0000abab 40057464 400575c4 3fcedf1c 3fcedf1c 4005788c 00000000 00000000 00000000 00000000 00000000 00000000 00000000 0000001f 0
40000530 00000000 00000000 00000000 0000abab 40057474 400575c4 3fcedf1c 3fcedf1c 4005788c 00000000 00000000 00000000 00000000 00000000 00000000 00000000 0000001f 0
4000050b 00000000 00000000 00000000 0000abab 40057474 400575c4 3fcedf1c 3fcedf1c 4005788c 00000000 00000000 00000000 00000000 00000000 00000000 00000000 0000001f 0
4000050d 00000000 00000000 00000000 0000abab 40057474 400575c4 3fcedf30 3fcedf1c 4005788c 00000000 00000000 00000000 00000000 00000000 00000000 00000000 0000001f 0
4000050f 00000000 00000000 00000000 0000abab 40057474 400575c4 3fcedf30 3fcedf30 4005788c 00000000 00000000 00000000 00000000 00000000 00000000 00000000 0000001f 0
40000511 00000000 00000000 00000000 0000abab 40057474 400575c4 3fcedf30 3fcedf30 4005788c 00000000 00000000 00000000 00000000 00000000 00000000 00000000 0000001f 0
40000513 00000000 00000000 00000000 0000abab 40057474 400575c4 3fcedf30 3fcedf30 4005788c 00000000 00000000 00000000 00000000 00000000 00000000 00000000 0000001f 0
4000052d 00000000 00000000 00000000 0000abab 40057474 400575c4 3fcedf30 3fcedf30 4005788c 00000000 00000000 00000000 00000000 00000000 00000000 00000000 0000001f 0
40000530 00000000 00000000 00000000 0000abab 40057484 400575c4 3fcedf30 3fcedf30 4005788c 00000000 00000000 00000000 00000000 00000000 00000000 00000000 0000001f 0
4000050b 00000000 00000000 00000000 0000abab 40057484 400575c4 3fcedf30 3fcedf30 4005788c 00000000 00000000 00000000 00000000 00000000 00000000 00000000 0000001f 0
4000050d 00000000 00000000 00000000 0000abab 40057484 400575c4 3fcedf30 3fcedf30 4005788c 00000000 00000000 00000000 00000000 00000000 00000000 00000000 0000001f 0
4000050f 00000000 00000000 00000000 0000abab 40057484 400575c4 3fcedf30 3fcedf30 4005788c 00000000 00000000 00000000 00000000 00000000 00000000 00000000 0000001f 0
40000511 00000000 00000000 00000000 0000abab 40057484 400575c4 3fcedf30 3fcedf30 4005788c 00000000 00000000 00000000 00000000 00000000 00000000 00000000 0000001f 0
40000513 00000000 00000000 00000000 0000abab 40057484 400575c4 3fcedf30 3fcedf30 4005788c 00000000 00000000 00000000 00000000 00000000 00000000 00000000 0000001f 0
4000052d 00000000 00000000 00000000 0000abab 40057484 400575c4 3fcedf30 3fcedf30 4005788c 00000000 00000000 00000000 00000000 00000000 00000000 00000000 0000001f 0
40000530 00000000 00000000 00000000 0000abab 40057494 400575c4 3fcedf30 3fcedf30 4005788c 00000000 00000000 00000000 00000000 00000000 00000000 00000000 0000001f 0
4000050b 00000000 00000000 00000000 0000abab 40057494 400575c4 3fcedf30 3fcedf30 4005788c 00000000 00000000 00000000 00000000 00000000 00000000 00000000 0000001f 0
4000050d 00000000 00000000 00000000 0000abab 40057494 400575c4 3fcedf30 3fcedf30 4005788c 00000000 00000000 00000000 00000000 00000000 00000000 00000000 0000001f 0
4000050f 00000000 00000000 00000000 0000abab 40057494 400575c4 3fcedf30 3fcedf30 4005788c 00000000 00000000 00000000 00000000 00000000 00000000 00000000 0000001f 0
40000511 00000000 00000000 00000000 0000abab 40057494 400575c4 3fcedf30 3fcedf30 4005788c 00000000 00000000 00000000 00000000 00000000 00000000 00000000 0000001f 0
40000513 00000000 00000000 00000000 0000abab 40057494 400575c4 3fcedf30 3fcedf30 4005788c 00000000 00000000 00000000 00000000 00000000 00000000 00000000 0000001f 0
4000052d 00000000 00000000 00000000 0000abab 40057494 400575c4 3fcedf30 3fcedf30 4005788c 00000000 00000000 00000000 00000000 00000000 00000000 00000000 0000001f 0
40000530 00000000 00000000 00000000 0000abab 400574a4 400575c4 3fcedf30 3fcedf30 4005788c 00000000 00000000 00000000 00000000 00000000 00000000 00000000 0000001f 0
4000050b 00000000 00000000 00000000 0000abab 400574a4 400575c4 3fcedf30 3fcedf30 4005788c 00000000 00000000 00000000 00000000 00000000 00000000 00000000 0000001f 0
4000050d 00000000 00000000 00000000 0000abab 400574a4 400575c4 3fcef130 3fcedf30 4005788c 00000000 00000000 00000000 00000000 00000000 00000000 00000000 0000001f 0
4000050f 00000000 00000000 00000000 0000abab 400574a4 400575c4 3fcef130 3fcef134 4005788c 00000000 00000000 00000000 00000000 00000000 00000000 00000000 0000001f 0
40000511 00000000 00000000 00000000 0000abab 400574a4 400575c4 3fcef130 3fcef134 40057d24 00000000 00000000 00000000 00000000 00000000 00000000 00000000 0000001f 0
40000513 00000000 00000000 00000000 0000abab 400574a4 400575c4 3fcef130 3fcef134 40057d24 00000000 00000000 00000000 00000000 00000000 00000000 00000000 0000001f 0
40000516 00000000 00000000 00000000 0000abab 400574a4 400575c4 3fcef130 3fcef134 40057d24 00000000 00000000 00000000 00000000 00000000 00000000 00000000 0000001f 0
40000519 00000000 00000000 00000000 0000abab 400574a4 400575c4 3fcef130 3fcef134 40057d24 00000000 00000000 00000000 00000000 00000000 00000000 00000000 0000001f 0
4000051c 00000000 00000000 0000cdcd 0000abab 400574a4 400575c4 3fcef130 3fcef134 40057d24 00000000 00000000 00000000 00000000 00000000 00000000 00000000 0000001f 0
4000051f 00000000 00000000 0000cdcd 0000abab 400574a4 400575c4 3fcef130 3fcef134 40057d24 00000000 00000000 00000000 00000000 00000000 00000000 00000000 0000001f 0
40000522 00000000 00000000 0000cdcd 0000abab 400574a4 400575c4 3fcef130 3fcef134 40057d24 00000000 00000000 00000000 00000000 00000000 00000000 00000000 0000001f 0
40000524 00000000 00000000 00000001 0000abab 400574a4 400575c4 3fcef130 3fcef134 40057d24 00000000 00000000 00000000 00000000 00000000 00000000 00000000 0000001f 0
40000526 00000000 00000000 00000001 0000abab 400574a4 400575c4 3fcef130 3fcef134 40057d24 00000000 00000000 00000000 00000000 00000000 00000000 00000000 0000001f 0
40000528 00000000 00000000 00000001 0000abab 400574a4 400575c4 3fcef134 3fcef134 40057d24 00000000 00000000 00000000 00000000 00000000 00000000 00000000 0000001f 0
4000052a 00000000 00000000 00000001 0000abab 400574a4 400575c4 3fcef134 3fcef134 40057d28 00000000 00000000 00000000 00000000 00000000 00000000 00000000 0000001f 0
4000052d 00000000 00000000 00000001 0000abab 400574a4 400575c4 3fcef134 3fcef134 40057d28 00000000 00000000 00000000 00000000 00000000 00000000 00000000 0000001f 0
40000530 00000000 00000000 00000001 0000abab 400574b4 400575c4 3fcef134 3fcef134 40057d28 00000000 00000000 00000000 00000000 00000000 00000000 00000000 0000001f 0
4000050b 00000000 00000000 00000001 0000abab 400574b4 400575c4 3fcef134 3fcef134 40057d28 00000000 00000000 00000000 00000000 00000000 00000000 00000000 0000001f 0
4000050d 00000000 00000000 00000001 0000abab 400574b4 400575c4 3fcedf60 3fcef134 40057d28 00000000 00000000 00000000 00000000 00000000 00000000 00000000 0000001f 0
4000050f 00000000 00000000 00000001 0000abab 400574b4 400575c4 3fcedf60 3fcee378 40057d28 00000000 00000000 00000000 00000000 00000000 00000000 00000000 0000001f 0
40000511 00000000 00000000 00000001 0000abab 400574b4 400575c4 3fcedf60 3fcee378 4005788c 00000000 00000000 00000000 00000000 00000000 00000000 00000000 0000001f 0
40000513 00000000 00000000 00000000 0000abab 400574b4 400575c4 3fcedf60 3fcee378 4005788c 00000000 00000000 00000000 00000000 00000000 00000000 00000000 0000001f 0
40000516 00000000 00000000 00000000 0000abab 400574b4 400575c4 3fcedf60 3fcee378 4005788c 00000000 00000000 00000000 00000000 00000000 00000000 00000000 0000001f 0
40000519 00000000 00000000 00000000 0000abab 400574b4 400575c4 3fcedf60 3fcee378 4005788c 00000000 00000000 00000000 00000000 00000000 00000000 00000000 0000001f 0
4000051c 00000000 00000000 0000cdcd 0000abab 400574b4 400575c4 3fcedf60 3fcee378 4005788c 00000000 00000000 00000000 00000000 00000000 00000000 00000000 0000001f 0
4000051f 00000000 00000000 0000cdcd 0000abab 400574b4 400575c4 3fcedf60 3fcee378 4005788c 00000000 00000000 00000000 00000000 00000000 00000000 00000000 0000001f 0
40000522 00000000 00000000 0000cdcd 0000abab 400574b4 400575c4 3fcedf60 3fcee378 4005788c 00000000 00000000 00000000 00000000 00000000 00000000 00000000 0000001f 0
40000524 00000000 00000000 00000000 0000abab 400574b4 400575c4 3fcedf60 3fcee378 4005788c 00000000 00000000 00000000 00000000 00000000 00000000 00000000 0000001f 0
40000526 00000000 00000000 00000000 0000abab 400574b4 400575c4 3fcedf60 3fcee378 4005788c 00000000 00000000 00000000 00000000 00000000 00000000 00000000 0000001f 0
40000528 00000000 00000000 00000000 0000abab 400574b4 400575c4 3fcedf64 3fcee378 4005788c 00000000 00000000 00000000 00000000 00000000 00000000 00000000 0000001f 0
4000052a 00000000 00000000 00000000 0000abab 400574b4 400575c4 3fcedf64 3fcee378 40057890 00000000 00000000 00000000 00000000 00000000 00000000 00000000 0000001f 0
40000522 00000000 00000000 00000000 0000abab 400574b4 400575c4 3fcedf64 3fcee378 40057890 00000000 00000000 00000000 00000000 00000000 00000000 00000000 0000001f 0
40000524 00000000 00000000 00000000 0000abab 400574b4 400575c4 3fcedf64 3fcee378 40057890 00000000 00000000 00000000 00000000 00000000 00000000 00000000 0000001f 0
40000526 00000000 00000000 00000000 0000abab 400574b4 400575c4 3fcedf64 3fcee378 40057890 00000000 00000000 00000000 00000000 00000000 00000000 00000000 0000001f 0
40000528 00000000 00000000 00000000 0000abab 400574b4 400575c4 3fcedf68 3fcee378 40057890 00000000 00000000 00000000 00000000 00000000 00000000 00000000 0000001f 0
4000052a 00000000 00000000 00000000 0000abab 400574b4 400575c4 3fcedf68 3fcee378 40057894 00000000 00000000 00000000 00000000 00000000 00000000 00000000 0000001f 0
40000522 00000000 00000000 00000000 0000abab 400574b4 400575c4 3fcedf68 3fcee378 40057894 00000000 00000000 00000000 00000000 00000000 00000000 00000000 0000001f 0
40000524 00000000 00000000 400559e8 0000abab 400574b4 400575c4 3fcedf68 3fcee378 40057894 00000000 00000000 00000000 00000000 00000000 00000000 00000000 0000001f 0
40000526 00000000 00000000 400559e8 0000abab 400574b4 400575c4 3fcedf68 3fcee378 40057894 00000000 00000000 00000000 00000000 00000000 00000000 00000000 0000001f 0
40000528 00000000 00000000 400559e8 0000abab 400574b4 400575c4 3fcedf6c 3fcee378 40057894 00000000 00000000 00000000 00000000 00000000 00000000 00000000 0000001f 0
4000052a 00000000 00000000 400559e8 0000abab 400574b4 400575c4 3fcedf6c 3fcee378 40057898 00000000 00000000 00000000 00000000 00000000 00000000 00000000 0000001f 0
40000522 00000000 00000000 400559e8 0000abab 400574b4 400575c4 3fcedf6c 3fcee378 40057898 00000000 00000000 00000000 00000000 00000000 00000000 00000000 0000001f 0
40000524 00000000 00000000 40034c94 0000abab 400574b4 400575c4 3fcedf6c 3fcee378 40057898 00000000 00000000 00000000 00000000 00000000 00000000 00000000 0000001f 0
40000526 00000000 00000000 40034c94 0000abab 400574b4 400575c4 3fcedf6c 3fcee378 40057898 00000000 00000000 00000000 00000000 00000000 00000000 00000000 0000001f 0
40000528 00000000 00000000 40034c94 0000abab 400574b4 400575c4 3fcedf70 3fcee378 40057898 00000000 00000000 00000000 00000000 00000000 00000000 00000000 0000001f 0
4000052a 00000000 00000000 40034c94 0000abab 400574b4 400575c4 3fcedf70 3fcee378 4005789c 00000000 00000000 00000000 00000000 00000000 00000000 00000000 0000001f 0
40000522 00000000 00000000 40034c94 0000abab 400574b4 400575c4 3fcedf70 3fcee378 4005789c 00000000 00000000 00000000 00000000 00000000 00000000 00000000 0000001f 0
40000524 00000000 00000000 400559e8 0000abab 400574b4 400575c4 3fcedf70 3fcee378 4005789c 00000000 00000000 00000000 00000000 00000000 00000000 00000000 0000001f 0
40000526 00000000 00000000 400559e8 0000abab 400574b4 400575c4 3fcedf70 3fcee378 4005789c 00000000 00000000 00000000 00000000 00000000 00000000 00000000 0000001f 0
40000528 00000000 00000000 400559e8 0000abab 400574b4 400575c4 3fcedf74 3fcee378 4005789c 00000000 00000000 00000000 00000000 00000000 00000000 00000000 0000001f 0
4000052a 00000000 00000000 400559e8 0000abab 400574b4 400575c4 3fcedf74 3fcee378 400578a0 00000000 00000000 00000000 00000000 00000000 00000000 00000000 0000001f 0
40000522 00000000 00000000 400559e8 0000abab 400574b4 400575c4 3fcedf74 3fcee378 400578a0 00000000 00000000 00000000 00000000 00000000 00000000 00000000 0000001f 0
40000524 00000000 00000000 400559e8 0000abab 400574b4 400575c4 3fcedf74 3fcee378 400578a0 00000000 00000000 00000000 00000000 00000000 00000000 00000000 0000001f 0
40000526 00000000 00000000 400559e8 0000abab 400574b4 400575c4 3fcedf74 3fcee378 400578a0 00000000 00000000 00000000 00000000 00000000 00000000 00000000 0000001f 0
40000528 00000000 00000000 400559e8 0000abab 400574b4 400575c4 3fcedf78 3fcee378 400578a0 00000000 00000000 00000000 00000000 00000000 00000000 00000000 0000001f 0
4000052a 00000000 00000000 400559e8 0000abab 400574b4 400575c4 3fcedf78 3fcee378 400578a4 00000000 00000000 00000000 00000000 00000000 00000000 00000000 0000001f 0
40000522 00000000 00000000 400559e8 0000abab 400574b4 400575c4 3fcedf78 3fcee378 400578a4 00000000 00000000 00000000 00000000 00000000 00000000 00000000 0000001f 0
40000524 00000000 00000000 40034eb8 0000abab 400574b4 400575c4 3fcedf78 3fcee378 400578a4 00000000 00000000 00000000 00000000 00000000 00000000 00000000 0000001f 0
40000526 00000000 00000000 40034eb8 0000abab 400574b4 400575c4 3fcedf78 3fcee378 400578a4 00000000 00000000 00000000 00000000 00000000 00000000 00000000 0000001f 0
40000528 00000000 00000000 40034eb8 0000abab 400574b4 400575c4 3fcedf7c 3fcee378 400578a4 00000000 00000000 00000000 00000000 00000000 00000000 00000000 0000001f 0
4000052a 00000000 00000000 40034eb8 0000abab 400574b4 400575c4 3fcedf7c 3fcee378 400578a8 00000000 00000000 00000000 00000000 00000000 00000000 00000000 0000001f 0
40000522 00000000 00000000 40034eb8 0000abab 400574b4 400575c4 3fcedf7c 3fcee378 400578a8 00000000 00000000 00000000 00000000 00000000 00000000 00000000 0000001f 0
40000524 00000000 00000000 40000010 0000abab 400574b4 400575c4 3fcedf7c 3fcee378 400578a8 00000000 00000000 00000000 00000000 00000000 00000000 00000000 0000001f 0
40000526 00000000 00000000 40000010 0000abab 400574b4 400575c4 3fcedf7c 3fcee378 400578a8 00000000 00000000 00000000 00000000 00000000 00000000 00000000 0000001f 0
40000528 00000000 00000000 40000010 0000abab 400574b4 400575c4 3fcedf80 3fcee378 400578a8 00000000 00000000 00000000 00000000 00000000 00000000 00000000 0000001f 0
4000052a 00000000 00000000 40000010 0000abab 400574b4 400575c4 3fcedf80 3fcee378 400578ac 00000000 00000000 00000000 00000000 00000000 00000000 00000000 0000001f 0
40000522 00000000 00000000 40000010 0000abab 400574b4 400575c4 3fcedf80 3fcee378 400578ac 00000000 00000000 00000000 00000000 00000000 00000000 00000000 0000001f 0
40000524 00000000 00000000 400559e8 0000abab 400574b4 400575c4 3fcedf80 3fcee378 400578ac 00000000 00000000 00000000 00000000 00000000 00000000 00000000 0000001f 0
40000526 00000000 00000000 400559e8 0000abab 400574b4 400575c4 3fcedf80 3fcee378 400578ac 00000000 00000000 00000000 00000000 00000000 00000000 00000000 0000001f 0
40000528 00000000 00000000 400559e8 0000abab 400574b4 400575c4 3fcedf84 3fcee378 400578ac 00000000 00000000 00000000 00000000 00000000 00000000 00000000 0000001f 0
4000052a 00000000 00000000 400559e8 0000abab 400574b4 400575c4 3fcedf84 3fcee378 400578b0 00000000 00000000 00000000 00000000 00000000 00000000 00000000 0000001f 0
40000522 00000000 00000000 400559e8 0000abab 400574b4 400575c4 3fcedf84 3fcee378 400578b0 00000000 00000000 00000000 00000000 00000000 00000000 00000000 0000001f 0
40000524 00000000 00000000 400559e8 0000abab 400574b4 400575c4 3fcedf84 3fcee378 400578b0 00000000 00000000 00000000 00000000 00000000 00000000 00000000 0000001f 0
40000526 00000000 00000000 400559e8 0000abab 400574b4 400575c4 3fcedf84 3fcee378 400578b0 00000000 00000000 00000000 00000000 00000000 00000000 00000000 0000001f 0
40000528 00000000 00000000 400559e8 0000abab 400574b4 400575c4 3fcedf88 3fcee378 400578b0 00000000 00000000 00000000 00000000 00000000 00000000 00000000 0000001f 0
4000052a 00000000 00000000 400559e8 0000abab 400574b4 400575c4 3fcedf88 3fcee378 400578b4 00000000 00000000 00000000 00000000 00000000 00000000 00000000 0000001f 0
40000522 00000000 00000000 400559e8 0000abab 400574b4 400575c4 3fcedf88 3fcee378 400578b4 00000000 00000000 00000000 00000000 00000000 00000000 00000000 0000001f 0
40000524 00000000 00000000 400559e8 0000abab 400574b4 400575c4 3fcedf88 3fcee378 400578b4 00000000 00000000 00000000 00000000 00000000 00000000 00000000 0000001f 0
40000526 00000000 00000000 400559e8 0000abab 400574b4 400575c4 3fcedf88 3fcee378 400578b4 00000000 00000000 00000000 00000000 00000000 00000000 00000000 0000001f 0
40000528 00000000 00000000 400559e8 0000abab 400574b4 400575c4 3fcedf8c 3fcee378 400578b4 00000000 00000000 00000000 00000000 00000000 00000000 00000000 0000001f 0
4000052a 00000000 00000000 400559e8 0000abab 400574b4 400575c4 3fcedf8c 3fcee378 400578b8 00000000 00000000 00000000 00000000 00000000 00000000 00000000 0000001f 0
40000522 00000000 00000000 400559e8 0000abab 400574b4 400575c4 3fcedf8c 3fcee378 400578b8 00000000 00000000 00000000 00000000 00000000 00000000 00000000 0000001f 0
40000524 00000000 00000000 400559e8 0000abab 400574b4 400575c4 3fcedf8c 3fcee378 400578b8 00000000 00000000 00000000 00000000 00000000 00000000 00000000 0000001f 0
40000526 00000000 00000000 400559e8 0000abab 400574b4 400575c4 3fcedf8c 3fcee378 400578b8 00000000 00000000 00000000 00000000 00000000 00000000 00000000 0000001f 0
40000528 00000000 00000000 400559e8 0000abab 400574b4 400575c4 3fcedf90 3fcee378 400578b8 00000000 00000000 00000000 00000000 00000000 00000000 00000000 0000001f 0
4000052a 00000000 00000000 400559e8 0000abab 400574b4 400575c4 3fcedf90 3fcee378 400578bc 00000000 00000000 00000000 00000000 00000000 00000000 00000000 0000001f 0
40000522 00000000 00000000 400559e8 0000abab 400574b4 400575c4 3fcedf90 3fcee378 400578bc 00000000 00000000 00000000 00000000 00000000 00000000 00000000 0000001f 0
40000524 00000000 00000000 400559e8 0000abab 400574b4 400575c4 3fcedf90 3fcee378 400578bc 00000000 00000000 00000000 00000000 00000000 00000000 00000000 0000001f 0
40000526 00000000 00000000 400559e8 0000abab 400574b4 400575c4 3fcedf90 3fcee378 400578bc 00000000 00000000 00000000 00000000 00000000 00000000 00000000 0000001f 0
40000528 00000000 00000000 400559e8 0000abab 400574b4 400575c4 3fcedf94 3fcee378 400578bc 00000000 00000000 00000000 00000000 00000000 00000000 00000000 0000001f 0
4000052a 00000000 00000000 400559e8 0000abab 400574b4 400575c4 3fcedf94 3fcee378 400578c0 00000000 00000000 00000000 00000000 00000000 00000000 00000000 0000001f 0
40000522 00000000 00000000 400559e8 0000abab 400574b4 400575c4 3fcedf94 3fcee378 400578c0 00000000 00000000 00000000 00000000 00000000 00000000 00000000 0000001f 0
40000524 00000000 00000000 400559e8 0000abab 400574b4 400575c4 3fcedf94 3fcee378 400578c0 00000000 00000000 00000000 00000000 00000000 00000000 00000000 0000001f 0
40000526 00000000 00000000 400559e8 0000abab 400574b4 400575c4 3fcedf94 3fcee378 400578c0 00000000 00000000 00000000 00000000 00000000 00000000 00000000 0000001f 0
40000528 00000000 00000000 400559e8 0000abab 400574b4 400575c4 3fcedf98 3fcee378 400578c0 00000000 00000000 00000000 00000000 00000000 00000000 00000000 0000001f 0
4000052a 00000000 00000000 400559e8 0000abab 400574b4 400575c4 3fcedf98 3fcee378 400578c4 00000000 00000000 00000000 00000000 00000000 00000000 00000000 0000001f 0
40000522 00000000 00000000 400559e8 0000abab 400574b4 400575c4 3fcedf98 3fcee378 400578c4 00000000 00000000 00000000 00000000 00000000 00000000 00000000 0000001f 0
40000524 00000000 00000000 40034de4 0000abab 400574b4 400575c4 3fcedf98 3fcee378 400578c4 00000000 00000000 00000000 00000000 00000000 00000000 00000000 0000001f 0
40000526 00000000 00000000 40034de4 0000abab 400574b4 400575c4 3fcedf98 3fcee378 400578c4 00000000 00000000 00000000 00000000 00000000 00000000 00000000 0000001f 0
40000528 00000000 00000000 40034de4 0000abab 400574b4 400575c4 3fcedf9c 3fcee378 400578c4 00000000 00000000 00000000 00000000 00000000 00000000 00000000 0000001f 0
4000052a 00000000 00000000 40034de4 0000abab 400574b4 400575c4 3fcedf9c 3fcee378 400578c8 00000000 00000000 00000000 00000000 00000000 00000000 00000000 0000001f 0
40000522 00000000 00000000 40034de4 0000abab 400574b4 400575c4 3fcedf9c 3fcee378 400578c8 00000000 00000000 00000000 00000000 00000000 00000000 00000000 0000001f 0
40000524 00000000 00000000 40034de4 0000abab 400574b4 400575c4 3fcedf9c 3fcee378 400578c8 00000000 00000000 00000000 00000000 00000000 00000000 00000000 0000001f 0
40000526 00000000 00000000 40034de4 0000abab 400574b4 400575c4 3fcedf9c 3fcee378 400578c8 00000000 00000000 00000000 00000000 00000000 00000000 00000000 0000001f 0
40000528 00000000 00000000 40034de4 0000abab 400574b4 400575c4 3fcedfa0 3fcee378 400578c8 00000000 00000000 00000000 00000000 00000000 00000000 00000000 0000001f 0
4000052a 00000000 00000000 40034de4 0000abab 400574b4 400575c4 3fcedfa0 3fcee378 400578cc 00000000 00000000 00000000 00000000 00000000 00000000 00000000 0000001f 0
40000522 00000000 00000000 40034de4 0000abab 400574b4 400575c4 3fcedfa0 3fcee378 400578cc 00000000 00000000 00000000 00000000 00000000 00000000 00000000 0000001f 0
40000524 00000000 00000000 40034de4 0000abab 400574b4 400575c4 3fcedfa0 3fcee378 400578cc 00000000 00000000 00000000 00000000 00000000 00000000 00000000 0000001f 0
40000526 00000000 00000000 40034de4 0000abab 400574b4 400575c4 3fcedfa0 3fcee378 400578cc 00000000 00000000 00000000 00000000 00000000 00000000 00000000 0000001f 0
40000528 00000000 00000000 40034de4 0000abab 400574b4 400575c4 3fcedfa4 3fcee378 400578cc 00000000 00000000 00000000 00000000 00000000 00000000 00000000 0000001f 0
4000052a 00000000 00000000 40034de4 0000abab 400574b4 400575c4 3fcedfa4 3fcee378 400578d0 00000000 00000000 00000000 00000000 00000000 00000000 00000000 0000001f 0
40000522 00000000 00000000 40034de4 0000abab 400574b4 400575c4 3fcedfa4 3fcee378 400578d0 00000000 00000000 00000000 00000000 00000000 00000000 00000000 0000001f 0
40000524 00000000 00000000 40034de4 0000abab 400574b4 400575c4 3fcedfa4 3fcee378 400578d0 00000000 00000000 00000000 00000000 00000000 00000000 00000000 0000001f 0
40000526 00000000 00000000 40034de4 0000abab 400574b4 400575c4 3fcedfa4 3fcee378 400578d0 00000000 00000000 00000000 00000000 00000000 00000000 00000000 0000001f 0
40000528 00000000 00000000 40034de4 0000abab 400574b4 400575c4 3fcedfa8 3fcee378 400578d0 00000000 00000000 00000000 00000000 00000000 00000000 00000000 0000001f 0
4000052a 00000000 00000000 40034de4 0000abab 400574b4 400575c4 3fcedfa8 3fcee378 400578d4 00000000 00000000 00000000 00000000 00000000 00000000 00000000 0000001f 0
40000522 00000000 00000000 40034de4 0000abab 400574b4 400575c4 3fcedfa8 3fcee378 400578d4 00000000 00000000 00000000 00000000 00000000 00000000 00000000 0000001f 0
40000524 00000000 00000000 400559e8 0000abab 400574b4 400575c4 3fcedfa8 3fcee378 400578d4 00000000 00000000 00000000 00000000 00000000 00000000 00000000 0000001f 0
40000526 00000000 00000000 400559e8 0000abab 400574b4 400575c4 3fcedfa8 3fcee378 400578d4 00000000 00000000 00000000 00000000 00000000 00000000 00000000 0000001f 0
40000528 00000000 00000000 400559e8 0000abab 400574b4 400575c4 3fcedfac 3fcee378 400578d4 00000000 00000000 00000000 00000000 00000000 00000000 00000000 0000001f 0
4000052a 00000000 00000000 400559e8 0000abab 400574b4 400575c4 3fcedfac 3fcee378 400578d8 00000000 00000000 00000000 00000000 00000000 00000000 00000000 0000001f 0
40000522 00000000 00000000 400559e8 0000abab 400574b4 400575c4 3fcedfac 3fcee378 400578d8 00000000 00000000 00000000 00000000 00000000 00000000 00000000 0000001f 0
40000524 00000000 00000000 400559e8 0000abab 400574b4 400575c4 3fcedfac 3fcee378 400578d8 00000000 00000000 00000000 00000000 00000000 00000000 00000000 0000001f 0
40000526 00000000 00000000 400559e8 0000abab 400574b4 400575c4 3fcedfac 3fcee378 400578d8 00000000 00000000 00000000 00000000 00000000 00000000 00000000 0000001f 0
40000528 00000000 00000000 400559e8 0000abab 400574b4 400575c4 3fcedfb0 3fcee378 400578d8 00000000 00000000 00000000 00000000 00000000 00000000 00000000 0000001f 0
4000052a 00000000 00000000 400559e8 0000abab 400574b4 400575c4 3fcedfb0 3fcee378 400578dc 00000000 00000000 00000000 00000000 00000000 00000000 00000000 0000001f 0
40000522 00000000 00000000 400559e8 0000abab 400574b4 400575c4 3fcedfb0 3fcee378 400578dc 00000000 00000000 00000000 00000000 00000000 00000000 00000000 0000001f 0
40000524 00000000 00000000 400559e8 0000abab 400574b4 400575c4 3fcedfb0 3fcee378 400578dc 00000000 00000000 00000000 00000000 00000000 00000000 00000000 0000001f 0
40000526 00000000 00000000 400559e8 0000abab 400574b4 400575c4 3fcedfb0 3fcee378 400578dc 00000000 00000000 00000000 00000000 00000000 00000000 00000000 0000001f 0
40000528 00000000 00000000 400559e8 0000abab 400574b4 400575c4 3fcedfb4 3fcee378 400578dc 00000000 00000000 00000000 00000000 00000000 00000000 00000000 0000001f 0
4000052a 00000000 00000000 400559e8 0000abab 400574b4 400575c4 3fcedfb4 3fcee378 400578e0 00000000 00000000 00000000 00000000 00000000 00000000 00000000 0000001f 0
40000522 00000000 00000000 400559e8 0000abab 400574b4 400575c4 3fcedfb4 3fcee378 400578e0 00000000 00000000 00000000 00000000 00000000 00000000 00000000 0000001f 0
40000524 00000000 00000000 400559e8 0000abab 400574b4 400575c4 3fcedfb4 3fcee378 400578e0 00000000 00000000 00000000 00000000 00000000 00000000 00000000 0000001f 0
40000526 00000000 00000000 400559e8 0000abab 400574b4 400575c4 3fcedfb4 3fcee378 400578e0 00000000 00000000 00000000 00000000 00000000 00000000 00000000 0000001f 0
40000528 00000000 00000000 400559e8 0000abab 400574b4 400575c4 3fcedfb8 3fcee378 400578e0 00000000 00000000 00000000 00000000 00000000 00000000 00000000 0000001f 0
4000052a 00000000 00000000 400559e8 0000abab 400574b4 400575c4 3fcedfb8 3fcee378 400578e4 00000000 00000000 00000000 00000000 00000000 00000000 00000000 0000001f 0
40000522 00000000 00000000 400559e8 0000abab 400574b4 400575c4 3fcedfb8 3fcee378 400578e4 00000000 00000000 00000000 00000000 00000000 00000000 00000000 0000001f 0
40000524 00000000 00000000 400559e8 0000abab 400574b4 400575c4 3fcedfb8 3fcee378 400578e4 00000000 00000000 00000000 00000000 00000000 00000000 00000000 0000001f 0
40000526 00000000 00000000 400559e8 0000abab 400574b4 400575c4 3fcedfb8 3fcee378 400578e4 00000000 00000000 00000000 00000000 00000000 00000000 00000000 0000001f 0
40000528 00000000 00000000 400559e8 0000abab 400574b4 400575c4 3fcedfbc 3fcee378 400578e4 00000000 00000000 00000000 00000000 00000000 00000000 00000000 0000001f 0
4000052a 00000000 00000000 400559e8 0000abab 400574b4 400575c4 3fcedfbc 3fcee378 400578e8 00000000 00000000 00000000 00000000 00000000 00000000 00000000 0000001f 0
40000522 00000000 00000000 400559e8 0000abab 400574b4 400575c4 3fcedfbc 3fcee378 400578e8 00000000 00000000 00000000 00000000 00000000 00000000 00000000 0000001f 0
40000524 00000000 00000000 400559e8 0000abab 400574b4 400575c4 3fcedfbc 3fcee378 400578e8 00000000 00000000 00000000 00000000 00000000 00000000 00000000 0000001f 0
40000526 00000000 00000000 400559e8 0000abab 400574b4 400575c4 3fcedfbc 3fcee378 400578e8 00000000 00000000 00000000 00000000 00000000 00000000 00000000 0000001f 0
40000528 00000000 00000000 400559e8 0000abab 400574b4 400575c4 3fcedfc0 3fcee378 400578e8 00000000 00000000 00000000 00000000 00000000 00000000 00000000 0000001f 0
4000052a 00000000 00000000 400559e8 0000abab 400574b4 400575c4 3fcedfc0 3fcee378 400578ec 00000000 00000000 00000000 00000000 00000000 00000000 00000000 0000001f 0
40000522 00000000 00000000 400559e8 0000abab 400574b4 400575c4 3fcedfc0 3fcee378 400578ec 00000000 00000000 00000000 00000000 00000000 00000000 00000000 0000001f 0
40000524 00000000 00000000 400559e8 0000abab 400574b4 400575c4 3fcedfc0 3fcee378 400578ec 00000000 00000000 00000000 00000000 00000000 00000000 00000000 0000001f 0
40000526 00000000 00000000 400559e8 0000abab 400574b4 400575c4 3fcedfc0 3fcee378 400578ec 00000000 00000000 00000000 00000000 00000000 00000000 00000000 0000001f 0
40000528 00000000 00000000 400559e8 0000abab 400574b4 400575c4 3fcedfc4 3fcee378 400578ec 00000000 00000000 00000000 00000000 00000000 00000000 00000000 0000001f 0
4000052a 00000000 00000000 400559e8 0000abab 400574b4 400575c4 3fcedfc4 3fcee378 400578f0 00000000 00000000 00000000 00000000 00000000 00000000 00000000 0000001f 0
40000522 00000000 00000000 400559e8 0000abab 400574b4 400575c4 3fcedfc4 3fcee378 400578f0 00000000 00000000 00000000 00000000 00000000 00000000 00000000 0000001f 0
40000524 00000000 00000000 400559e8 0000abab 400574b4 400575c4 3fcedfc4 3fcee378 400578f0 00000000 00000000 00000000 00000000 00000000 00000000 00000000 0000001f 0
40000526 00000000 00000000 400559e8 0000abab 400574b4 400575c4 3fcedfc4 3fcee378 400578f0 00000000 00000000 00000000 00000000 00000000 00000000 00000000 0000001f 0
40000528 00000000 00000000 400559e8 0000abab 400574b4 400575c4 3fcedfc8 3fcee378 400578f0 00000000 00000000 00000000 00000000 00000000 00000000 00000000 0000001f 0
4000052a 00000000 00000000 400559e8 0000abab 400574b4 400575c4 3fcedfc8 3fcee378 400578f4 00000000 00000000 00000000 00000000 00000000 00000000 00000000 0000001f 0
40000522 00000000 00000000 400559e8 0000abab 400574b4 400575c4 3fcedfc8 3fcee378 400578f4 00000000 00000000 00000000 00000000 00000000 00000000 00000000 0000001f 0
40000524 00000000 00000000 400559e8 0000abab 400574b4 400575c4 3fcedfc8 3fcee378 400578f4 00000000 00000000 00000000 00000000 00000000 00000000 00000000 0000001f 0
40000526 00000000 00000000 400559e8 0000abab 400574b4 400575c4 3fcedfc8 3fcee378 400578f4 00000000 00000000 00000000 00000000 00000000 00000000 00000000 0000001f 0
40000528 00000000 00000000 400559e8 0000abab 400574b4 400575c4 3fcedfcc 3fcee378 400578f4 00000000 00000000 00000000 00000000 00000000 00000000 00000000 0000001f 0
4000052a 00000000 00000000 400559e8 0000abab 400574b4 400575c4 3fcedfcc 3fcee378 400578f8 00000000 00000000 00000000 00000000 00000000 00000000 00000000 0000001f 0
40000522 00000000 00000000 400559e8 0000abab 400574b4 400575c4 3fcedfcc 3fcee378 400578f8 00000000 00000000 00000000 00000000 00000000 00000000 00000000 0000001f 0
40000524 00000000 00000000 400559e8 0000abab 400574b4 400575c4 3fcedfcc 3fcee378 400578f8 00000000 00000000 00000000 00000000 00000000 00000000 00000000 0000001f 0
40000526 00000000 00000000 400559e8 0000abab 400574b4 400575c4 3fcedfcc 3fcee378 400578f8 00000000 00000000 00000000 00000000 00000000 00000000 00000000 0000001f 0
40000528 00000000 00000000 400559e8 0000abab 400574b4 400575c4 3fcedfd0 3fcee378 400578f8 00000000 00000000 00000000 00000000 00000000 00000000 00000000 0000001f 0
4000052a 00000000 00000000 400559e8 0000abab 400574b4 400575c4 3fcedfd0 3fcee378 400578fc 00000000 00000000 00000000 00000000 00000000 00000000 00000000 0000001f 0
40000522 00000000 00000000 400559e8 0000abab 400574b4 400575c4 3fcedfd0 3fcee378 400578fc 00000000 00000000 00000000 00000000 00000000 00000000 00000000 0000001f 0
40000524 00000000 00000000 400559e8 0000abab 400574b4 400575c4 3fcedfd0 3fcee378 400578fc 00000000 00000000 00000000 00000000 00000000 00000000 00000000 0000001f 0
40000526 00000000 00000000 400559e8 0000abab 400574b4 400575c4 3fcedfd0 3fcee378 400578fc 00000000 00000000 00000000 00000000 00000000 00000000 00000000 0000001f 0
40000528 00000000 00000000 400559e8 0000abab 400574b4 400575c4 3fcedfd4 3fcee378 400578fc 00000000 00000000 00000000 00000000 00000000 00000000 00000000 0000001f 0
4000052a 00000000 00000000 400559e8 0000abab 400574b4 400575c4 3fcedfd4 3fcee378 40057900 00000000 00000000 00000000 00000000 00000000 00000000 00000000 0000001f 0
40000522 00000000 00000000 400559e8 0000abab 400574b4 400575c4 3fcedfd4 3fcee378 40057900 00000000 00000000 00000000 00000000 00000000 00000000 00000000 0000001f 0
40000524 00000000 00000000 400559e8 0000abab 400574b4 400575c4 3fcedfd4 3fcee378 40057900 00000000 00000000 00000000 00000000 00000000 00000000 00000000 0000001f 0
40000526 00000000 00000000 400559e8 0000abab 400574b4 400575c4 3fcedfd4 3fcee378 40057900 00000000 00000000 00000000 00000000 00000000 00000000 00000000 0000001f 0
40000528 00000000 00000000 400559e8 0000abab 400574b4 400575c4 3fcedfd8 3fcee378 40057900 00000000 00000000 00000000 00000000 00000000 00000000 00000000 0000001f 0
4000052a 00000000 00000000 400559e8 0000abab 400574b4 400575c4 3fcedfd8 3fcee378 40057904 00000000 00000000 00000000 00000000 00000000 00000000 00000000 0000001f 0
40000522 00000000 00000000 400559e8 0000abab 400574b4 400575c4 3fcedfd8 3fcee378 40057904 00000000 00000000 00000000 00000000 00000000 00000000 00000000 0000001f 0
40000524 00000000 00000000 400559e8 0000abab 400574b4 400575c4 3fcedfd8 3fcee378 40057904 00000000 00000000 00000000 00000000 00000000 00000000 00000000 0000001f 0
40000526 00000000 00000000 400559e8 0000abab 400574b4 400575c4 3fcedfd8 3fcee378 40057904 00000000 00000000 00000000 00000000 00000000 00000000 00000000 0000001f 0
40000528 00000000 00000000 400559e8 0000abab 400574b4 400575c4 3fcedfdc 3fcee378 40057904 00000000 00000000 00000000 00000000 00000000 00000000 00000000 0000001f 0
4000052a 00000000 00000000 400559e8 0000abab 400574b4 400575c4 3fcedfdc 3fcee378 40057908 00000000 00000000 00000000 00000000 00000000 00000000 00000000 0000001f 0
40000522 00000000 00000000 400559e8 0000abab 400574b4 400575c4 3fcedfdc 3fcee378 40057908 00000000 00000000 00000000 00000000 00000000 00000000 00000000 0000001f 0
40000524 00000000 00000000 400559e8 0000abab 400574b4 400575c4 3fcedfdc 3fcee378 40057908 00000000 00000000 00000000 00000000 00000000 00000000 00000000 0000001f 0
40000526 00000000 00000000 400559e8 0000abab 400574b4 400575c4 3fcedfdc 3fcee378 40057908 00000000 00000000 00000000 00000000 00000000 00000000 00000000 0000001f 0
40000528 00000000 00000000 400559e8 0000abab 400574b4 400575c4 3fcedfe0 3fcee378 40057908 00000000 00000000 00000000 00000000 00000000 00000000 00000000 0000001f 0
4000052a 00000000 00000000 400559e8 0000abab 400574b4 400575c4 3fcedfe0 3fcee378 4005790c 00000000 00000000 00000000 00000000 00000000 00000000 00000000 0000001f 0
40000522 00000000 00000000 400559e8 0000abab 400574b4 400575c4 3fcedfe0 3fcee378 4005790c 00000000 00000000 00000000 00000000 00000000 00000000 00000000 0000001f 0
40000524 00000000 00000000 400559e8 0000abab 400574b4 400575c4 3fcedfe0 3fcee378 4005790c 00000000 00000000 00000000 00000000 00000000 00000000 00000000 0000001f 0
40000526 00000000 00000000 400559e8 0000abab 400574b4 400575c4 3fcedfe0 3fcee378 4005790c 00000000 00000000 00000000 00000000 00000000 00000000 00000000 0000001f 0
40000528 00000000 00000000 400559e8 0000abab 400574b4 400575c4 3fcedfe4 3fcee378 4005790c 00000000 00000000 00000000 00000000 00000000 00000000 00000000 0000001f 0
4000052a 00000000 00000000 400559e8 0000abab 400574b4 400575c4 3fcedfe4 3fcee378 40057910 00000000 00000000 00000000 00000000 00000000 00000000 00000000 0000001f 0
40000522 00000000 00000000 400559e8 0000abab 400574b4 400575c4 3fcedfe4 3fcee378 40057910 00000000 00000000 00000000 00000000 00000000 00000000 00000000 0000001f 0
40000524 00000000 00000000 400559e8 0000abab 400574b4 400575c4 3fcedfe4 3fcee378 40057910 00000000 00000000 00000000 00000000 00000000 00000000 00000000 0000001f 0
40000526 00000000 00000000 400559e8 0000abab 400574b4 400575c4 3fcedfe4 3fcee378 40057910 00000000 00000000 00000000 00000000 00000000 00000000 00000000 0000001f 0
40000528 00000000 00000000 400559e8 0000abab 400574b4 400575c4 3fcedfe8 3fcee378 40057910 00000000 00000000 00000000 00000000 00000000 00000000 00000000 0000001f 0
4000052a 00000000 00000000 400559e8 0000abab 400574b4 400575c4 3fcedfe8 3fcee378 40057914 00000000 00000000 00000000 00000000 00000000 00000000 00000000 0000001f 0
40000522 00000000 00000000 400559e8 0000abab 400574b4 400575c4 3fcedfe8 3fcee378 40057914 00000000 00000000 00000000 00000000 00000000 00000000 00000000 0000001f 0
40000524 00000000 00000000 400559e8 0000abab 400574b4 400575c4 3fcedfe8 3fcee378 40057914 00000000 00000000 00000000 00000000 00000000 00000000 00000000 0000001f 0
40000526 00000000 00000000 400559e8 0000abab 400574b4 400575c4 3fcedfe8 3fcee378 40057914 00000000 00000000 00000000 00000000 00000000 00000000 00000000 0000001f 0
40000528 00000000 00000000 400559e8 0000abab 400574b4 400575c4 3fcedfec 3fcee378 40057914 00000000 00000000 00000000 00000000 00000000 00000000 00000000 0000001f 0
4000052a 00000000 00000000 400559e8 0000abab 400574b4 400575c4 3fcedfec 3fcee378 40057918 00000000 00000000 00000000 00000000 00000000 00000000 00000000 0000001f 0
40000522 00000000 00000000 400559e8 0000abab 400574b4 400575c4 3fcedfec 3fcee378 40057918 00000000 00000000 00000000 00000000 00000000 00000000 00000000 0000001f 0
40000524 00000000 00000000 400559e8 0000abab 400574b4 400575c4 3fcedfec 3fcee378 40057918 00000000 00000000 00000000 00000000 00000000 00000000 00000000 0000001f 0
40000526 00000000 00000000 400559e8 0000abab 400574b4 400575c4 3fcedfec 3fcee378 40057918 00000000 00000000 00000000 00000000 00000000 00000000 00000000 0000001f 0
40000528 00000000 00000000 400559e8 0000abab 400574b4 400575c4 3fcedff0 3fcee378 40057918 00000000 00000000 00000000 00000000 00000000 00000000 00000000 0000001f 0
4000052a 00000000 00000000 400559e8 0000abab 400574b4 400575c4 3fcedff0 3fcee378 4005791c 00000000 00000000 00000000 00000000 00000000 00000000 00000000 0000001f 0
40000522 00000000 00000000 400559e8 0000abab 400574b4 400575c4 3fcedff0 3fcee378 4005791c 00000000 00000000 00000000 00000000 00000000 00000000 00000000 0000001f 0
40000524 00000000 00000000 400559e8 0000abab 400574b4 400575c4 3fcedff0 3fcee378 4005791c 00000000 00000000 00000000 00000000 00000000 00000000 00000000 0000001f 0
40000526 00000000 00000000 400559e8 0000abab 400574b4 400575c4 3fcedff0 3fcee378 4005791c 00000000 00000000 00000000 00000000 00000000 00000000 00000000 0000001f 0
40000528 00000000 00000000 400559e8 0000abab 400574b4 400575c4 3fcedff4 3fcee378 4005791c 00000000 00000000 00000000 00000000 00000000 00000000 00000000 0000001f 0
4000052a 00000000 00000000 400559e8 0000abab 400574b4 400575c4 3fcedff4 3fcee378 40057920 00000000 00000000 00000000 00000000 00000000 00000000 00000000 0000001f 0
40000522 00000000 00000000 400559e8 0000abab 400574b4 400575c4 3fcedff4 3fcee378 40057920 00000000 00000000 00000000 00000000 00000000 00000000 00000000 0000001f 0
40000524 00000000 00000000 400559e8 0000abab 400574b4 400575c4 3fcedff4 3fcee378 40057920 00000000 00000000 00000000 00000000 00000000 00000000 00000000 0000001f 0
40000526 00000000 00000000 400559e8 0000abab 400574b4 400575c4 3fcedff4 3fcee378 40057920 00000000 00000000 00000000 00000000 00000000 00000000 00000000 0000001f 0
40000528 00000000 00000000 400559e8 0000abab 400574b4 400575c4 3fcedff8 3fcee378 40057920 00000000 00000000 00000000 00000000 00000000 00000000 00000000 0000001f 0
4000052a 00000000 00000000 400559e8 0000abab 400574b4 400575c4 3fcedff8 3fcee378 40057924 00000000 00000000 00000000 00000000 00000000 00000000 00000000 0000001f 0
40000522 00000000 00000000 400559e8 0000abab 400574b4 400575c4 3fcedff8 3fcee378 40057924 00000000 00000000 00000000 00000000 00000000 00000000 00000000 0000001f 0
40000524 00000000 00000000 400559e8 0000abab 400574b4 400575c4 3fcedff8 3fcee378 40057924 00000000 00000000 00000000 00000000 00000000 00000000 00000000 0000001f 0
40000526 00000000 00000000 400559e8 0000abab 400574b4 400575c4 3fcedff8 3fcee378 40057924 00000000 00000000 00000000 00000000 00000000 00000000 00000000 0000001f 0
40000528 00000000 00000000 400559e8 0000abab 400574b4 400575c4 3fcedffc 3fcee378 40057924 00000000 00000000 00000000 00000000 00000000 00000000 00000000 0000001f 0
4000052a 00000000 00000000 400559e8 0000abab 400574b4 400575c4 3fcedffc 3fcee378 40057928 00000000 00000000 00000000 00000000 00000000 00000000 00000000 0000001f 0
40000522 00000000 00000000 400559e8 0000abab 400574b4 400575c4 3fcedffc 3fcee378 40057928 00000000 00000000 00000000 00000000 00000000 00000000 00000000 0000001f 0
40000524 00000000 00000000 400559e8 0000abab 400574b4 400575c4 3fcedffc 3fcee378 40057928 00000000 00000000 00000000 00000000 00000000 00000000 00000000 0000001f 0
40000526 00000000 00000000 400559e8 0000abab 400574b4 400575c4 3fcedffc 3fcee378 40057928 00000000 00000000 00000000 00000000 00000000 00000000 00000000 0000001f 0
40000528 00000000 00000000 400559e8 0000abab 400574b4 400575c4 3fcee000 3fcee378 40057928 00000000 00000000 00000000 00000000 00000000 00000000 00000000 0000001f 0
4000052a 00000000 00000000 400559e8 0000abab 400574b4 400575c4 3fcee000 3fcee378 4005792c 00000000 00000000 00000000 00000000 00000000 00000000 00000000 0000001f 0
40000522 00000000 00000000 400559e8 0000abab 400574b4 400575c4 3fcee000 3fcee378 4005792c 00000000 00000000 00000000 00000000 00000000 00000000 00000000 0000001f 0
40000524 00000000 00000000 400559e8 0000abab 400574b4 400575c4 3fcee000 3fcee378 4005792c 00000000 00000000 00000000 00000000 00000000 00000000 00000000 0000001f 0
40000526 00000000 00000000 400559e8 0000abab 400574b4 400575c4 3fcee000 3fcee378 4005792c 00000000 00000000 00000000 00000000 00000000 00000000 00000000 0000001f 0
40000528 00000000 00000000 400559e8 0000abab 400574b4 400575c4 3fcee004 3fcee378 4005792c 00000000 00000000 00000000 00000000 00000000 00000000 00000000 0000001f 0
4000052a 00000000 00000000 400559e8 0000abab 400574b4 400575c4 3fcee004 3fcee378 40057930 00000000 00000000 00000000 00000000 00000000 00000000 00000000 0000001f 0
40000522 00000000 00000000 400559e8 0000abab 400574b4 400575c4 3fcee004 3fcee378 40057930 00000000 00000000 00000000 00000000 00000000 00000000 00000000 0000001f 0
40000524 00000000 00000000 400559e8 0000abab 400574b4 400575c4 3fcee004 3fcee378 40057930 00000000 00000000 00000000 00000000 00000000 00000000 00000000 0000001f 0
40000526 00000000 00000000 400559e8 0000abab 400574b4 400575c4 3fcee004 3fcee378 40057930 00000000 00000000 00000000 00000000 00000000 00000000 00000000 0000001f 0
40000528 00000000 00000000 400559e8 0000abab 400574b4 400575c4 3fcee008 3fcee378 40057930 00000000 00000000 00000000 00000000 00000000 00000000 00000000 0000001f 0
4000052a 00000000 00000000 400559e8 0000abab 400574b4 400575c4 3fcee008 3fcee378 40057934 00000000 00000000 00000000 00000000 00000000 00000000 00000000 0000001f 0
40000522 00000000 00000000 400559e8 0000abab 400574b4 400575c4 3fcee008 3fcee378 40057934 00000000 00000000 00000000 00000000 00000000 00000000 00000000 0000001f 0
40000524 00000000 00000000 400559e8 0000abab 400574b4 400575c4 3fcee008 3fcee378 40057934 00000000 00000000 00000000 00000000 00000000 00000000 00000000 0000001f 0
40000526 00000000 00000000 400559e8 0000abab 400574b4 400575c4 3fcee008 3fcee378 40057934 00000000 00000000 00000000 00000000 00000000 00000000 00000000 0000001f 0
40000528 00000000 00000000 400559e8 0000abab 400574b4 400575c4 3fcee00c 3fcee378 40057934 00000000 00000000 00000000 00000000 00000000 00000000 00000000 0000001f 0
4000052a 00000000 00000000 400559e8 0000abab 400574b4 400575c4 3fcee00c 3fcee378 40057938 00000000 00000000 00000000 00000000 00000000 00000000 00000000 0000001f 0
40000522 00000000 00000000 400559e8 0000abab 400574b4 400575c4 3fcee00c 3fcee378 40057938 00000000 00000000 00000000 00000000 00000000 00000000 00000000 0000001f 0
40000524 00000000 00000000 400559e8 0000abab 400574b4 400575c4 3fcee00c 3fcee378 40057938 00000000 00000000 00000000 00000000 00000000 00000000 00000000 0000001f 0
40000526 00000000 00000000 400559e8 0000abab 400574b4 400575c4 3fcee00c 3fcee378 40057938 00000000 00000000 00000000 00000000 00000000 00000000 00000000 0000001f 0
40000528 00000000 00000000 400559e8 0000abab 400574b4 400575c4 3fcee010 3fcee378 40057938 00000000 00000000 00000000 00000000 00000000 00000000 00000000 0000001f 0
4000052a 00000000 00000000 400559e8 0000abab 400574b4 400575c4 3fcee010 3fcee378 4005793c 00000000 00000000 00000000 00000000 00000000 00000000 00000000 0000001f 0
40000522 00000000 00000000 400559e8 0000abab 400574b4 400575c4 3fcee010 3fcee378 4005793c 00000000 00000000 00000000 00000000 00000000 00000000 00000000 0000001f 0
40000524 00000000 00000000 400559e8 0000abab 400574b4 400575c4 3fcee010 3fcee378 4005793c 00000000 00000000 00000000 00000000 00000000 00000000 00000000 0000001f 0
40000526 00000000 00000000 400559e8 0000abab 400574b4 400575c4 3fcee010 3fcee378 4005793c 00000000 00000000 00000000 00000000 00000000 00000000 00000000 0000001f 0
40000528 00000000 00000000 400559e8 0000abab 400574b4 400575c4 3fcee014 3fcee378 4005793c 00000000 00000000 00000000 00000000 00000000 00000000 00000000 0000001f 0
4000052a 00000000 00000000 400559e8 0000abab 400574b4 400575c4 3fcee014 3fcee378 40057940 00000000 00000000 00000000 00000000 00000000 00000000 00000000 0000001f 0
40000522 00000000 00000000 400559e8 0000abab 400574b4 400575c4 3fcee014 3fcee378 40057940 00000000 00000000 00000000 00000000 00000000 00000000 00000000 0000001f 0
40000524 00000000 00000000 400559e8 0000abab 400574b4 400575c4 3fcee014 3fcee378 40057940 00000000 00000000 00000000 00000000 00000000 00000000 00000000 0000001f 0
40000526 00000000 00000000 400559e8 0000abab 400574b4 400575c4 3fcee014 3fcee378 40057940 00000000 00000000 00000000 00000000 00000000 00000000 00000000 0000001f 0
40000528 00000000 00000000 400559e8 0000abab 400574b4 400575c4 3fcee018 3fcee378 40057940 00000000 00000000 00000000 00000000 00000000 00000000 00000000 0000001f 0
4000052a 00000000 00000000 400559e8 0000abab 400574b4 400575c4 3fcee018 3fcee378 40057944 00000000 00000000 00000000 00000000 00000000 00000000 00000000 0000001f 0
40000522 00000000 00000000 400559e8 0000abab 400574b4 400575c4 3fcee018 3fcee378 40057944 00000000 00000000 00000000 00000000 00000000 00000000 00000000 0000001f 0
40000524 00000000 00000000 400559e8 0000abab 400574b4 400575c4 3fcee018 3fcee378 40057944 00000000 00000000 00000000 00000000 00000000 00000000 00000000 0000001f 0
40000526 00000000 00000000 400559e8 0000abab 400574b4 400575c4 3fcee018 3fcee378 40057944 00000000 00000000 00000000 00000000 00000000 00000000 00000000 0000001f 0
40000528 00000000 00000000 400559e8 0000abab 400574b4 400575c4 3fcee01c 3fcee378 40057944 00000000 00000000 00000000 00000000 00000000 00000000 00000000 0000001f 0
4000052a 00000000 00000000 400559e8 0000abab 400574b4 400575c4 3fcee01c 3fcee378 40057948 00000000 00000000 00000000 00000000 00000000 00000000 00000000 0000001f 0
40000522 00000000 00000000 400559e8 0000abab 400574b4 400575c4 3fcee01c 3fcee378 40057948 00000000 00000000 00000000 00000000 00000000 00000000 00000000 0000001f 0
40000524 00000000 00000000 400559e8 0000abab 400574b4 400575c4 3fcee01c 3fcee378 40057948 00000000 00000000 00000000 00000000 00000000 00000000 00000000 0000001f 0
40000526 00000000 00000000 400559e8 0000abab 400574b4 400575c4 3fcee01c 3fcee378 40057948 00000000 00000000 00000000 00000000 00000000 00000000 00000000 0000001f 0
40000528 00000000 00000000 400559e8 0000abab 400574b4 400575c4 3fcee020 3fcee378 40057948 00000000 00000000 00000000 00000000 00000000 00000000 00000000 0000001f 0
4000052a 00000000 00000000 400559e8 0000abab 400574b4 400575c4 3fcee020 3fcee378 4005794c 00000000 00000000 00000000 00000000 00000000 00000000 00000000 0000001f 0
40000522 00000000 00000000 400559e8 0000abab 400574b4 400575c4 3fcee020 3fcee378 4005794c 00000000 00000000 00000000 00000000 00000000 00000000 00000000 0000001f 0
40000524 00000000 00000000 400559e8 0000abab 400574b4 400575c4 3fcee020 3fcee378 4005794c 00000000 00000000 00000000 00000000 00000000 00000000 00000000 0000001f 0
40000526 00000000 00000000 400559e8 0000abab 400574b4 400575c4 3fcee020 3fcee378 4005794c 00000000 00000000 00000000 00000000 00000000 00000000 00000000 0000001f 0
40000528 00000000 00000000 400559e8 0000abab 400574b4 400575c4 3fcee024 3fcee378 4005794c 00000000 00000000 00000000 00000000 00000000 00000000 00000000 0000001f 0
4000052a 00000000 00000000 400559e8 0000abab 400574b4 400575c4 3fcee024 3fcee378 40057950 00000000 00000000 00000000 00000000 00000000 00000000 00000000 0000001f 0
40000522 00000000 00000000 400559e8 0000abab 400574b4 400575c4 3fcee024 3fcee378 40057950 00000000 00000000 00000000 00000000 00000000 00000000 00000000 0000001f 0
40000524 00000000 00000000 400559e8 0000abab 400574b4 400575c4 3fcee024 3fcee378 40057950 00000000 00000000 00000000 00000000 00000000 00000000 00000000 0000001f 0
40000526 00000000 00000000 400559e8 0000abab 400574b4 400575c4 3fcee024 3fcee378 40057950 00000000 00000000 00000000 00000000 00000000 00000000 00000000 0000001f 0
40000528 00000000 00000000 400559e8 0000abab 400574b4 400575c4 3fcee028 3fcee378 40057950 00000000 00000000 00000000 00000000 00000000 00000000 00000000 0000001f 0
4000052a 00000000 00000000 400559e8 0000abab 400574b4 400575c4 3fcee028 3fcee378 40057954 00000000 00000000 00000000 00000000 00000000 00000000 00000000 0000001f 0
40000522 00000000 00000000 400559e8 0000abab 400574b4 400575c4 3fcee028 3fcee378 40057954 00000000 00000000 00000000 00000000 00000000 00000000 00000000 0000001f 0
40000524 00000000 00000000 400559e8 0000abab 400574b4 400575c4 3fcee028 3fcee378 40057954 00000000 00000000 00000000 00000000 00000000 00000000 00000000 0000001f 0
40000526 00000000 00000000 400559e8 0000abab 400574b4 400575c4 3fcee028 3fcee378 40057954 00000000 00000000 00000000 00000000 00000000 00000000 00000000 0000001f 0
40000528 00000000 00000000 400559e8 0000abab 400574b4 400575c4 3fcee02c 3fcee378 40057954 00000000 00000000 00000000 00000000 00000000 00000000 00000000 0000001f 0
4000052a 00000000 00000000 400559e8 0000abab 400574b4 400575c4 3fcee02c 3fcee378 40057958 00000000 00000000 00000000 00000000 00000000 00000000 00000000 0000001f 0
40000522 00000000 00000000 400559e8 0000abab 400574b4 400575c4 3fcee02c 3fcee378 40057958 00000000 00000000 00000000 00000000 00000000 00000000 00000000 0000001f 0
40000524 00000000 00000000 400559e8 0000abab 400574b4 400575c4 3fcee02c 3fcee378 40057958 00000000 00000000 00000000 00000000 00000000 00000000 00000000 0000001f 0
40000526 00000000 00000000 400559e8 0000abab 400574b4 400575c4 3fcee02c 3fcee378 40057958 00000000 00000000 00000000 00000000 00000000 00000000 00000000 0000001f 0
40000528 00000000 00000000 400559e8 0000abab 400574b4 400575c4 3fcee030 3fcee378 40057958 00000000 00000000 00000000 00000000 00000000 00000000 00000000 0000001f 0
4000052a 00000000 00000000 400559e8 0000abab 400574b4 400575c4 3fcee030 3fcee378 4005795c 00000000 00000000 00000000 00000000 00000000 00000000 00000000 0000001f 0
40000522 00000000 00000000 400559e8 0000abab 400574b4 400575c4 3fcee030 3fcee378 4005795c 00000000 00000000 00000000 00000000 00000000 00000000 00000000 0000001f 0
40000524 00000000 00000000 400559e8 0000abab 400574b4 400575c4 3fcee030 3fcee378 4005795c 00000000 00000000 00000000 00000000 00000000 00000000 00000000 0000001f 0
40000526 00000000 00000000 400559e8 0000abab 400574b4 400575c4 3fcee030 3fcee378 4005795c 00000000 00000000 00000000 00000000 00000000 00000000 00000000 0000001f 0
40000528 00000000 00000000 400559e8 0000abab 400574b4 400575c4 3fcee034 3fcee378 4005795c 00000000 00000000 00000000 00000000 00000000 00000000 00000000 0000001f 0
4000052a 00000000 00000000 400559e8 0000abab 400574b4 400575c4 3fcee034 3fcee378 40057960 00000000 00000000 00000000 00000000 00000000 00000000 00000000 0000001f 0
40000522 00000000 00000000 400559e8 0000abab 400574b4 400575c4 3fcee034 3fcee378 40057960 00000000 00000000 00000000 00000000 00000000 00000000 00000000 0000001f 0
40000524 00000000 00000000 400559e8 0000abab 400574b4 400575c4 3fcee034 3fcee378 40057960 00000000 00000000 00000000 00000000 00000000 00000000 00000000 0000001f 0
40000526 00000000 00000000 400559e8 0000abab 400574b4 400575c4 3fcee034 3fcee378 40057960 00000000 00000000 00000000 00000000 00000000 00000000 00000000 0000001f 0
40000528 00000000 00000000 400559e8 0000abab 400574b4 400575c4 3fcee038 3fcee378 40057960 00000000 00000000 00000000 00000000 00000000 00000000 00000000 0000001f 0
4000052a 00000000 00000000 400559e8 0000abab 400574b4 400575c4 3fcee038 3fcee378 40057964 00000000 00000000 00000000 00000000 00000000 00000000 00000000 0000001f 0
40000522 00000000 00000000 400559e8 0000abab 400574b4 400575c4 3fcee038 3fcee378 40057964 00000000 00000000 00000000 00000000 00000000 00000000 00000000 0000001f 0
40000524 00000000 00000000 400559e8 0000abab 400574b4 400575c4 3fcee038 3fcee378 40057964 00000000 00000000 00000000 00000000 00000000 00000000 00000000 0000001f 0
40000526 00000000 00000000 400559e8 0000abab 400574b4 400575c4 3fcee038 3fcee378 40057964 00000000 00000000 00000000 00000000 00000000 00000000 00000000 0000001f 0
40000528 00000000 00000000 400559e8 0000abab 400574b4 400575c4 3fcee03c 3fcee378 40057964 00000000 00000000 00000000 00000000 00000000 00000000 00000000 0000001f 0
4000052a 00000000 00000000 400559e8 0000abab 400574b4 400575c4 3fcee03c 3fcee378 40057968 00000000 00000000 00000000 00000000 00000000 00000000 00000000 0000001f 0
40000522 00000000 00000000 400559e8 0000abab 400574b4 400575c4 3fcee03c 3fcee378 40057968 00000000 00000000 00000000 00000000 00000000 00000000 00000000 0000001f 0
40000524 00000000 00000000 400559e8 0000abab 400574b4 400575c4 3fcee03c 3fcee378 40057968 00000000 00000000 00000000 00000000 00000000 00000000 00000000 0000001f 0
40000526 00000000 00000000 400559e8 0000abab 400574b4 400575c4 3fcee03c 3fcee378 40057968 00000000 00000000 00000000 00000000 00000000 00000000 00000000 0000001f 0
40000528 00000000 00000000 400559e8 0000abab 400574b4 400575c4 3fcee040 3fcee378 40057968 00000000 00000000 00000000 00000000 00000000 00000000 00000000 0000001f 0
4000052a 00000000 00000000 400559e8 0000abab 400574b4 400575c4 3fcee040 3fcee378 4005796c 00000000 00000000 00000000 00000000 00000000 00000000 00000000 0000001f 0
40000522 00000000 00000000 400559e8 0000abab 400574b4 400575c4 3fcee040 3fcee378 4005796c 00000000 00000000 00000000 00000000 00000000 00000000 00000000 0000001f 0
40000524 00000000 00000000 400559e8 0000abab 400574b4 400575c4 3fcee040 3fcee378 4005796c 00000000 00000000 00000000 00000000 00000000 00000000 00000000 0000001f 0
40000526 00000000 00000000 400559e8 0000abab 400574b4 400575c4 3fcee040 3fcee378 4005796c 00000000 00000000 00000000 00000000 00000000 00000000 00000000 0000001f 0
40000528 00000000 00000000 400559e8 0000abab 400574b4 400575c4 3fcee044 3fcee378 4005796c 00000000 00000000 00000000 00000000 00000000 00000000 00000000 0000001f 0
4000052a 00000000 00000000 400559e8 0000abab 400574b4 400575c4 3fcee044 3fcee378 40057970 00000000 00000000 00000000 00000000 00000000 00000000 00000000 0000001f 0
40000522 00000000 00000000 400559e8 0000abab 400574b4 400575c4 3fcee044 3fcee378 40057970 00000000 00000000 00000000 00000000 00000000 00000000 00000000 0000001f 0
40000524 00000000 00000000 400559e8 0000abab 400574b4 400575c4 3fcee044 3fcee378 40057970 00000000 00000000 00000000 00000000 00000000 00000000 00000000 0000001f 0
40000526 00000000 00000000 400559e8 0000abab 400574b4 400575c4 3fcee044 3fcee378 40057970 00000000 00000000 00000000 00000000 00000000 00000000 00000000 0000001f 0
40000528 00000000 00000000 400559e8 0000abab 400574b4 400575c4 3fcee048 3fcee378 40057970 00000000 00000000 00000000 00000000 00000000 00000000 00000000 0000001f 0
4000052a 00000000 00000000 400559e8 0000abab 400574b4 400575c4 3fcee048 3fcee378 40057974 00000000 00000000 00000000 00000000 00000000 00000000 00000000 0000001f 0
40000522 00000000 00000000 400559e8 0000abab 400574b4 400575c4 3fcee048 3fcee378 40057974 00000000 00000000 00000000 00000000 00000000 00000000 00000000 0000001f 0
40000524 00000000 00000000 400559e8 0000abab 400574b4 400575c4 3fcee048 3fcee378 40057974 00000000 00000000 00000000 00000000 00000000 00000000 00000000 0000001f 0
40000526 00000000 00000000 400559e8 0000abab 400574b4 400575c4 3fcee048 3fcee378 40057974 00000000 00000000 00000000 00000000 00000000 00000000 00000000 0000001f 0
40000528 00000000 00000000 400559e8 0000abab 400574b4 400575c4 3fcee04c 3fcee378 40057974 00000000 00000000 00000000 00000000 00000000 00000000 00000000 0000001f 0
4000052a 00000000 00000000 400559e8 0000abab 400574b4 400575c4 3fcee04c 3fcee378 40057978 00000000 00000000 00000000 00000000 00000000 00000000 00000000 0000001f 0
40000522 00000000 00000000 400559e8 0000abab 400574b4 400575c4 3fcee04c 3fcee378 40057978 00000000 00000000 00000000 00000000 00000000 00000000 00000000 0000001f 0
40000524 00000000 00000000 400559e8 0000abab 400574b4 400575c4 3fcee04c 3fcee378 40057978 00000000 00000000 00000000 00000000 00000000 00000000 00000000 0000001f 0
40000526 00000000 00000000 400559e8 0000abab 400574b4 400575c4 3fcee04c 3fcee378 40057978 00000000 00000000 00000000 00000000 00000000 00000000 00000000 0000001f 0
40000528 00000000 00000000 400559e8 0000abab 400574b4 400575c4 3fcee050 3fcee378 40057978 00000000 00000000 00000000 00000000 00000000 00000000 00000000 0000001f 0
4000052a 00000000 00000000 400559e8 0000abab 400574b4 400575c4 3fcee050 3fcee378 4005797c 00000000 00000000 00000000 00000000 00000000 00000000 00000000 0000001f 0
40000522 00000000 00000000 400559e8 0000abab 400574b4 400575c4 3fcee050 3fcee378 4005797c 00000000 00000000 00000000 00000000 00000000 00000000 00000000 0000001f 0
40000524 00000000 00000000 400559e8 0000abab 400574b4 400575c4 3fcee050 3fcee378 4005797c 00000000 00000000 00000000 00000000 00000000 00000000 00000000 0000001f 0
40000526 00000000 00000000 400559e8 0000abab 400574b4 400575c4 3fcee050 3fcee378 4005797c 00000000 00000000 00000000 00000000 00000000 00000000 00000000 0000001f 0
40000528 00000000 00000000 400559e8 0000abab 400574b4 400575c4 3fcee054 3fcee378 4005797c 00000000 00000000 00000000 00000000 00000000 00000000 00000000 0000001f 0
4000052a 00000000 00000000 400559e8 0000abab 400574b4 400575c4 3fcee054 3fcee378 40057980 00000000 00000000 00000000 00000000 00000000 00000000 00000000 0000001f 0
40000522 00000000 00000000 400559e8 0000abab 400574b4 400575c4 3fcee054 3fcee378 40057980 00000000 00000000 00000000 00000000 00000000 00000000 00000000 0000001f 0
40000524 00000000 00000000 400559e8 0000abab 400574b4 400575c4 3fcee054 3fcee378 40057980 00000000 00000000 00000000 00000000 00000000 00000000 00000000 0000001f 0
40000526 00000000 00000000 400559e8 0000abab 400574b4 400575c4 3fcee054 3fcee378 40057980 00000000 00000000 00000000 00000000 00000000 00000000 00000000 0000001f 0
40000528 00000000 00000000 400559e8 0000abab 400574b4 400575c4 3fcee058 3fcee378 40057980 00000000 00000000 00000000 00000000 00000000 00000000 00000000 0000001f 0
4000052a 00000000 00000000 400559e8 0000abab 400574b4 400575c4 3fcee058 3fcee378 40057984 00000000 00000000 00000000 00000000 00000000 00000000 00000000 0000001f 0
40000522 00000000 00000000 400559e8 0000abab 400574b4 400575c4 3fcee058 3fcee378 40057984 00000000 00000000 00000000 00000000 00000000 00000000 00000000 0000001f 0
40000524 00000000 00000000 400559e8 0000abab 400574b4 400575c4 3fcee058 3fcee378 40057984 00000000 00000000 00000000 00000000 00000000 00000000 00000000 0000001f 0
40000526 00000000 00000000 400559e8 0000abab 400574b4 400575c4 3fcee058 3fcee378 40057984 00000000 00000000 00000000 00000000 00000000 00000000 00000000 0000001f 0
40000528 00000000 00000000 400559e8 0000abab 400574b4 400575c4 3fcee05c 3fcee378 40057984 00000000 00000000 00000000 00000000 00000000 00000000 00000000 0000001f 0
4000052a 00000000 00000000 400559e8 0000abab 400574b4 400575c4 3fcee05c 3fcee378 40057988 00000000 00000000 00000000 00000000 00000000 00000000 00000000 0000001f 0
40000522 00000000 00000000 400559e8 0000abab 400574b4 400575c4 3fcee05c 3fcee378 40057988 00000000 00000000 00000000 00000000 00000000 00000000 00000000 0000001f 0
40000524 00000000 00000000 400559e8 0000abab 400574b4 400575c4 3fcee05c 3fcee378 40057988 00000000 00000000 00000000 00000000 00000000 00000000 00000000 0000001f 0
40000526 00000000 00000000 400559e8 0000abab 400574b4 400575c4 3fcee05c 3fcee378 40057988 00000000 00000000 00000000 00000000 00000000 00000000 00000000 0000001f 0
40000528 00000000 00000000 400559e8 0000abab 400574b4 400575c4 3fcee060 3fcee378 40057988 00000000 00000000 00000000 00000000 00000000 00000000 00000000 0000001f 0
4000052a 00000000 00000000 400559e8 0000abab 400574b4 400575c4 3fcee060 3fcee378 4005798c 00000000 00000000 00000000 00000000 00000000 00000000 00000000 0000001f 0
40000522 00000000 00000000 400559e8 0000abab 400574b4 400575c4 3fcee060 3fcee378 4005798c 00000000 00000000 00000000 00000000 00000000 00000000 00000000 0000001f 0
40000524 00000000 00000000 400559e8 0000abab 400574b4 400575c4 3fcee060 3fcee378 4005798c 00000000 00000000 00000000 00000000 00000000 00000000 00000000 0000001f 0
40000526 00000000 00000000 400559e8 0000abab 400574b4 400575c4 3fcee060 3fcee378 4005798c 00000000 00000000 00000000 00000000 00000000 00000000 00000000 0000001f 0
40000528 00000000 00000000 400559e8 0000abab 400574b4 400575c4 3fcee064 3fcee378 4005798c 00000000 00000000 00000000 00000000 00000000 00000000 00000000 0000001f 0
4000052a 00000000 00000000 400559e8 0000abab 400574b4 400575c4 3fcee064 3fcee378 40057990 00000000 00000000 00000000 00000000 00000000 00000000 00000000 0000001f 0
40000522 00000000 00000000 400559e8 0000abab 400574b4 400575c4 3fcee064 3fcee378 40057990 00000000 00000000 00000000 00000000 00000000 00000000 00000000 0000001f 0
40000524 00000000 00000000 400559e8 0000abab 400574b4 400575c4 3fcee064 3fcee378 40057990 00000000 00000000 00000000 00000000 00000000 00000000 00000000 0000001f 0
40000526 00000000 00000000 400559e8 0000abab 400574b4 400575c4 3fcee064 3fcee378 40057990 00000000 00000000 00000000 00000000 00000000 00000000 00000000 0000001f 0
40000528 00000000 00000000 400559e8 0000abab 400574b4 400575c4 3fcee068 3fcee378 40057990 00000000 00000000 00000000 00000000 00000000 00000000 00000000 0000001f 0
4000052a 00000000 00000000 400559e8 0000abab 400574b4 400575c4 3fcee068 3fcee378 40057994 00000000 00000000 00000000 00000000 00000000 00000000 00000000 0000001f 0
40000522 00000000 00000000 400559e8 0000abab 400574b4 400575c4 3fcee068 3fcee378 40057994 00000000 00000000 00000000 00000000 00000000 00000000 00000000 0000001f 0
40000524 00000000 00000000 400559a4 0000abab 400574b4 400575c4 3fcee068 3fcee378 40057994 00000000 00000000 00000000 00000000 00000000 00000000 00000000 0000001f 0
40000526 00000000 00000000 400559a4 0000abab 400574b4 400575c4 3fcee068 3fcee378 40057994 00000000 00000000 00000000 00000000 00000000 00000000 00000000 0000001f 0
40000528 00000000 00000000 400559a4 0000abab 400574b4 400575c4 3fcee06c 3fcee378 40057994 00000000 00000000 00000000 00000000 00000000 00000000 00000000 0000001f 0
4000052a 00000000 00000000 400559a4 0000abab 400574b4 400575c4 3fcee06c 3fcee378 40057998 00000000 00000000 00000000 00000000 00000000 00000000 00000000 0000001f 0
40000522 00000000 00000000 400559a4 0000abab 400574b4 400575c4 3fcee06c 3fcee378 40057998 00000000 00000000 00000000 00000000 00000000 00000000 00000000 0000001f 0
40000524 00000000 00000000 400559a4 0000abab 400574b4 400575c4 3fcee06c 3fcee378 40057998 00000000 00000000 00000000 00000000 00000000 00000000 00000000 0000001f 0
40000526 00000000 00000000 400559a4 0000abab 400574b4 400575c4 3fcee06c 3fcee378 40057998 00000000 00000000 00000000 00000000 00000000 00000000 00000000 0000001f 0
40000528 00000000 00000000 400559a4 0000abab 400574b4 400575c4 3fcee070 3fcee378 40057998 00000000 00000000 00000000 00000000 00000000 00000000 00000000 0000001f 0
4000052a 00000000 00000000 400559a4 0000abab 400574b4 400575c4 3fcee070 3fcee378 4005799c 00000000 00000000 00000000 00000000 00000000 00000000 00000000 0000001f 0
40000522 00000000 00000000 400559a4 0000abab 400574b4 400575c4 3fcee070 3fcee378 4005799c 00000000 00000000 00000000 00000000 00000000 00000000 00000000 0000001f 0
40000524 00000000 00000000 400559a4 0000abab 400574b4 400575c4 3fcee070 3fcee378 4005799c 00000000 00000000 00000000 00000000 00000000 00000000 00000000 0000001f 0
40000526 00000000 00000000 400559a4 0000abab 400574b4 400575c4 3fcee070 3fcee378 4005799c 00000000 00000000 00000000 00000000 00000000 00000000 00000000 0000001f 0
40000528 00000000 00000000 400559a4 0000abab 400574b4 400575c4 3fcee074 3fcee378 4005799c 00000000 00000000 00000000 00000000 00000000 00000000 00000000 0000001f 0
4000052a 00000000 00000000 400559a4 0000abab 400574b4 400575c4 3fcee074 3fcee378 400579a0 00000000 00000000 00000000 00000000 00000000 00000000 00000000 0000001f 0
40000522 00000000 00000000 400559a4 0000abab 400574b4 400575c4 3fcee074 3fcee378 400579a0 00000000 00000000 00000000 00000000 00000000 00000000 00000000 0000001f 0
40000524 00000000 00000000 400559a4 0000abab 400574b4 400575c4 3fcee074 3fcee378 400579a0 00000000 00000000 00000000 00000000 00000000 00000000 00000000 0000001f 0
40000526 00000000 00000000 400559a4 0000abab 400574b4 400575c4 3fcee074 3fcee378 400579a0 00000000 00000000 00000000 00000000 00000000 00000000 00000000 0000001f 0
40000528 00000000 00000000 400559a4 0000abab 400574b4 400575c4 3fcee078 3fcee378 400579a0 00000000 00000000 00000000 00000000 00000000 00000000 00000000 0000001f 0
4000052a 00000000 00000000 400559a4 0000abab 400574b4 400575c4 3fcee078 3fcee378 400579a4 00000000 00000000 00000000 00000000 00000000 00000000 00000000 0000001f 0
40000522 00000000 00000000 400559a4 0000abab 400574b4 400575c4 3fcee078 3fcee378 400579a4 00000000 00000000 00000000 00000000 00000000 00000000 00000000 0000001f 0
40000524 00000000 00000000 400559a4 0000abab 400574b4 400575c4 3fcee078 3fcee378 400579a4 00000000 00000000 00000000 00000000 00000000 00000000 00000000 0000001f 0
40000526 00000000 00000000 400559a4 0000abab 400574b4 400575c4 3fcee078 3fcee378 400579a4 00000000 00000000 00000000 00000000 00000000 00000000 00000000 0000001f 0
40000528 00000000 00000000 400559a4 0000abab 400574b4 400575c4 3fcee07c 3fcee378 400579a4 00000000 00000000 00000000 00000000 00000000 00000000 00000000 0000001f 0
4000052a 00000000 00000000 400559a4 0000abab 400574b4 400575c4 3fcee07c 3fcee378 400579a8 00000000 00000000 00000000 00000000 00000000 00000000 00000000 0000001f 0
40000522 00000000 00000000 400559a4 0000abab 400574b4 400575c4 3fcee07c 3fcee378 400579a8 00000000 00000000 00000000 00000000 00000000 00000000 00000000 0000001f 0
40000524 00000000 00000000 400559a4 0000abab 400574b4 400575c4 3fcee07c 3fcee378 400579a8 00000000 00000000 00000000 00000000 00000000 00000000 00000000 0000001f 0
40000526 00000000 00000000 400559a4 0000abab 400574b4 400575c4 3fcee07c 3fcee378 400579a8 00000000 00000000 00000000 00000000 00000000 00000000 00000000 0000001f 0
40000528 00000000 00000000 400559a4 0000abab 400574b4 400575c4 3fcee080 3fcee378 400579a8 00000000 00000000 00000000 00000000 00000000 00000000 00000000 0000001f 0
4000052a 00000000 00000000 400559a4 0000abab 400574b4 400575c4 3fcee080 3fcee378 400579ac 00000000 00000000 00000000 00000000 00000000 00000000 00000000 0000001f 0
40000522 00000000 00000000 400559a4 0000abab 400574b4 400575c4 3fcee080 3fcee378 400579ac 00000000 00000000 00000000 00000000 00000000 00000000 00000000 0000001f 0
40000524 00000000 00000000 400559a4 0000abab 400574b4 400575c4 3fcee080 3fcee378 400579ac 00000000 00000000 00000000 00000000 00000000 00000000 00000000 0000001f 0
40000526 00000000 00000000 400559a4 0000abab 400574b4 400575c4 3fcee080 3fcee378 400579ac 00000000 00000000 00000000 00000000 00000000 00000000 00000000 0000001f 0
40000528 00000000 00000000 400559a4 0000abab 400574b4 400575c4 3fcee084 3fcee378 400579ac 00000000 00000000 00000000 00000000 00000000 00000000 00000000 0000001f 0
4000052a 00000000 00000000 400559a4 0000abab 400574b4 400575c4 3fcee084 3fcee378 400579b0 00000000 00000000 00000000 00000000 00000000 00000000 00000000 0000001f 0
40000522 00000000 00000000 400559a4 0000abab 400574b4 400575c4 3fcee084 3fcee378 400579b0 00000000 00000000 00000000 00000000 00000000 00000000 00000000 0000001f 0
40000524 00000000 00000000 400559a4 0000abab 400574b4 400575c4 3fcee084 3fcee378 400579b0 00000000 00000000 00000000 00000000 00000000 00000000 00000000 0000001f 0
40000526 00000000 00000000 400559a4 0000abab 400574b4 400575c4 3fcee084 3fcee378 400579b0 00000000 00000000 00000000 00000000 00000000 00000000 00000000 0000001f 0
40000528 00000000 00000000 400559a4 0000abab 400574b4 400575c4 3fcee088 3fcee378 400579b0 00000000 00000000 00000000 00000000 00000000 00000000 00000000 0000001f 0
4000052a 00000000 00000000 400559a4 0000abab 400574b4 400575c4 3fcee088 3fcee378 400579b4 00000000 00000000 00000000 00000000 00000000 00000000 00000000 0000001f 0
40000522 00000000 00000000 400559a4 0000abab 400574b4 400575c4 3fcee088 3fcee378 400579b4 00000000 00000000 00000000 00000000 00000000 00000000 00000000 0000001f 0
40000524 00000000 00000000 400559a4 0000abab 400574b4 400575c4 3fcee088 3fcee378 400579b4 00000000 00000000 00000000 00000000 00000000 00000000 00000000 0000001f 0
40000526 00000000 00000000 400559a4 0000abab 400574b4 400575c4 3fcee088 3fcee378 400579b4 00000000 00000000 00000000 00000000 00000000 00000000 00000000 0000001f 0
40000528 00000000 00000000 400559a4 0000abab 400574b4 400575c4 3fcee08c 3fcee378 400579b4 00000000 00000000 00000000 00000000 00000000 00000000 00000000 0000001f 0
4000052a 00000000 00000000 400559a4 0000abab 400574b4 400575c4 3fcee08c 3fcee378 400579b8 00000000 00000000 00000000 00000000 00000000 00000000 00000000 0000001f 0
40000522 00000000 00000000 400559a4 0000abab 400574b4 400575c4 3fcee08c 3fcee378 400579b8 00000000 00000000 00000000 00000000 00000000 00000000 00000000 0000001f 0
40000524 00000000 00000000 400559a4 0000abab 400574b4 400575c4 3fcee08c 3fcee378 400579b8 00000000 00000000 00000000 00000000 00000000 00000000 00000000 0000001f 0
40000526 00000000 00000000 400559a4 0000abab 400574b4 400575c4 3fcee08c 3fcee378 400579b8 00000000 00000000 00000000 00000000 00000000 00000000 00000000 0000001f 0
40000528 00000000 00000000 400559a4 0000abab 400574b4 400575c4 3fcee090 3fcee378 400579b8 00000000 00000000 00000000 00000000 00000000 00000000 00000000 0000001f 0
4000052a 00000000 00000000 400559a4 0000abab 400574b4 400575c4 3fcee090 3fcee378 400579bc 00000000 00000000 00000000 00000000 00000000 00000000 00000000 0000001f 0
40000522 00000000 00000000 400559a4 0000abab 400574b4 400575c4 3fcee090 3fcee378 400579bc 00000000 00000000 00000000 00000000 00000000 00000000 00000000 0000001f 0
40000524 00000000 00000000 400559a4 0000abab 400574b4 400575c4 3fcee090 3fcee378 400579bc 00000000 00000000 00000000 00000000 00000000 00000000 00000000 0000001f 0
40000526 00000000 00000000 400559a4 0000abab 400574b4 400575c4 3fcee090 3fcee378 400579bc 00000000 00000000 00000000 00000000 00000000 00000000 00000000 0000001f 0
40000528 00000000 00000000 400559a4 0000abab 400574b4 400575c4 3fcee094 3fcee378 400579bc 00000000 00000000 00000000 00000000 00000000 00000000 00000000 0000001f 0
4000052a 00000000 00000000 400559a4 0000abab 400574b4 400575c4 3fcee094 3fcee378 400579c0 00000000 00000000 00000000 00000000 00000000 00000000 00000000 0000001f 0
40000522 00000000 00000000 400559a4 0000abab 400574b4 400575c4 3fcee094 3fcee378 400579c0 00000000 00000000 00000000 00000000 00000000 00000000 00000000 0000001f 0
40000524 00000000 00000000 400559a4 0000abab 400574b4 400575c4 3fcee094 3fcee378 400579c0 00000000 00000000 00000000 00000000 00000000 00000000 00000000 0000001f 0
40000526 00000000 00000000 400559a4 0000abab 400574b4 400575c4 3fcee094 3fcee378 400579c0 00000000 00000000 00000000 00000000 00000000 00000000 00000000 0000001f 0
40000528 00000000 00000000 400559a4 0000abab 400574b4 400575c4 3fcee098 3fcee378 400579c0 00000000 00000000 00000000 00000000 00000000 00000000 00000000 0000001f 0
4000052a 00000000 00000000 400559a4 0000abab 400574b4 400575c4 3fcee098 3fcee378 400579c4 00000000 00000000 00000000 00000000 00000000 00000000 00000000 0000001f 0
40000522 00000000 00000000 400559a4 0000abab 400574b4 400575c4 3fcee098 3fcee378 400579c4 00000000 00000000 00000000 00000000 00000000 00000000 00000000 0000001f 0
40000524 00000000 00000000 400559a4 0000abab 400574b4 400575c4 3fcee098 3fcee378 400579c4 00000000 00000000 00000000 00000000 00000000 00000000 00000000 0000001f 0
40000526 00000000 00000000 400559a4 0000abab 400574b4 400575c4 3fcee098 3fcee378 400579c4 00000000 00000000 00000000 00000000 00000000 00000000 00000000 0000001f 0
40000528 00000000 00000000 400559a4 0000abab 400574b4 400575c4 3fcee09c 3fcee378 400579c4 00000000 00000000 00000000 00000000 00000000 00000000 00000000 0000001f 0
4000052a 00000000 00000000 400559a4 0000abab 400574b4 400575c4 3fcee09c 3fcee378 400579c8 00000000 00000000 00000000 00000000 00000000 00000000 00000000 0000001f 0
40000522 00000000 00000000 400559a4 0000abab 400574b4 400575c4 3fcee09c 3fcee378 400579c8 00000000 00000000 00000000 00000000 00000000 00000000 00000000 0000001f 0
40000524 00000000 00000000 400559a4 0000abab 400574b4 400575c4 3fcee09c 3fcee378 400579c8 00000000 00000000 00000000 00000000 00000000 00000000 00000000 0000001f 0
40000526 00000000 00000000 400559a4 0000abab 400574b4 400575c4 3fcee09c 3fcee378 400579c8 00000000 00000000 00000000 00000000 00000000 00000000 00000000 0000001f 0
40000528 00000000 00000000 400559a4 0000abab 400574b4 400575c4 3fcee0a0 3fcee378 400579c8 00000000 00000000 00000000 00000000 00000000 00000000 00000000 0000001f 0
4000052a 00000000 00000000 400559a4 0000abab 400574b4 400575c4 3fcee0a0 3fcee378 400579cc 00000000 00000000 00000000 00000000 00000000 00000000 00000000 0000001f 0
40000522 00000000 00000000 400559a4 0000abab 400574b4 400575c4 3fcee0a0 3fcee378 400579cc 00000000 00000000 00000000 00000000 00000000 00000000 00000000 0000001f 0
40000524 00000000 00000000 400559a4 0000abab 400574b4 400575c4 3fcee0a0 3fcee378 400579cc 00000000 00000000 00000000 00000000 00000000 00000000 00000000 0000001f 0
40000526 00000000 00000000 400559a4 0000abab 400574b4 400575c4 3fcee0a0 3fcee378 400579cc 00000000 00000000 00000000 00000000 00000000 00000000 00000000 0000001f 0
40000528 00000000 00000000 400559a4 0000abab 400574b4 400575c4 3fcee0a4 3fcee378 400579cc 00000000 00000000 00000000 00000000 00000000 00000000 00000000 0000001f 0
4000052a 00000000 00000000 400559a4 0000abab 400574b4 400575c4 3fcee0a4 3fcee378 400579d0 00000000 00000000 00000000 00000000 00000000 00000000 00000000 0000001f 0
40000522 00000000 00000000 400559a4 0000abab 400574b4 400575c4 3fcee0a4 3fcee378 400579d0 00000000 00000000 00000000 00000000 00000000 00000000 00000000 0000001f 0
40000524 00000000 00000000 400559a4 0000abab 400574b4 400575c4 3fcee0a4 3fcee378 400579d0 00000000 00000000 00000000 00000000 00000000 00000000 00000000 0000001f 0
40000526 00000000 00000000 400559a4 0000abab 400574b4 400575c4 3fcee0a4 3fcee378 400579d0 00000000 00000000 00000000 00000000 00000000 00000000 00000000 0000001f 0
40000528 00000000 00000000 400559a4 0000abab 400574b4 400575c4 3fcee0a8 3fcee378 400579d0 00000000 00000000 00000000 00000000 00000000 00000000 00000000 0000001f 0
4000052a 00000000 00000000 400559a4 0000abab 400574b4 400575c4 3fcee0a8 3fcee378 400579d4 00000000 00000000 00000000 00000000 00000000 00000000 00000000 0000001f 0
40000522 00000000 00000000 400559a4 0000abab 400574b4 400575c4 3fcee0a8 3fcee378 400579d4 00000000 00000000 00000000 00000000 00000000 00000000 00000000 0000001f 0
40000524 00000000 00000000 400559a4 0000abab 400574b4 400575c4 3fcee0a8 3fcee378 400579d4 00000000 00000000 00000000 00000000 00000000 00000000 00000000 0000001f 0
40000526 00000000 00000000 400559a4 0000abab 400574b4 400575c4 3fcee0a8 3fcee378 400579d4 00000000 00000000 00000000 00000000 00000000 00000000 00000000 0000001f 0
40000528 00000000 00000000 400559a4 0000abab 400574b4 400575c4 3fcee0ac 3fcee378 400579d4 00000000 00000000 00000000 00000000 00000000 00000000 00000000 0000001f 0
4000052a 00000000 00000000 400559a4 0000abab 400574b4 400575c4 3fcee0ac 3fcee378 400579d8 00000000 00000000 00000000 00000000 00000000 00000000 00000000 0000001f 0
40000522 00000000 00000000 400559a4 0000abab 400574b4 400575c4 3fcee0ac 3fcee378 400579d8 00000000 00000000 00000000 00000000 00000000 00000000 00000000 0000001f 0
40000524 00000000 00000000 400559a4 0000abab 400574b4 400575c4 3fcee0ac 3fcee378 400579d8 00000000 00000000 00000000 00000000 00000000 00000000 00000000 0000001f 0
40000526 00000000 00000000 400559a4 0000abab 400574b4 400575c4 3fcee0ac 3fcee378 400579d8 00000000 00000000 00000000 00000000 00000000 00000000 00000000 0000001f 0
40000528 00000000 00000000 400559a4 0000abab 400574b4 400575c4 3fcee0b0 3fcee378 400579d8 00000000 00000000 00000000 00000000 00000000 00000000 00000000 0000001f 0
4000052a 00000000 00000000 400559a4 0000abab 400574b4 400575c4 3fcee0b0 3fcee378 400579dc 00000000 00000000 00000000 00000000 00000000 00000000 00000000 0000001f 0
40000522 00000000 00000000 400559a4 0000abab 400574b4 400575c4 3fcee0b0 3fcee378 400579dc 00000000 00000000 00000000 00000000 00000000 00000000 00000000 0000001f 0
40000524 00000000 00000000 400559a4 0000abab 400574b4 400575c4 3fcee0b0 3fcee378 400579dc 00000000 00000000 00000000 00000000 00000000 00000000 00000000 0000001f 0
40000526 00000000 00000000 400559a4 0000abab 400574b4 400575c4 3fcee0b0 3fcee378 400579dc 00000000 00000000 00000000 00000000 00000000 00000000 00000000 0000001f 0
40000528 00000000 00000000 400559a4 0000abab 400574b4 400575c4 3fcee0b4 3fcee378 400579dc 00000000 00000000 00000000 00000000 00000000 00000000 00000000 0000001f 0
4000052a 00000000 00000000 400559a4 0000abab 400574b4 400575c4 3fcee0b4 3fcee378 400579e0 00000000 00000000 00000000 00000000 00000000 00000000 00000000 0000001f 0
40000522 00000000 00000000 400559a4 0000abab 400574b4 400575c4 3fcee0b4 3fcee378 400579e0 00000000 00000000 00000000 00000000 00000000 00000000 00000000 0000001f 0
40000524 00000000 00000000 400559a4 0000abab 400574b4 400575c4 3fcee0b4 3fcee378 400579e0 00000000 00000000 00000000 00000000 00000000 00000000 00000000 0000001f 0
40000526 00000000 00000000 400559a4 0000abab 400574b4 400575c4 3fcee0b4 3fcee378 400579e0 00000000 00000000 00000000 00000000 00000000 00000000 00000000 0000001f 0
40000528 00000000 00000000 400559a4 0000abab 400574b4 400575c4 3fcee0b8 3fcee378 400579e0 00000000 00000000 00000000 00000000 00000000 00000000 00000000 0000001f 0
4000052a 00000000 00000000 400559a4 0000abab 400574b4 400575c4 3fcee0b8 3fcee378 400579e4 00000000 00000000 00000000 00000000 00000000 00000000 00000000 0000001f 0
40000522 00000000 00000000 400559a4 0000abab 400574b4 400575c4 3fcee0b8 3fcee378 400579e4 00000000 00000000 00000000 00000000 00000000 00000000 00000000 0000001f 0
40000524 00000000 00000000 400559a4 0000abab 400574b4 400575c4 3fcee0b8 3fcee378 400579e4 00000000 00000000 00000000 00000000 00000000 00000000 00000000 0000001f 0
40000526 00000000 00000000 400559a4 0000abab 400574b4 400575c4 3fcee0b8 3fcee378 400579e4 00000000 00000000 00000000 00000000 00000000 00000000 00000000 0000001f 0
40000528 00000000 00000000 400559a4 0000abab 400574b4 400575c4 3fcee0bc 3fcee378 400579e4 00000000 00000000 00000000 00000000 00000000 00000000 00000000 0000001f 0
4000052a 00000000 00000000 400559a4 0000abab 400574b4 400575c4 3fcee0bc 3fcee378 400579e8 00000000 00000000 00000000 00000000 00000000 00000000 00000000 0000001f 0
40000522 00000000 00000000 400559a4 0000abab 400574b4 400575c4 3fcee0bc 3fcee378 400579e8 00000000 00000000 00000000 00000000 00000000 00000000 00000000 0000001f 0
40000524 00000000 00000000 400559a4 0000abab 400574b4 400575c4 3fcee0bc 3fcee378 400579e8 00000000 00000000 00000000 00000000 00000000 00000000 00000000 0000001f 0
40000526 00000000 00000000 400559a4 0000abab 400574b4 400575c4 3fcee0bc 3fcee378 400579e8 00000000 00000000 00000000 00000000 00000000 00000000 00000000 0000001f 0
40000528 00000000 00000000 400559a4 0000abab 400574b4 400575c4 3fcee0c0 3fcee378 400579e8 00000000 00000000 00000000 00000000 00000000 00000000 00000000 0000001f 0
4000052a 00000000 00000000 400559a4 0000abab 400574b4 400575c4 3fcee0c0 3fcee378 400579ec 00000000 00000000 00000000 00000000 00000000 00000000 00000000 0000001f 0
40000522 00000000 00000000 400559a4 0000abab 400574b4 400575c4 3fcee0c0 3fcee378 400579ec 00000000 00000000 00000000 00000000 00000000 00000000 00000000 0000001f 0
40000524 00000000 00000000 400559a4 0000abab 400574b4 400575c4 3fcee0c0 3fcee378 400579ec 00000000 00000000 00000000 00000000 00000000 00000000 00000000 0000001f 0
40000526 00000000 00000000 400559a4 0000abab 400574b4 400575c4 3fcee0c0 3fcee378 400579ec 00000000 00000000 00000000 00000000 00000000 00000000 00000000 0000001f 0
40000528 00000000 00000000 400559a4 0000abab 400574b4 400575c4 3fcee0c4 3fcee378 400579ec 00000000 00000000 00000000 00000000 00000000 00000000 00000000 0000001f 0
4000052a 00000000 00000000 400559a4 0000abab 400574b4 400575c4 3fcee0c4 3fcee378 400579f0 00000000 00000000 00000000 00000000 00000000 00000000 00000000 0000001f 0
40000522 00000000 00000000 400559a4 0000abab 400574b4 400575c4 3fcee0c4 3fcee378 400579f0 00000000 00000000 00000000 00000000 00000000 00000000 00000000 0000001f 0
40000524 00000000 00000000 400559a4 0000abab 400574b4 400575c4 3fcee0c4 3fcee378 400579f0 00000000 00000000 00000000 00000000 00000000 00000000 00000000 0000001f 0
40000526 00000000 00000000 400559a4 0000abab 400574b4 400575c4 3fcee0c4 3fcee378 400579f0 00000000 00000000 00000000 00000000 00000000 00000000 00000000 0000001f 0
40000528 00000000 00000000 400559a4 0000abab 400574b4 400575c4 3fcee0c8 3fcee378 400579f0 00000000 00000000 00000000 00000000 00000000 00000000 00000000 0000001f 0
4000052a 00000000 00000000 400559a4 0000abab 400574b4 400575c4 3fcee0c8 3fcee378 400579f4 00000000 00000000 00000000 00000000 00000000 00000000 00000000 0000001f 0
40000522 00000000 00000000 400559a4 0000abab 400574b4 400575c4 3fcee0c8 3fcee378 400579f4 00000000 00000000 00000000 00000000 00000000 00000000 00000000 0000001f 0
40000524 00000000 00000000 400559a4 0000abab 400574b4 400575c4 3fcee0c8 3fcee378 400579f4 00000000 00000000 00000000 00000000 00000000 00000000 00000000 0000001f 0
40000526 00000000 00000000 400559a4 0000abab 400574b4 400575c4 3fcee0c8 3fcee378 400579f4 00000000 00000000 00000000 00000000 00000000 00000000 00000000 0000001f 0
40000528 00000000 00000000 400559a4 0000abab 400574b4 400575c4 3fcee0cc 3fcee378 400579f4 00000000 00000000 00000000 00000000 00000000 00000000 00000000 0000001f 0
4000052a 00000000 00000000 400559a4 0000abab 400574b4 400575c4 3fcee0cc 3fcee378 400579f8 00000000 00000000 00000000 00000000 00000000 00000000 00000000 0000001f 0
40000522 00000000 00000000 400559a4 0000abab 400574b4 400575c4 3fcee0cc 3fcee378 400579f8 00000000 00000000 00000000 00000000 00000000 00000000 00000000 0000001f 0
40000524 00000000 00000000 400559a4 0000abab 400574b4 400575c4 3fcee0cc 3fcee378 400579f8 00000000 00000000 00000000 00000000 00000000 00000000 00000000 0000001f 0
40000526 00000000 00000000 400559a4 0000abab 400574b4 400575c4 3fcee0cc 3fcee378 400579f8 00000000 00000000 00000000 00000000 00000000 00000000 00000000 0000001f 0
40000528 00000000 00000000 400559a4 0000abab 400574b4 400575c4 3fcee0d0 3fcee378 400579f8 00000000 00000000 00000000 00000000 00000000 00000000 00000000 0000001f 0
4000052a 00000000 00000000 400559a4 0000abab 400574b4 400575c4 3fcee0d0 3fcee378 400579fc 00000000 00000000 00000000 00000000 00000000 00000000 00000000 0000001f 0
40000522 00000000 00000000 400559a4 0000abab 400574b4 400575c4 3fcee0d0 3fcee378 400579fc 00000000 00000000 00000000 00000000 00000000 00000000 00000000 0000001f 0
40000524 00000000 00000000 400559a4 0000abab 400574b4 400575c4 3fcee0d0 3fcee378 400579fc 00000000 00000000 00000000 00000000 00000000 00000000 00000000 0000001f 0
40000526 00000000 00000000 400559a4 0000abab 400574b4 400575c4 3fcee0d0 3fcee378 400579fc 00000000 00000000 00000000 00000000 00000000 00000000 00000000 0000001f 0
40000528 00000000 00000000 400559a4 0000abab 400574b4 400575c4 3fcee0d4 3fcee378 400579fc 00000000 00000000 00000000 00000000 00000000 00000000 00000000 0000001f 0
4000052a 00000000 00000000 400559a4 0000abab 400574b4 400575c4 3fcee0d4 3fcee378 40057a00 00000000 00000000 00000000 00000000 00000000 00000000 00000000 0000001f 0
40000522 00000000 00000000 400559a4 0000abab 400574b4 400575c4 3fcee0d4 3fcee378 40057a00 00000000 00000000 00000000 00000000 00000000 00000000 00000000 0000001f 0
40000524 00000000 00000000 400559a4 0000abab 400574b4 400575c4 3fcee0d4 3fcee378 40057a00 00000000 00000000 00000000 00000000 00000000 00000000 00000000 0000001f 0
40000526 00000000 00000000 400559a4 0000abab 400574b4 400575c4 3fcee0d4 3fcee378 40057a00 00000000 00000000 00000000 00000000 00000000 00000000 00000000 0000001f 0
40000528 00000000 00000000 400559a4 0000abab 400574b4 400575c4 3fcee0d8 3fcee378 40057a00 00000000 00000000 00000000 00000000 00000000 00000000 00000000 0000001f 0
4000052a 00000000 00000000 400559a4 0000abab 400574b4 400575c4 3fcee0d8 3fcee378 40057a04 00000000 00000000 00000000 00000000 00000000 00000000 00000000 0000001f 0
40000522 00000000 00000000 400559a4 0000abab 400574b4 400575c4 3fcee0d8 3fcee378 40057a04 00000000 00000000 00000000 00000000 00000000 00000000 00000000 0000001f 0
40000524 00000000 00000000 400559a4 0000abab 400574b4 400575c4 3fcee0d8 3fcee378 40057a04 00000000 00000000 00000000 00000000 00000000 00000000 00000000 0000001f 0
40000526 00000000 00000000 400559a4 0000abab 400574b4 400575c4 3fcee0d8 3fcee378 40057a04 00000000 00000000 00000000 00000000 00000000 00000000 00000000 0000001f 0
40000528 00000000 00000000 400559a4 0000abab 400574b4 400575c4 3fcee0dc 3fcee378 40057a04 00000000 00000000 00000000 00000000 00000000 00000000 00000000 0000001f 0
4000052a 00000000 00000000 400559a4 0000abab 400574b4 400575c4 3fcee0dc 3fcee378 40057a08 00000000 00000000 00000000 00000000 00000000 00000000 00000000 0000001f 0
40000522 00000000 00000000 400559a4 0000abab 400574b4 400575c4 3fcee0dc 3fcee378 40057a08 00000000 00000000 00000000 00000000 00000000 00000000 00000000 0000001f 0
40000524 00000000 00000000 400559a4 0000abab 400574b4 400575c4 3fcee0dc 3fcee378 40057a08 00000000 00000000 00000000 00000000 00000000 00000000 00000000 0000001f 0
40000526 00000000 00000000 400559a4 0000abab 400574b4 400575c4 3fcee0dc 3fcee378 40057a08 00000000 00000000 00000000 00000000 00000000 00000000 00000000 0000001f 0
40000528 00000000 00000000 400559a4 0000abab 400574b4 400575c4 3fcee0e0 3fcee378 40057a08 00000000 00000000 00000000 00000000 00000000 00000000 00000000 0000001f 0
4000052a 00000000 00000000 400559a4 0000abab 400574b4 400575c4 3fcee0e0 3fcee378 40057a0c 00000000 00000000 00000000 00000000 00000000 00000000 00000000 0000001f 0
40000522 00000000 00000000 400559a4 0000abab 400574b4 400575c4 3fcee0e0 3fcee378 40057a0c 00000000 00000000 00000000 00000000 00000000 00000000 00000000 0000001f 0
40000524 00000000 00000000 400559a4 0000abab 400574b4 400575c4 3fcee0e0 3fcee378 40057a0c 00000000 00000000 00000000 00000000 00000000 00000000 00000000 0000001f 0
40000526 00000000 00000000 400559a4 0000abab 400574b4 400575c4 3fcee0e0 3fcee378 40057a0c 00000000 00000000 00000000 00000000 00000000 00000000 00000000 0000001f 0
40000528 00000000 00000000 400559a4 0000abab 400574b4 400575c4 3fcee0e4 3fcee378 40057a0c 00000000 00000000 00000000 00000000 00000000 00000000 00000000 0000001f 0
4000052a 00000000 00000000 400559a4 0000abab 400574b4 400575c4 3fcee0e4 3fcee378 40057a10 00000000 00000000 00000000 00000000 00000000 00000000 00000000 0000001f 0
40000522 00000000 00000000 400559a4 0000abab 400574b4 400575c4 3fcee0e4 3fcee378 40057a10 00000000 00000000 00000000 00000000 00000000 00000000 00000000 0000001f 0
40000524 00000000 00000000 400559a4 0000abab 400574b4 400575c4 3fcee0e4 3fcee378 40057a10 00000000 00000000 00000000 00000000 00000000 00000000 00000000 0000001f 0
40000526 00000000 00000000 400559a4 0000abab 400574b4 400575c4 3fcee0e4 3fcee378 40057a10 00000000 00000000 00000000 00000000 00000000 00000000 00000000 0000001f 0
40000528 00000000 00000000 400559a4 0000abab 400574b4 400575c4 3fcee0e8 3fcee378 40057a10 00000000 00000000 00000000 00000000 00000000 00000000 00000000 0000001f 0
4000052a 00000000 00000000 400559a4 0000abab 400574b4 400575c4 3fcee0e8 3fcee378 40057a14 00000000 00000000 00000000 00000000 00000000 00000000 00000000 0000001f 0
40000522 00000000 00000000 400559a4 0000abab 400574b4 400575c4 3fcee0e8 3fcee378 40057a14 00000000 00000000 00000000 00000000 00000000 00000000 00000000 0000001f 0
40000524 00000000 00000000 400559a4 0000abab 400574b4 400575c4 3fcee0e8 3fcee378 40057a14 00000000 00000000 00000000 00000000 00000000 00000000 00000000 0000001f 0
40000526 00000000 00000000 400559a4 0000abab 400574b4 400575c4 3fcee0e8 3fcee378 40057a14 00000000 00000000 00000000 00000000 00000000 00000000 00000000 0000001f 0
40000528 00000000 00000000 400559a4 0000abab 400574b4 400575c4 3fcee0ec 3fcee378 40057a14 00000000 00000000 00000000 00000000 00000000 00000000 00000000 0000001f 0
4000052a 00000000 00000000 400559a4 0000abab 400574b4 400575c4 3fcee0ec 3fcee378 40057a18 00000000 00000000 00000000 00000000 00000000 00000000 00000000 0000001f 0
40000522 00000000 00000000 400559a4 0000abab 400574b4 400575c4 3fcee0ec 3fcee378 40057a18 00000000 00000000 00000000 00000000 00000000 00000000 00000000 0000001f 0
40000524 00000000 00000000 400559a4 0000abab 400574b4 400575c4 3fcee0ec 3fcee378 40057a18 00000000 00000000 00000000 00000000 00000000 00000000 00000000 0000001f 0
40000526 00000000 00000000 400559a4 0000abab 400574b4 400575c4 3fcee0ec 3fcee378 40057a18 00000000 00000000 00000000 00000000 00000000 00000000 00000000 0000001f 0
40000528 00000000 00000000 400559a4 0000abab 400574b4 400575c4 3fcee0f0 3fcee378 40057a18 00000000 00000000 00000000 00000000 00000000 00000000 00000000 0000001f 0
4000052a 00000000 00000000 400559a4 0000abab 400574b4 400575c4 3fcee0f0 3fcee378 40057a1c 00000000 00000000 00000000 00000000 00000000 00000000 00000000 0000001f 0
40000522 00000000 00000000 400559a4 0000abab 400574b4 400575c4 3fcee0f0 3fcee378 40057a1c 00000000 00000000 00000000 00000000 00000000 00000000 00000000 0000001f 0
40000524 00000000 00000000 400559a4 0000abab 400574b4 400575c4 3fcee0f0 3fcee378 40057a1c 00000000 00000000 00000000 00000000 00000000 00000000 00000000 0000001f 0
40000526 00000000 00000000 400559a4 0000abab 400574b4 400575c4 3fcee0f0 3fcee378 40057a1c 00000000 00000000 00000000 00000000 00000000 00000000 00000000 0000001f 0
40000528 00000000 00000000 400559a4 0000abab 400574b4 400575c4 3fcee0f4 3fcee378 40057a1c 00000000 00000000 00000000 00000000 00000000 00000000 00000000 0000001f 0
4000052a 00000000 00000000 400559a4 0000abab 400574b4 400575c4 3fcee0f4 3fcee378 40057a20 00000000 00000000 00000000 00000000 00000000 00000000 00000000 0000001f 0
40000522 00000000 00000000 400559a4 0000abab 400574b4 400575c4 3fcee0f4 3fcee378 40057a20 00000000 00000000 00000000 00000000 00000000 00000000 00000000 0000001f 0
40000524 00000000 00000000 400559a4 0000abab 400574b4 400575c4 3fcee0f4 3fcee378 40057a20 00000000 00000000 00000000 00000000 00000000 00000000 00000000 0000001f 0
40000526 00000000 00000000 400559a4 0000abab 400574b4 400575c4 3fcee0f4 3fcee378 40057a20 00000000 00000000 00000000 00000000 00000000 00000000 00000000 0000001f 0
40000528 00000000 00000000 400559a4 0000abab 400574b4 400575c4 3fcee0f8 3fcee378 40057a20 00000000 00000000 00000000 00000000 00000000 00000000 00000000 0000001f 0
4000052a 00000000 00000000 400559a4 0000abab 400574b4 400575c4 3fcee0f8 3fcee378 40057a24 00000000 00000000 00000000 00000000 00000000 00000000 00000000 0000001f 0
40000522 00000000 00000000 400559a4 0000abab 400574b4 400575c4 3fcee0f8 3fcee378 40057a24 00000000 00000000 00000000 00000000 00000000 00000000 00000000 0000001f 0
40000524 00000000 00000000 400559a4 0000abab 400574b4 400575c4 3fcee0f8 3fcee378 40057a24 00000000 00000000 00000000 00000000 00000000 00000000 00000000 0000001f 0
40000526 00000000 00000000 400559a4 0000abab 400574b4 400575c4 3fcee0f8 3fcee378 40057a24 00000000 00000000 00000000 00000000 00000000 00000000 00000000 0000001f 0
40000528 00000000 00000000 400559a4 0000abab 400574b4 400575c4 3fcee0fc 3fcee378 40057a24 00000000 00000000 00000000 00000000 00000000 00000000 00000000 0000001f 0
4000052a 00000000 00000000 400559a4 0000abab 400574b4 400575c4 3fcee0fc 3fcee378 40057a28 00000000 00000000 00000000 00000000 00000000 00000000 00000000 0000001f 0
40000522 00000000 00000000 400559a4 0000abab 400574b4 400575c4 3fcee0fc 3fcee378 40057a28 00000000 00000000 00000000 00000000 00000000 00000000 00000000 0000001f 0
40000524 00000000 00000000 400559a4 0000abab 400574b4 400575c4 3fcee0fc 3fcee378 40057a28 00000000 00000000 00000000 00000000 00000000 00000000 00000000 0000001f 0
40000526 00000000 00000000 400559a4 0000abab 400574b4 400575c4 3fcee0fc 3fcee378 40057a28 00000000 00000000 00000000 00000000 00000000 00000000 00000000 0000001f 0
40000528 00000000 00000000 400559a4 0000abab 400574b4 400575c4 3fcee100 3fcee378 40057a28 00000000 00000000 00000000 00000000 00000000 00000000 00000000 0000001f 0
4000052a 00000000 00000000 400559a4 0000abab 400574b4 400575c4 3fcee100 3fcee378 40057a2c 00000000 00000000 00000000 00000000 00000000 00000000 00000000 0000001f 0
40000522 00000000 00000000 400559a4 0000abab 400574b4 400575c4 3fcee100 3fcee378 40057a2c 00000000 00000000 00000000 00000000 00000000 00000000 00000000 0000001f 0
40000524 00000000 00000000 400559a4 0000abab 400574b4 400575c4 3fcee100 3fcee378 40057a2c 00000000 00000000 00000000 00000000 00000000 00000000 00000000 0000001f 0
40000526 00000000 00000000 400559a4 0000abab 400574b4 400575c4 3fcee100 3fcee378 40057a2c 00000000 00000000 00000000 00000000 00000000 00000000 00000000 0000001f 0
40000528 00000000 00000000 400559a4 0000abab 400574b4 400575c4 3fcee104 3fcee378 40057a2c 00000000 00000000 00000000 00000000 00000000 00000000 00000000 0000001f 0
4000052a 00000000 00000000 400559a4 0000abab 400574b4 400575c4 3fcee104 3fcee378 40057a30 00000000 00000000 00000000 00000000 00000000 00000000 00000000 0000001f 0
40000522 00000000 00000000 400559a4 0000abab 400574b4 400575c4 3fcee104 3fcee378 40057a30 00000000 00000000 00000000 00000000 00000000 00000000 00000000 0000001f 0
40000524 00000000 00000000 400559a4 0000abab 400574b4 400575c4 3fcee104 3fcee378 40057a30 00000000 00000000 00000000 00000000 00000000 00000000 00000000 0000001f 0
40000526 00000000 00000000 400559a4 0000abab 400574b4 400575c4 3fcee104 3fcee378 40057a30 00000000 00000000 00000000 00000000 00000000 00000000 00000000 0000001f 0
40000528 00000000 00000000 400559a4 0000abab 400574b4 400575c4 3fcee108 3fcee378 40057a30 00000000 00000000 00000000 00000000 00000000 00000000 00000000 0000001f 0
4000052a 00000000 00000000 400559a4 0000abab 400574b4 400575c4 3fcee108 3fcee378 40057a34 00000000 00000000 00000000 00000000 00000000 00000000 00000000 0000001f 0
40000522 00000000 00000000 400559a4 0000abab 400574b4 400575c4 3fcee108 3fcee378 40057a34 00000000 00000000 00000000 00000000 00000000 00000000 00000000 0000001f 0
40000524 00000000 00000000 400559a4 0000abab 400574b4 400575c4 3fcee108 3fcee378 40057a34 00000000 00000000 00000000 00000000 00000000 00000000 00000000 0000001f 0
40000526 00000000 00000000 400559a4 0000abab 400574b4 400575c4 3fcee108 3fcee378 40057a34 00000000 00000000 00000000 00000000 00000000 00000000 00000000 0000001f 0
40000528 00000000 00000000 400559a4 0000abab 400574b4 400575c4 3fcee10c 3fcee378 40057a34 00000000 00000000 00000000 00000000 00000000 00000000 00000000 0000001f 0
4000052a 00000000 00000000 400559a4 0000abab 400574b4 400575c4 3fcee10c 3fcee378 40057a38 00000000 00000000 00000000 00000000 00000000 00000000 00000000 0000001f 0
40000522 00000000 00000000 400559a4 0000abab 400574b4 400575c4 3fcee10c 3fcee378 40057a38 00000000 00000000 00000000 00000000 00000000 00000000 00000000 0000001f 0
40000524 00000000 00000000 400559a4 0000abab 400574b4 400575c4 3fcee10c 3fcee378 40057a38 00000000 00000000 00000000 00000000 00000000 00000000 00000000 0000001f 0
40000526 00000000 00000000 400559a4 0000abab 400574b4 400575c4 3fcee10c 3fcee378 40057a38 00000000 00000000 00000000 00000000 00000000 00000000 00000000 0000001f 0
40000528 00000000 00000000 400559a4 0000abab 400574b4 400575c4 3fcee110 3fcee378 40057a38 00000000 00000000 00000000 00000000 00000000 00000000 00000000 0000001f 0
4000052a 00000000 00000000 400559a4 0000abab 400574b4 400575c4 3fcee110 3fcee378 40057a3c 00000000 00000000 00000000 00000000 00000000 00000000 00000000 0000001f 0
40000522 00000000 00000000 400559a4 0000abab 400574b4 400575c4 3fcee110 3fcee378 40057a3c 00000000 00000000 00000000 00000000 00000000 00000000 00000000 0000001f 0
40000524 00000000 00000000 400559a4 0000abab 400574b4 400575c4 3fcee110 3fcee378 40057a3c 00000000 00000000 00000000 00000000 00000000 00000000 00000000 0000001f 0
40000526 00000000 00000000 400559a4 0000abab 400574b4 400575c4 3fcee110 3fcee378 40057a3c 00000000 00000000 00000000 00000000 00000000 00000000 00000000 0000001f 0
40000528 00000000 00000000 400559a4 0000abab 400574b4 400575c4 3fcee114 3fcee378 40057a3c 00000000 00000000 00000000 00000000 00000000 00000000 00000000 0000001f 0
4000052a 00000000 00000000 400559a4 0000abab 400574b4 400575c4 3fcee114 3fcee378 40057a40 00000000 00000000 00000000 00000000 00000000 00000000 00000000 0000001f 0
40000522 00000000 00000000 400559a4 0000abab 400574b4 400575c4 3fcee114 3fcee378 40057a40 00000000 00000000 00000000 00000000 00000000 00000000 00000000 0000001f 0
40000524 00000000 00000000 400559a4 0000abab 400574b4 400575c4 3fcee114 3fcee378 40057a40 00000000 00000000 00000000 00000000 00000000 00000000 00000000 0000001f 0
40000526 00000000 00000000 400559a4 0000abab 400574b4 400575c4 3fcee114 3fcee378 40057a40 00000000 00000000 00000000 00000000 00000000 00000000 00000000 0000001f 0
40000528 00000000 00000000 400559a4 0000abab 400574b4 400575c4 3fcee118 3fcee378 40057a40 00000000 00000000 00000000 00000000 00000000 00000000 00000000 0000001f 0
4000052a 00000000 00000000 400559a4 0000abab 400574b4 400575c4 3fcee118 3fcee378 40057a44 00000000 00000000 00000000 00000000 00000000 00000000 00000000 0000001f 0
40000522 00000000 00000000 400559a4 0000abab 400574b4 400575c4 3fcee118 3fcee378 40057a44 00000000 00000000 00000000 00000000 00000000 00000000 00000000 0000001f 0
40000524 00000000 00000000 400559a4 0000abab 400574b4 400575c4 3fcee118 3fcee378 40057a44 00000000 00000000 00000000 00000000 00000000 00000000 00000000 0000001f 0
40000526 00000000 00000000 400559a4 0000abab 400574b4 400575c4 3fcee118 3fcee378 40057a44 00000000 00000000 00000000 00000000 00000000 00000000 00000000 0000001f 0
40000528 00000000 00000000 400559a4 0000abab 400574b4 400575c4 3fcee11c 3fcee378 40057a44 00000000 00000000 00000000 00000000 00000000 00000000 00000000 0000001f 0
4000052a 00000000 00000000 400559a4 0000abab 400574b4 400575c4 3fcee11c 3fcee378 40057a48 00000000 00000000 00000000 00000000 00000000 00000000 00000000 0000001f 0
40000522 00000000 00000000 400559a4 0000abab 400574b4 400575c4 3fcee11c 3fcee378 40057a48 00000000 00000000 00000000 00000000 00000000 00000000 00000000 0000001f 0
40000524 00000000 00000000 400559a4 0000abab 400574b4 400575c4 3fcee11c 3fcee378 40057a48 00000000 00000000 00000000 00000000 00000000 00000000 00000000 0000001f 0
40000526 00000000 00000000 400559a4 0000abab 400574b4 400575c4 3fcee11c 3fcee378 40057a48 00000000 00000000 00000000 00000000 00000000 00000000 00000000 0000001f 0
40000528 00000000 00000000 400559a4 0000abab 400574b4 400575c4 3fcee120 3fcee378 40057a48 00000000 00000000 00000000 00000000 00000000 00000000 00000000 0000001f 0
4000052a 00000000 00000000 400559a4 0000abab 400574b4 400575c4 3fcee120 3fcee378 40057a4c 00000000 00000000 00000000 00000000 00000000 00000000 00000000 0000001f 0
40000522 00000000 00000000 400559a4 0000abab 400574b4 400575c4 3fcee120 3fcee378 40057a4c 00000000 00000000 00000000 00000000 00000000 00000000 00000000 0000001f 0
40000524 00000000 00000000 400559a4 0000abab 400574b4 400575c4 3fcee120 3fcee378 40057a4c 00000000 00000000 00000000 00000000 00000000 00000000 00000000 0000001f 0
40000526 00000000 00000000 400559a4 0000abab 400574b4 400575c4 3fcee120 3fcee378 40057a4c 00000000 00000000 00000000 00000000 00000000 00000000 00000000 0000001f 0
40000528 00000000 00000000 400559a4 0000abab 400574b4 400575c4 3fcee124 3fcee378 40057a4c 00000000 00000000 00000000 00000000 00000000 00000000 00000000 0000001f 0
4000052a 00000000 00000000 400559a4 0000abab 400574b4 400575c4 3fcee124 3fcee378 40057a50 00000000 00000000 00000000 00000000 00000000 00000000 00000000 0000001f 0
40000522 00000000 00000000 400559a4 0000abab 400574b4 400575c4 3fcee124 3fcee378 40057a50 00000000 00000000 00000000 00000000 00000000 00000000 00000000 0000001f 0
40000524 00000000 00000000 400559a4 0000abab 400574b4 400575c4 3fcee124 3fcee378 40057a50 00000000 00000000 00000000 00000000 00000000 00000000 00000000 0000001f 0
40000526 00000000 00000000 400559a4 0000abab 400574b4 400575c4 3fcee124 3fcee378 40057a50 00000000 00000000 00000000 00000000 00000000 00000000 00000000 0000001f 0
40000528 00000000 00000000 400559a4 0000abab 400574b4 400575c4 3fcee128 3fcee378 40057a50 00000000 00000000 00000000 00000000 00000000 00000000 00000000 0000001f 0
4000052a 00000000 00000000 400559a4 0000abab 400574b4 400575c4 3fcee128 3fcee378 40057a54 00000000 00000000 00000000 00000000 00000000 00000000 00000000 0000001f 0
40000522 00000000 00000000 400559a4 0000abab 400574b4 400575c4 3fcee128 3fcee378 40057a54 00000000 00000000 00000000 00000000 00000000 00000000 00000000 0000001f 0
40000524 00000000 00000000 400559a4 0000abab 400574b4 400575c4 3fcee128 3fcee378 40057a54 00000000 00000000 00000000 00000000 00000000 00000000 00000000 0000001f 0
40000526 00000000 00000000 400559a4 0000abab 400574b4 400575c4 3fcee128 3fcee378 40057a54 00000000 00000000 00000000 00000000 00000000 00000000 00000000 0000001f 0
40000528 00000000 00000000 400559a4 0000abab 400574b4 400575c4 3fcee12c 3fcee378 40057a54 00000000 00000000 00000000 00000000 00000000 00000000 00000000 0000001f 0
4000052a 00000000 00000000 400559a4 0000abab 400574b4 400575c4 3fcee12c 3fcee378 40057a58 00000000 00000000 00000000 00000000 00000000 00000000 00000000 0000001f 0
40000522 00000000 00000000 400559a4 0000abab 400574b4 400575c4 3fcee12c 3fcee378 40057a58 00000000 00000000 00000000 00000000 00000000 00000000 00000000 0000001f 0
40000524 00000000 00000000 400559a4 0000abab 400574b4 400575c4 3fcee12c 3fcee378 40057a58 00000000 00000000 00000000 00000000 00000000 00000000 00000000 0000001f 0
40000526 00000000 00000000 400559a4 0000abab 400574b4 400575c4 3fcee12c 3fcee378 40057a58 00000000 00000000 00000000 00000000 00000000 00000000 00000000 0000001f 0
40000528 00000000 00000000 400559a4 0000abab 400574b4 400575c4 3fcee130 3fcee378 40057a58 00000000 00000000 00000000 00000000 00000000 00000000 00000000 0000001f 0
4000052a 00000000 00000000 400559a4 0000abab 400574b4 400575c4 3fcee130 3fcee378 40057a5c 00000000 00000000 00000000 00000000 00000000 00000000 00000000 0000001f 0
40000522 00000000 00000000 400559a4 0000abab 400574b4 400575c4 3fcee130 3fcee378 40057a5c 00000000 00000000 00000000 00000000 00000000 00000000 00000000 0000001f 0
40000524 00000000 00000000 400559a4 0000abab 400574b4 400575c4 3fcee130 3fcee378 40057a5c 00000000 00000000 00000000 00000000 00000000 00000000 00000000 0000001f 0
40000526 00000000 00000000 400559a4 0000abab 400574b4 400575c4 3fcee130 3fcee378 40057a5c 00000000 00000000 00000000 00000000 00000000 00000000 00000000 0000001f 0
40000528 00000000 00000000 400559a4 0000abab 400574b4 400575c4 3fcee134 3fcee378 40057a5c 00000000 00000000 00000000 00000000 00000000 00000000 00000000 0000001f 0
4000052a 00000000 00000000 400559a4 0000abab 400574b4 400575c4 3fcee134 3fcee378 40057a60 00000000 00000000 00000000 00000000 00000000 00000000 00000000 0000001f 0
40000522 00000000 00000000 400559a4 0000abab 400574b4 400575c4 3fcee134 3fcee378 40057a60 00000000 00000000 00000000 00000000 00000000 00000000 00000000 0000001f 0
40000524 00000000 00000000 400559a4 0000abab 400574b4 400575c4 3fcee134 3fcee378 40057a60 00000000 00000000 00000000 00000000 00000000 00000000 00000000 0000001f 0
40000526 00000000 00000000 400559a4 0000abab 400574b4 400575c4 3fcee134 3fcee378 40057a60 00000000 00000000 00000000 00000000 00000000 00000000 00000000 0000001f 0
40000528 00000000 00000000 400559a4 0000abab 400574b4 400575c4 3fcee138 3fcee378 40057a60 00000000 00000000 00000000 00000000 00000000 00000000 00000000 0000001f 0
4000052a 00000000 00000000 400559a4 0000abab 400574b4 400575c4 3fcee138 3fcee378 40057a64 00000000 00000000 00000000 00000000 00000000 00000000 00000000 0000001f 0
40000522 00000000 00000000 400559a4 0000abab 400574b4 400575c4 3fcee138 3fcee378 40057a64 00000000 00000000 00000000 00000000 00000000 00000000 00000000 0000001f 0
40000524 00000000 00000000 400559a4 0000abab 400574b4 400575c4 3fcee138 3fcee378 40057a64 00000000 00000000 00000000 00000000 00000000 00000000 00000000 0000001f 0
40000526 00000000 00000000 400559a4 0000abab 400574b4 400575c4 3fcee138 3fcee378 40057a64 00000000 00000000 00000000 00000000 00000000 00000000 00000000 0000001f 0
40000528 00000000 00000000 400559a4 0000abab 400574b4 400575c4 3fcee13c 3fcee378 40057a64 00000000 00000000 00000000 00000000 00000000 00000000 00000000 0000001f 0
4000052a 00000000 00000000 400559a4 0000abab 400574b4 400575c4 3fcee13c 3fcee378 40057a68 00000000 00000000 00000000 00000000 00000000 00000000 00000000 0000001f 0
40000522 00000000 00000000 400559a4 0000abab 400574b4 400575c4 3fcee13c 3fcee378 40057a68 00000000 00000000 00000000 00000000 00000000 00000000 00000000 0000001f 0
40000524 00000000 00000000 400559a4 0000abab 400574b4 400575c4 3fcee13c 3fcee378 40057a68 00000000 00000000 00000000 00000000 00000000 00000000 00000000 0000001f 0
40000526 00000000 00000000 400559a4 0000abab 400574b4 400575c4 3fcee13c 3fcee378 40057a68 00000000 00000000 00000000 00000000 00000000 00000000 00000000 0000001f 0
40000528 00000000 00000000 400559a4 0000abab 400574b4 400575c4 3fcee140 3fcee378 40057a68 00000000 00000000 00000000 00000000 00000000 00000000 00000000 0000001f 0
4000052a 00000000 00000000 400559a4 0000abab 400574b4 400575c4 3fcee140 3fcee378 40057a6c 00000000 00000000 00000000 00000000 00000000 00000000 00000000 0000001f 0
40000522 00000000 00000000 400559a4 0000abab 400574b4 400575c4 3fcee140 3fcee378 40057a6c 00000000 00000000 00000000 00000000 00000000 00000000 00000000 0000001f 0
40000524 00000000 00000000 400559a4 0000abab 400574b4 400575c4 3fcee140 3fcee378 40057a6c 00000000 00000000 00000000 00000000 00000000 00000000 00000000 0000001f 0
40000526 00000000 00000000 400559a4 0000abab 400574b4 400575c4 3fcee140 3fcee378 40057a6c 00000000 00000000 00000000 00000000 00000000 00000000 00000000 0000001f 0
40000528 00000000 00000000 400559a4 0000abab 400574b4 400575c4 3fcee144 3fcee378 40057a6c 00000000 00000000 00000000 00000000 00000000 00000000 00000000 0000001f 0
4000052a 00000000 00000000 400559a4 0000abab 400574b4 400575c4 3fcee144 3fcee378 40057a70 00000000 00000000 00000000 00000000 00000000 00000000 00000000 0000001f 0
40000522 00000000 00000000 400559a4 0000abab 400574b4 400575c4 3fcee144 3fcee378 40057a70 00000000 00000000 00000000 00000000 00000000 00000000 00000000 0000001f 0
40000524 00000000 00000000 400559a4 0000abab 400574b4 400575c4 3fcee144 3fcee378 40057a70 00000000 00000000 00000000 00000000 00000000 00000000 00000000 0000001f 0
40000526 00000000 00000000 400559a4 0000abab 400574b4 400575c4 3fcee144 3fcee378 40057a70 00000000 00000000 00000000 00000000 00000000 00000000 00000000 0000001f 0
40000528 00000000 00000000 400559a4 0000abab 400574b4 400575c4 3fcee148 3fcee378 40057a70 00000000 00000000 00000000 00000000 00000000 00000000 00000000 0000001f 0
4000052a 00000000 00000000 400559a4 0000abab 400574b4 400575c4 3fcee148 3fcee378 40057a74 00000000 00000000 00000000 00000000 00000000 00000000 00000000 0000001f 0
40000522 00000000 00000000 400559a4 0000abab 400574b4 400575c4 3fcee148 3fcee378 40057a74 00000000 00000000 00000000 00000000 00000000 00000000 00000000 0000001f 0
40000524 00000000 00000000 400559a4 0000abab 400574b4 400575c4 3fcee148 3fcee378 40057a74 00000000 00000000 00000000 00000000 00000000 00000000 00000000 0000001f 0
40000526 00000000 00000000 400559a4 0000abab 400574b4 400575c4 3fcee148 3fcee378 40057a74 00000000 00000000 00000000 00000000 00000000 00000000 00000000 0000001f 0
40000528 00000000 00000000 400559a4 0000abab 400574b4 400575c4 3fcee14c 3fcee378 40057a74 00000000 00000000 00000000 00000000 00000000 00000000 00000000 0000001f 0
4000052a 00000000 00000000 400559a4 0000abab 400574b4 400575c4 3fcee14c 3fcee378 40057a78 00000000 00000000 00000000 00000000 00000000 00000000 00000000 0000001f 0
40000522 00000000 00000000 400559a4 0000abab 400574b4 400575c4 3fcee14c 3fcee378 40057a78 00000000 00000000 00000000 00000000 00000000 00000000 00000000 0000001f 0
40000524 00000000 00000000 400559a4 0000abab 400574b4 400575c4 3fcee14c 3fcee378 40057a78 00000000 00000000 00000000 00000000 00000000 00000000 00000000 0000001f 0
40000526 00000000 00000000 400559a4 0000abab 400574b4 400575c4 3fcee14c 3fcee378 40057a78 00000000 00000000 00000000 00000000 00000000 00000000 00000000 0000001f 0
40000528 00000000 00000000 400559a4 0000abab 400574b4 400575c4 3fcee150 3fcee378 40057a78 00000000 00000000 00000000 00000000 00000000 00000000 00000000 0000001f 0
4000052a 00000000 00000000 400559a4 0000abab 400574b4 400575c4 3fcee150 3fcee378 40057a7c 00000000 00000000 00000000 00000000 00000000 00000000 00000000 0000001f 0
40000522 00000000 00000000 400559a4 0000abab 400574b4 400575c4 3fcee150 3fcee378 40057a7c 00000000 00000000 00000000 00000000 00000000 00000000 00000000 0000001f 0
40000524 00000000 00000000 400559a4 0000abab 400574b4 400575c4 3fcee150 3fcee378 40057a7c 00000000 00000000 00000000 00000000 00000000 00000000 00000000 0000001f 0
40000526 00000000 00000000 400559a4 0000abab 400574b4 400575c4 3fcee150 3fcee378 40057a7c 00000000 00000000 00000000 00000000 00000000 00000000 00000000 0000001f 0
40000528 00000000 00000000 400559a4 0000abab 400574b4 400575c4 3fcee154 3fcee378 40057a7c 00000000 00000000 00000000 00000000 00000000 00000000 00000000 0000001f 0
4000052a 00000000 00000000 400559a4 0000abab 400574b4 400575c4 3fcee154 3fcee378 40057a80 00000000 00000000 00000000 00000000 00000000 00000000 00000000 0000001f 0
40000522 00000000 00000000 400559a4 0000abab 400574b4 400575c4 3fcee154 3fcee378 40057a80 00000000 00000000 00000000 00000000 00000000 00000000 00000000 0000001f 0
40000524 00000000 00000000 400559a4 0000abab 400574b4 400575c4 3fcee154 3fcee378 40057a80 00000000 00000000 00000000 00000000 00000000 00000000 00000000 0000001f 0
40000526 00000000 00000000 400559a4 0000abab 400574b4 400575c4 3fcee154 3fcee378 40057a80 00000000 00000000 00000000 00000000 00000000 00000000 00000000 0000001f 0
40000528 00000000 00000000 400559a4 0000abab 400574b4 400575c4 3fcee158 3fcee378 40057a80 00000000 00000000 00000000 00000000 00000000 00000000 00000000 0000001f 0
4000052a 00000000 00000000 400559a4 0000abab 400574b4 400575c4 3fcee158 3fcee378 40057a84 00000000 00000000 00000000 00000000 00000000 00000000 00000000 0000001f 0
40000522 00000000 00000000 400559a4 0000abab 400574b4 400575c4 3fcee158 3fcee378 40057a84 00000000 00000000 00000000 00000000 00000000 00000000 00000000 0000001f 0
40000524 00000000 00000000 400559a4 0000abab 400574b4 400575c4 3fcee158 3fcee378 40057a84 00000000 00000000 00000000 00000000 00000000 00000000 00000000 0000001f 0
40000526 00000000 00000000 400559a4 0000abab 400574b4 400575c4 3fcee158 3fcee378 40057a84 00000000 00000000 00000000 00000000 00000000 00000000 00000000 0000001f 0
40000528 00000000 00000000 400559a4 0000abab 400574b4 400575c4 3fcee15c 3fcee378 40057a84 00000000 00000000 00000000 00000000 00000000 00000000 00000000 0000001f 0
4000052a 00000000 00000000 400559a4 0000abab 400574b4 400575c4 3fcee15c 3fcee378 40057a88 00000000 00000000 00000000 00000000 00000000 00000000 00000000 0000001f 0
40000522 00000000 00000000 400559a4 0000abab 400574b4 400575c4 3fcee15c 3fcee378 40057a88 00000000 00000000 00000000 00000000 00000000 00000000 00000000 0000001f 0
40000524 00000000 00000000 400559a4 0000abab 400574b4 400575c4 3fcee15c 3fcee378 40057a88 00000000 00000000 00000000 00000000 00000000 00000000 00000000 0000001f 0
40000526 00000000 00000000 400559a4 0000abab 400574b4 400575c4 3fcee15c 3fcee378 40057a88 00000000 00000000 00000000 00000000 00000000 00000000 00000000 0000001f 0
40000528 00000000 00000000 400559a4 0000abab 400574b4 400575c4 3fcee160 3fcee378 40057a88 00000000 00000000 00000000 00000000 00000000 00000000 00000000 0000001f 0
4000052a 00000000 00000000 400559a4 0000abab 400574b4 400575c4 3fcee160 3fcee378 40057a8c 00000000 00000000 00000000 00000000 00000000 00000000 00000000 0000001f 0
40000522 00000000 00000000 400559a4 0000abab 400574b4 400575c4 3fcee160 3fcee378 40057a8c 00000000 00000000 00000000 00000000 00000000 00000000 00000000 0000001f 0
40000524 00000000 00000000 400559a4 0000abab 400574b4 400575c4 3fcee160 3fcee378 40057a8c 00000000 00000000 00000000 00000000 00000000 00000000 00000000 0000001f 0
40000526 00000000 00000000 400559a4 0000abab 400574b4 400575c4 3fcee160 3fcee378 40057a8c 00000000 00000000 00000000 00000000 00000000 00000000 00000000 0000001f 0
40000528 00000000 00000000 400559a4 0000abab 400574b4 400575c4 3fcee164 3fcee378 40057a8c 00000000 00000000 00000000 00000000 00000000 00000000 00000000 0000001f 0
4000052a 00000000 00000000 400559a4 0000abab 400574b4 400575c4 3fcee164 3fcee378 40057a90 00000000 00000000 00000000 00000000 00000000 00000000 00000000 0000001f 0
40000522 00000000 00000000 400559a4 0000abab 400574b4 400575c4 3fcee164 3fcee378 40057a90 00000000 00000000 00000000 00000000 00000000 00000000 00000000 0000001f 0
40000524 00000000 00000000 400559a4 0000abab 400574b4 400575c4 3fcee164 3fcee378 40057a90 00000000 00000000 00000000 00000000 00000000 00000000 00000000 0000001f 0
40000526 00000000 00000000 400559a4 0000abab 400574b4 400575c4 3fcee164 3fcee378 40057a90 00000000 00000000 00000000 00000000 00000000 00000000 00000000 0000001f 0
40000528 00000000 00000000 400559a4 0000abab 400574b4 400575c4 3fcee168 3fcee378 40057a90 00000000 00000000 00000000 00000000 00000000 00000000 00000000 0000001f 0
4000052a 00000000 00000000 400559a4 0000abab 400574b4 400575c4 3fcee168 3fcee378 40057a94 00000000 00000000 00000000 00000000 00000000 00000000 00000000 0000001f 0
40000522 00000000 00000000 400559a4 0000abab 400574b4 400575c4 3fcee168 3fcee378 40057a94 00000000 00000000 00000000 00000000 00000000 00000000 00000000 0000001f 0
40000524 00000000 00000000 00000000 0000abab 400574b4 400575c4 3fcee168 3fcee378 40057a94 00000000 00000000 00000000 00000000 00000000 00000000 00000000 0000001f 0
40000526 00000000 00000000 00000000 0000abab 400574b4 400575c4 3fcee168 3fcee378 40057a94 00000000 00000000 00000000 00000000 00000000 00000000 00000000 0000001f 0
40000528 00000000 00000000 00000000 0000abab 400574b4 400575c4 3fcee16c 3fcee378 40057a94 00000000 00000000 00000000 00000000 00000000 00000000 00000000 0000001f 0
4000052a 00000000 00000000 00000000 0000abab 400574b4 400575c4 3fcee16c 3fcee378 40057a98 00000000 00000000 00000000 00000000 00000000 00000000 00000000 0000001f 0
40000522 00000000 00000000 00000000 0000abab 400574b4 400575c4 3fcee16c 3fcee378 40057a98 00000000 00000000 00000000 00000000 00000000 00000000 00000000 0000001f 0
40000524 00000000 00000000 ffffffff 0000abab 400574b4 400575c4 3fcee16c 3fcee378 40057a98 00000000 00000000 00000000 00000000 00000000 00000000 00000000 0000001f 0
40000526 00000000 00000000 ffffffff 0000abab 400574b4 400575c4 3fcee16c 3fcee378 40057a98 00000000 00000000 00000000 00000000 00000000 00000000 00000000 0000001f 0
40000528 00000000 00000000 ffffffff 0000abab 400574b4 400575c4 3fcee170 3fcee378 40057a98 00000000 00000000 00000000 00000000 00000000 00000000 00000000 0000001f 0
4000052a 00000000 00000000 ffffffff 0000abab 400574b4 400575c4 3fcee170 3fcee378 40057a9c 00000000 00000000 00000000 00000000 00000000 00000000 00000000 0000001f 0
40000522 00000000 00000000 ffffffff 0000abab 400574b4 400575c4 3fcee170 3fcee378 40057a9c 00000000 00000000 00000000 00000000 00000000 00000000 00000000 0000001f 0
40000524 00000000 00000000 400559ac 0000abab 400574b4 400575c4 3fcee170 3fcee378 40057a9c 00000000 00000000 00000000 00000000 00000000 00000000 00000000 0000001f 0
40000526 00000000 00000000 400559ac 0000abab 400574b4 400575c4 3fcee170 3fcee378 40057a9c 00000000 00000000 00000000 00000000 00000000 00000000 00000000 0000001f 0
40000528 00000000 00000000 400559ac 0000abab 400574b4 400575c4 3fcee174 3fcee378 40057a9c 00000000 00000000 00000000 00000000 00000000 00000000 00000000 0000001f 0
4000052a 00000000 00000000 400559ac 0000abab 400574b4 400575c4 3fcee174 3fcee378 40057aa0 00000000 00000000 00000000 00000000 00000000 00000000 00000000 0000001f 0
40000522 00000000 00000000 400559ac 0000abab 400574b4 400575c4 3fcee174 3fcee378 40057aa0 00000000 00000000 00000000 00000000 00000000 00000000 00000000 0000001f 0
40000524 00000000 00000000 0000001f 0000abab 400574b4 400575c4 3fcee174 3fcee378 40057aa0 00000000 00000000 00000000 00000000 00000000 00000000 00000000 0000001f 0
40000526 00000000 00000000 0000001f 0000abab 400574b4 400575c4 3fcee174 3fcee378 40057aa0 00000000 00000000 00000000 00000000 00000000 00000000 00000000 0000001f 0
40000528 00000000 00000000 0000001f 0000abab 400574b4 400575c4 3fcee178 3fcee378 40057aa0 00000000 00000000 00000000 00000000 00000000 00000000 00000000 0000001f 0
4000052a 00000000 00000000 0000001f 0000abab 400574b4 400575c4 3fcee178 3fcee378 40057aa4 00000000 00000000 00000000 00000000 00000000 00000000 00000000 0000001f 0
40000522 00000000 00000000 0000001f 0000abab 400574b4 400575c4 3fcee178 3fcee378 40057aa4 00000000 00000000 00000000 00000000 00000000 00000000 00000000 0000001f 0
40000524 00000000 00000000 400559ac 0000abab 400574b4 400575c4 3fcee178 3fcee378 40057aa4 00000000 00000000 00000000 00000000 00000000 00000000 00000000 0000001f 0
40000526 00000000 00000000 400559ac 0000abab 400574b4 400575c4 3fcee178 3fcee378 40057aa4 00000000 00000000 00000000 00000000 00000000 00000000 00000000 0000001f 0
40000528 00000000 00000000 400559ac 0000abab 400574b4 400575c4 3fcee17c 3fcee378 40057aa4 00000000 00000000 00000000 00000000 00000000 00000000 00000000 0000001f 0
4000052a 00000000 00000000 400559ac 0000abab 400574b4 400575c4 3fcee17c 3fcee378 40057aa8 00000000 00000000 00000000 00000000 00000000 00000000 00000000 0000001f 0
40000522 00000000 00000000 400559ac 0000abab 400574b4 400575c4 3fcee17c 3fcee378 40057aa8 00000000 00000000 00000000 00000000 00000000 00000000 00000000 0000001f 0
40000524 00000000 00000000 0000001e 0000abab 400574b4 400575c4 3fcee17c 3fcee378 40057aa8 00000000 00000000 00000000 00000000 00000000 00000000 00000000 0000001f 0
40000526 00000000 00000000 0000001e 0000abab 400574b4 400575c4 3fcee17c 3fcee378 40057aa8 00000000 00000000 00000000 00000000 00000000 00000000 00000000 0000001f 0
40000528 00000000 00000000 0000001e 0000abab 400574b4 400575c4 3fcee180 3fcee378 40057aa8 00000000 00000000 00000000 00000000 00000000 00000000 00000000 0000001f 0
4000052a 00000000 00000000 0000001e 0000abab 400574b4 400575c4 3fcee180 3fcee378 40057aac 00000000 00000000 00000000 00000000 00000000 00000000 00000000 0000001f 0
40000522 00000000 00000000 0000001e 0000abab 400574b4 400575c4 3fcee180 3fcee378 40057aac 00000000 00000000 00000000 00000000 00000000 00000000 00000000 0000001f 0
40000524 00000000 00000000 400559ac 0000abab 400574b4 400575c4 3fcee180 3fcee378 40057aac 00000000 00000000 00000000 00000000 00000000 00000000 00000000 0000001f 0
40000526 00000000 00000000 400559ac 0000abab 400574b4 400575c4 3fcee180 3fcee378 40057aac 00000000 00000000 00000000 00000000 00000000 00000000 00000000 0000001f 0
40000528 00000000 00000000 400559ac 0000abab 400574b4 400575c4 3fcee184 3fcee378 40057aac 00000000 00000000 00000000 00000000 00000000 00000000 00000000 0000001f 0
4000052a 00000000 00000000 400559ac 0000abab 400574b4 400575c4 3fcee184 3fcee378 40057ab0 00000000 00000000 00000000 00000000 00000000 00000000 00000000 0000001f 0
40000522 00000000 00000000 400559ac 0000abab 400574b4 400575c4 3fcee184 3fcee378 40057ab0 00000000 00000000 00000000 00000000 00000000 00000000 00000000 0000001f 0
40000524 00000000 00000000 0000001d 0000abab 400574b4 400575c4 3fcee184 3fcee378 40057ab0 00000000 00000000 00000000 00000000 00000000 00000000 00000000 0000001f 0
40000526 00000000 00000000 0000001d 0000abab 400574b4 400575c4 3fcee184 3fcee378 40057ab0 00000000 00000000 00000000 00000000 00000000 00000000 00000000 0000001f 0
40000528 00000000 00000000 0000001d 0000abab 400574b4 400575c4 3fcee188 3fcee378 40057ab0 00000000 00000000 00000000 00000000 00000000 00000000 00000000 0000001f 0
4000052a 00000000 00000000 0000001d 0000abab 400574b4 400575c4 3fcee188 3fcee378 40057ab4 00000000 00000000 00000000 00000000 00000000 00000000 00000000 0000001f 0
40000522 00000000 00000000 0000001d 0000abab 400574b4 400575c4 3fcee188 3fcee378 40057ab4 00000000 00000000 00000000 00000000 00000000 00000000 00000000 0000001f 0
40000524 00000000 00000000 400559ac 0000abab 400574b4 400575c4 3fcee188 3fcee378 40057ab4 00000000 00000000 00000000 00000000 00000000 00000000 00000000 0000001f 0
40000526 00000000 00000000 400559ac 0000abab 400574b4 400575c4 3fcee188 3fcee378 40057ab4 00000000 00000000 00000000 00000000 00000000 00000000 00000000 0000001f 0
40000528 00000000 00000000 400559ac 0000abab 400574b4 400575c4 3fcee18c 3fcee378 40057ab4 00000000 00000000 00000000 00000000 00000000 00000000 00000000 0000001f 0
4000052a 00000000 00000000 400559ac 0000abab 400574b4 400575c4 3fcee18c 3fcee378 40057ab8 00000000 00000000 00000000 00000000 00000000 00000000 00000000 0000001f 0
40000522 00000000 00000000 400559ac 0000abab 400574b4 400575c4 3fcee18c 3fcee378 40057ab8 00000000 00000000 00000000 00000000 00000000 00000000 00000000 0000001f 0
40000524 00000000 00000000 0000001c 0000abab 400574b4 400575c4 3fcee18c 3fcee378 40057ab8 00000000 00000000 00000000 00000000 00000000 00000000 00000000 0000001f 0
40000526 00000000 00000000 0000001c 0000abab 400574b4 400575c4 3fcee18c 3fcee378 40057ab8 00000000 00000000 00000000 00000000 00000000 00000000 00000000 0000001f 0
40000528 00000000 00000000 0000001c 0000abab 400574b4 400575c4 3fcee190 3fcee378 40057ab8 00000000 00000000 00000000 00000000 00000000 00000000 00000000 0000001f 0
4000052a 00000000 00000000 0000001c 0000abab 400574b4 400575c4 3fcee190 3fcee378 40057abc 00000000 00000000 00000000 00000000 00000000 00000000 00000000 0000001f 0
40000522 00000000 00000000 0000001c 0000abab 400574b4 400575c4 3fcee190 3fcee378 40057abc 00000000 00000000 00000000 00000000 00000000 00000000 00000000 0000001f 0
40000524 00000000 00000000 400559ac 0000abab 400574b4 400575c4 3fcee190 3fcee378 40057abc 00000000 00000000 00000000 00000000 00000000 00000000 00000000 0000001f 0
40000526 00000000 00000000 400559ac 0000abab 400574b4 400575c4 3fcee190 3fcee378 40057abc 00000000 00000000 00000000 00000000 00000000 00000000 00000000 0000001f 0
40000528 00000000 00000000 400559ac 0000abab 400574b4 400575c4 3fcee194 3fcee378 40057abc 00000000 00000000 00000000 00000000 00000000 00000000 00000000 0000001f 0
4000052a 00000000 00000000 400559ac 0000abab 400574b4 400575c4 3fcee194 3fcee378 40057ac0 00000000 00000000 00000000 00000000 00000000 00000000 00000000 0000001f 0
40000522 00000000 00000000 400559ac 0000abab 400574b4 400575c4 3fcee194 3fcee378 40057ac0 00000000 00000000 00000000 00000000 00000000 00000000 00000000 0000001f 0
40000524 00000000 00000000 0000001b 0000abab 400574b4 400575c4 3fcee194 3fcee378 40057ac0 00000000 00000000 00000000 00000000 00000000 00000000 00000000 0000001f 0
40000526 00000000 00000000 0000001b 0000abab 400574b4 400575c4 3fcee194 3fcee378 40057ac0 00000000 00000000 00000000 00000000 00000000 00000000 00000000 0000001f 0
40000528 00000000 00000000 0000001b 0000abab 400574b4 400575c4 3fcee198 3fcee378 40057ac0 00000000 00000000 00000000 00000000 00000000 00000000 00000000 0000001f 0
4000052a 00000000 00000000 0000001b 0000abab 400574b4 400575c4 3fcee198 3fcee378 40057ac4 00000000 00000000 00000000 00000000 00000000 00000000 00000000 0000001f 0
40000522 00000000 00000000 0000001b 0000abab 400574b4 400575c4 3fcee198 3fcee378 40057ac4 00000000 00000000 00000000 00000000 00000000 00000000 00000000 0000001f 0
40000524 00000000 00000000 400559ac 0000abab 400574b4 400575c4 3fcee198 3fcee378 40057ac4 00000000 00000000 00000000 00000000 00000000 00000000 00000000 0000001f 0
40000526 00000000 00000000 400559ac 0000abab 400574b4 400575c4 3fcee198 3fcee378 40057ac4 00000000 00000000 00000000 00000000 00000000 00000000 00000000 0000001f 0
40000528 00000000 00000000 400559ac 0000abab 400574b4 400575c4 3fcee19c 3fcee378 40057ac4 00000000 00000000 00000000 00000000 00000000 00000000 00000000 0000001f 0
4000052a 00000000 00000000 400559ac 0000abab 400574b4 400575c4 3fcee19c 3fcee378 40057ac8 00000000 00000000 00000000 00000000 00000000 00000000 00000000 0000001f 0
40000522 00000000 00000000 400559ac 0000abab 400574b4 400575c4 3fcee19c 3fcee378 40057ac8 00000000 00000000 00000000 00000000 00000000 00000000 00000000 0000001f 0
40000524 00000000 00000000 0000001a 0000abab 400574b4 400575c4 3fcee19c 3fcee378 40057ac8 00000000 00000000 00000000 00000000 00000000 00000000 00000000 0000001f 0
40000526 00000000 00000000 0000001a 0000abab 400574b4 400575c4 3fcee19c 3fcee378 40057ac8 00000000 00000000 00000000 00000000 00000000 00000000 00000000 0000001f 0
40000528 00000000 00000000 0000001a 0000abab 400574b4 400575c4 3fcee1a0 3fcee378 40057ac8 00000000 00000000 00000000 00000000 00000000 00000000 00000000 0000001f 0
4000052a 00000000 00000000 0000001a 0000abab 400574b4 400575c4 3fcee1a0 3fcee378 40057acc 00000000 00000000 00000000 00000000 00000000 00000000 00000000 0000001f 0
40000522 00000000 00000000 0000001a 0000abab 400574b4 400575c4 3fcee1a0 3fcee378 40057acc 00000000 00000000 00000000 00000000 00000000 00000000 00000000 0000001f 0
40000524 00000000 00000000 400559ac 0000abab 400574b4 400575c4 3fcee1a0 3fcee378 40057acc 00000000 00000000 00000000 00000000 00000000 00000000 00000000 0000001f 0
40000526 00000000 00000000 400559ac 0000abab 400574b4 400575c4 3fcee1a0 3fcee378 40057acc 00000000 00000000 00000000 00000000 00000000 00000000 00000000 0000001f 0
40000528 00000000 00000000 400559ac 0000abab 400574b4 400575c4 3fcee1a4 3fcee378 40057acc 00000000 00000000 00000000 00000000 00000000 00000000 00000000 0000001f 0
4000052a 00000000 00000000 400559ac 0000abab 400574b4 400575c4 3fcee1a4 3fcee378 40057ad0 00000000 00000000 00000000 00000000 00000000 00000000 00000000 0000001f 0
40000522 00000000 00000000 400559ac 0000abab 400574b4 400575c4 3fcee1a4 3fcee378 40057ad0 00000000 00000000 00000000 00000000 00000000 00000000 00000000 0000001f 0
40000524 00000000 00000000 00000019 0000abab 400574b4 400575c4 3fcee1a4 3fcee378 40057ad0 00000000 00000000 00000000 00000000 00000000 00000000 00000000 0000001f 0
40000526 00000000 00000000 00000019 0000abab 400574b4 400575c4 3fcee1a4 3fcee378 40057ad0 00000000 00000000 00000000 00000000 00000000 00000000 00000000 0000001f 0
40000528 00000000 00000000 00000019 0000abab 400574b4 400575c4 3fcee1a8 3fcee378 40057ad0 00000000 00000000 00000000 00000000 00000000 00000000 00000000 0000001f 0
4000052a 00000000 00000000 00000019 0000abab 400574b4 400575c4 3fcee1a8 3fcee378 40057ad4 00000000 00000000 00000000 00000000 00000000 00000000 00000000 0000001f 0
40000522 00000000 00000000 00000019 0000abab 400574b4 400575c4 3fcee1a8 3fcee378 40057ad4 00000000 00000000 00000000 00000000 00000000 00000000 00000000 0000001f 0
40000524 00000000 00000000 400559ac 0000abab 400574b4 400575c4 3fcee1a8 3fcee378 40057ad4 00000000 00000000 00000000 00000000 00000000 00000000 00000000 0000001f 0
40000526 00000000 00000000 400559ac 0000abab 400574b4 400575c4 3fcee1a8 3fcee378 40057ad4 00000000 00000000 00000000 00000000 00000000 00000000 00000000 0000001f 0
40000528 00000000 00000000 400559ac 0000abab 400574b4 400575c4 3fcee1ac 3fcee378 40057ad4 00000000 00000000 00000000 00000000 00000000 00000000 00000000 0000001f 0
4000052a 00000000 00000000 400559ac 0000abab 400574b4 400575c4 3fcee1ac 3fcee378 40057ad8 00000000 00000000 00000000 00000000 00000000 00000000 00000000 0000001f 0
40000522 00000000 00000000 400559ac 0000abab 400574b4 400575c4 3fcee1ac 3fcee378 40057ad8 00000000 00000000 00000000 00000000 00000000 00000000 00000000 0000001f 0
40000524 00000000 00000000 00000018 0000abab 400574b4 400575c4 3fcee1ac 3fcee378 40057ad8 00000000 00000000 00000000 00000000 00000000 00000000 00000000 0000001f 0
40000526 00000000 00000000 00000018 0000abab 400574b4 400575c4 3fcee1ac 3fcee378 40057ad8 00000000 00000000 00000000 00000000 00000000 00000000 00000000 0000001f 0
40000528 00000000 00000000 00000018 0000abab 400574b4 400575c4 3fcee1b0 3fcee378 40057ad8 00000000 00000000 00000000 00000000 00000000 00000000 00000000 0000001f 0
4000052a 00000000 00000000 00000018 0000abab 400574b4 400575c4 3fcee1b0 3fcee378 40057adc 00000000 00000000 00000000 00000000 00000000 00000000 00000000 0000001f 0
40000522 00000000 00000000 00000018 0000abab 400574b4 400575c4 3fcee1b0 3fcee378 40057adc 00000000 00000000 00000000 00000000 00000000 00000000 00000000 0000001f 0
40000524 00000000 00000000 400559ac 0000abab 400574b4 400575c4 3fcee1b0 3fcee378 40057adc 00000000 00000000 00000000 00000000 00000000 00000000 00000000 0000001f 0
40000526 00000000 00000000 400559ac 0000abab 400574b4 400575c4 3fcee1b0 3fcee378 40057adc 00000000 00000000 00000000 00000000 00000000 00000000 00000000 0000001f 0
40000528 00000000 00000000 400559ac 0000abab 400574b4 400575c4 3fcee1b4 3fcee378 40057adc 00000000 00000000 00000000 00000000 00000000 00000000 00000000 0000001f 0
4000052a 00000000 00000000 400559ac 0000abab 400574b4 400575c4 3fcee1b4 3fcee378 40057ae0 00000000 00000000 00000000 00000000 00000000 00000000 00000000 0000001f 0
40000522 00000000 00000000 400559ac 0000abab 400574b4 400575c4 3fcee1b4 3fcee378 40057ae0 00000000 00000000 00000000 00000000 00000000 00000000 00000000 0000001f 0
40000524 00000000 00000000 00000017 0000abab 400574b4 400575c4 3fcee1b4 3fcee378 40057ae0 00000000 00000000 00000000 00000000 00000000 00000000 00000000 0000001f 0
40000526 00000000 00000000 00000017 0000abab 400574b4 400575c4 3fcee1b4 3fcee378 40057ae0 00000000 00000000 00000000 00000000 00000000 00000000 00000000 0000001f 0
40000528 00000000 00000000 00000017 0000abab 400574b4 400575c4 3fcee1b8 3fcee378 40057ae0 00000000 00000000 00000000 00000000 00000000 00000000 00000000 0000001f 0
4000052a 00000000 00000000 00000017 0000abab 400574b4 400575c4 3fcee1b8 3fcee378 40057ae4 00000000 00000000 00000000 00000000 00000000 00000000 00000000 0000001f 0
40000522 00000000 00000000 00000017 0000abab 400574b4 400575c4 3fcee1b8 3fcee378 40057ae4 00000000 00000000 00000000 00000000 00000000 00000000 00000000 0000001f 0
40000524 00000000 00000000 400559ac 0000abab 400574b4 400575c4 3fcee1b8 3fcee378 40057ae4 00000000 00000000 00000000 00000000 00000000 00000000 00000000 0000001f 0
40000526 00000000 00000000 400559ac 0000abab 400574b4 400575c4 3fcee1b8 3fcee378 40057ae4 00000000 00000000 00000000 00000000 00000000 00000000 00000000 0000001f 0
40000528 00000000 00000000 400559ac 0000abab 400574b4 400575c4 3fcee1bc 3fcee378 40057ae4 00000000 00000000 00000000 00000000 00000000 00000000 00000000 0000001f 0
4000052a 00000000 00000000 400559ac 0000abab 400574b4 400575c4 3fcee1bc 3fcee378 40057ae8 00000000 00000000 00000000 00000000 00000000 00000000 00000000 0000001f 0
40000522 00000000 00000000 400559ac 0000abab 400574b4 400575c4 3fcee1bc 3fcee378 40057ae8 00000000 00000000 00000000 00000000 00000000 00000000 00000000 0000001f 0
40000524 00000000 00000000 00000016 0000abab 400574b4 400575c4 3fcee1bc 3fcee378 40057ae8 00000000 00000000 00000000 00000000 00000000 00000000 00000000 0000001f 0
40000526 00000000 00000000 00000016 0000abab 400574b4 400575c4 3fcee1bc 3fcee378 40057ae8 00000000 00000000 00000000 00000000 00000000 00000000 00000000 0000001f 0
40000528 00000000 00000000 00000016 0000abab 400574b4 400575c4 3fcee1c0 3fcee378 40057ae8 00000000 00000000 00000000 00000000 00000000 00000000 00000000 0000001f 0
4000052a 00000000 00000000 00000016 0000abab 400574b4 400575c4 3fcee1c0 3fcee378 40057aec 00000000 00000000 00000000 00000000 00000000 00000000 00000000 0000001f 0
40000522 00000000 00000000 00000016 0000abab 400574b4 400575c4 3fcee1c0 3fcee378 40057aec 00000000 00000000 00000000 00000000 00000000 00000000 00000000 0000001f 0
40000524 00000000 00000000 400559ac 0000abab 400574b4 400575c4 3fcee1c0 3fcee378 40057aec 00000000 00000000 00000000 00000000 00000000 00000000 00000000 0000001f 0
40000526 00000000 00000000 400559ac 0000abab 400574b4 400575c4 3fcee1c0 3fcee378 40057aec 00000000 00000000 00000000 00000000 00000000 00000000 00000000 0000001f 0
40000528 00000000 00000000 400559ac 0000abab 400574b4 400575c4 3fcee1c4 3fcee378 40057aec 00000000 00000000 00000000 00000000 00000000 00000000 00000000 0000001f 0
4000052a 00000000 00000000 400559ac 0000abab 400574b4 400575c4 3fcee1c4 3fcee378 40057af0 00000000 00000000 00000000 00000000 00000000 00000000 00000000 0000001f 0
40000522 00000000 00000000 400559ac 0000abab 400574b4 400575c4 3fcee1c4 3fcee378 40057af0 00000000 00000000 00000000 00000000 00000000 00000000 00000000 0000001f 0
40000524 00000000 00000000 00000015 0000abab 400574b4 400575c4 3fcee1c4 3fcee378 40057af0 00000000 00000000 00000000 00000000 00000000 00000000 00000000 0000001f 0
40000526 00000000 00000000 00000015 0000abab 400574b4 400575c4 3fcee1c4 3fcee378 40057af0 00000000 00000000 00000000 00000000 00000000 00000000 00000000 0000001f 0
40000528 00000000 00000000 00000015 0000abab 400574b4 400575c4 3fcee1c8 3fcee378 40057af0 00000000 00000000 00000000 00000000 00000000 00000000 00000000 0000001f 0
4000052a 00000000 00000000 00000015 0000abab 400574b4 400575c4 3fcee1c8 3fcee378 40057af4 00000000 00000000 00000000 00000000 00000000 00000000 00000000 0000001f 0
40000522 00000000 00000000 00000015 0000abab 400574b4 400575c4 3fcee1c8 3fcee378 40057af4 00000000 00000000 00000000 00000000 00000000 00000000 00000000 0000001f 0
40000524 00000000 00000000 400559ac 0000abab 400574b4 400575c4 3fcee1c8 3fcee378 40057af4 00000000 00000000 00000000 00000000 00000000 00000000 00000000 0000001f 0
40000526 00000000 00000000 400559ac 0000abab 400574b4 400575c4 3fcee1c8 3fcee378 40057af4 00000000 00000000 00000000 00000000 00000000 00000000 00000000 0000001f 0
40000528 00000000 00000000 400559ac 0000abab 400574b4 400575c4 3fcee1cc 3fcee378 40057af4 00000000 00000000 00000000 00000000 00000000 00000000 00000000 0000001f 0
4000052a 00000000 00000000 400559ac 0000abab 400574b4 400575c4 3fcee1cc 3fcee378 40057af8 00000000 00000000 00000000 00000000 00000000 00000000 00000000 0000001f 0
40000522 00000000 00000000 400559ac 0000abab 400574b4 400575c4 3fcee1cc 3fcee378 40057af8 00000000 00000000 00000000 00000000 00000000 00000000 00000000 0000001f 0
40000524 00000000 00000000 00000014 0000abab 400574b4 400575c4 3fcee1cc 3fcee378 40057af8 00000000 00000000 00000000 00000000 00000000 00000000 00000000 0000001f 0
40000526 00000000 00000000 00000014 0000abab 400574b4 400575c4 3fcee1cc 3fcee378 40057af8 00000000 00000000 00000000 00000000 00000000 00000000 00000000 0000001f 0
40000528 00000000 00000000 00000014 0000abab 400574b4 400575c4 3fcee1d0 3fcee378 40057af8 00000000 00000000 00000000 00000000 00000000 00000000 00000000 0000001f 0
4000052a 00000000 00000000 00000014 0000abab 400574b4 400575c4 3fcee1d0 3fcee378 40057afc 00000000 00000000 00000000 00000000 00000000 00000000 00000000 0000001f 0
40000522 00000000 00000000 00000014 0000abab 400574b4 400575c4 3fcee1d0 3fcee378 40057afc 00000000 00000000 00000000 00000000 00000000 00000000 00000000 0000001f 0
40000524 00000000 00000000 400559ac 0000abab 400574b4 400575c4 3fcee1d0 3fcee378 40057afc 00000000 00000000 00000000 00000000 00000000 00000000 00000000 0000001f 0
40000526 00000000 00000000 400559ac 0000abab 400574b4 400575c4 3fcee1d0 3fcee378 40057afc 00000000 00000000 00000000 00000000 00000000 00000000 00000000 0000001f 0
40000528 00000000 00000000 400559ac 0000abab 400574b4 400575c4 3fcee1d4 3fcee378 40057afc 00000000 00000000 00000000 00000000 00000000 00000000 00000000 0000001f 0
4000052a 00000000 00000000 400559ac 0000abab 400574b4 400575c4 3fcee1d4 3fcee378 40057b00 00000000 00000000 00000000 00000000 00000000 00000000 00000000 0000001f 0
40000522 00000000 00000000 400559ac 0000abab 400574b4 400575c4 3fcee1d4 3fcee378 40057b00 00000000 00000000 00000000 00000000 00000000 00000000 00000000 0000001f 0
40000524 00000000 00000000 00000013 0000abab 400574b4 400575c4 3fcee1d4 3fcee378 40057b00 00000000 00000000 00000000 00000000 00000000 00000000 00000000 0000001f 0
40000526 00000000 00000000 00000013 0000abab 400574b4 400575c4 3fcee1d4 3fcee378 40057b00 00000000 00000000 00000000 00000000 00000000 00000000 00000000 0000001f 0
40000528 00000000 00000000 00000013 0000abab 400574b4 400575c4 3fcee1d8 3fcee378 40057b00 00000000 00000000 00000000 00000000 00000000 00000000 00000000 0000001f 0
4000052a 00000000 00000000 00000013 0000abab 400574b4 400575c4 3fcee1d8 3fcee378 40057b04 00000000 00000000 00000000 00000000 00000000 00000000 00000000 0000001f 0
40000522 00000000 00000000 00000013 0000abab 400574b4 400575c4 3fcee1d8 3fcee378 40057b04 00000000 00000000 00000000 00000000 00000000 00000000 00000000 0000001f 0
40000524 00000000 00000000 400559ac 0000abab 400574b4 400575c4 3fcee1d8 3fcee378 40057b04 00000000 00000000 00000000 00000000 00000000 00000000 00000000 0000001f 0
40000526 00000000 00000000 400559ac 0000abab 400574b4 400575c4 3fcee1d8 3fcee378 40057b04 00000000 00000000 00000000 00000000 00000000 00000000 00000000 0000001f 0
40000528 00000000 00000000 400559ac 0000abab 400574b4 400575c4 3fcee1dc 3fcee378 40057b04 00000000 00000000 00000000 00000000 00000000 00000000 00000000 0000001f 0
4000052a 00000000 00000000 400559ac 0000abab 400574b4 400575c4 3fcee1dc 3fcee378 40057b08 00000000 00000000 00000000 00000000 00000000 00000000 00000000 0000001f 0
40000522 00000000 00000000 400559ac 0000abab 400574b4 400575c4 3fcee1dc 3fcee378 40057b08 00000000 00000000 00000000 00000000 00000000 00000000 00000000 0000001f 0
40000524 00000000 00000000 00000012 0000abab 400574b4 400575c4 3fcee1dc 3fcee378 40057b08 00000000 00000000 00000000 00000000 00000000 00000000 00000000 0000001f 0
40000526 00000000 00000000 00000012 0000abab 400574b4 400575c4 3fcee1dc 3fcee378 40057b08 00000000 00000000 00000000 00000000 00000000 00000000 00000000 0000001f 0
40000528 00000000 00000000 00000012 0000abab 400574b4 400575c4 3fcee1e0 3fcee378 40057b08 00000000 00000000 00000000 00000000 00000000 00000000 00000000 0000001f 0
4000052a 00000000 00000000 00000012 0000abab 400574b4 400575c4 3fcee1e0 3fcee378 40057b0c 00000000 00000000 00000000 00000000 00000000 00000000 00000000 0000001f 0
40000522 00000000 00000000 00000012 0000abab 400574b4 400575c4 3fcee1e0 3fcee378 40057b0c 00000000 00000000 00000000 00000000 00000000 00000000 00000000 0000001f 0
40000524 00000000 00000000 400559ac 0000abab 400574b4 400575c4 3fcee1e0 3fcee378 40057b0c 00000000 00000000 00000000 00000000 00000000 00000000 00000000 0000001f 0
40000526 00000000 00000000 400559ac 0000abab 400574b4 400575c4 3fcee1e0 3fcee378 40057b0c 00000000 00000000 00000000 00000000 00000000 00000000 00000000 0000001f 0
40000528 00000000 00000000 400559ac 0000abab 400574b4 400575c4 3fcee1e4 3fcee378 40057b0c 00000000 00000000 00000000 00000000 00000000 00000000 00000000 0000001f 0
4000052a 00000000 00000000 400559ac 0000abab 400574b4 400575c4 3fcee1e4 3fcee378 40057b10 00000000 00000000 00000000 00000000 00000000 00000000 00000000 0000001f 0
40000522 00000000 00000000 400559ac 0000abab 400574b4 400575c4 3fcee1e4 3fcee378 40057b10 00000000 00000000 00000000 00000000 00000000 00000000 00000000 0000001f 0
40000524 00000000 00000000 00000011 0000abab 400574b4 400575c4 3fcee1e4 3fcee378 40057b10 00000000 00000000 00000000 00000000 00000000 00000000 00000000 0000001f 0
40000526 00000000 00000000 00000011 0000abab 400574b4 400575c4 3fcee1e4 3fcee378 40057b10 00000000 00000000 00000000 00000000 00000000 00000000 00000000 0000001f 0
40000528 00000000 00000000 00000011 0000abab 400574b4 400575c4 3fcee1e8 3fcee378 40057b10 00000000 00000000 00000000 00000000 00000000 00000000 00000000 0000001f 0
4000052a 00000000 00000000 00000011 0000abab 400574b4 400575c4 3fcee1e8 3fcee378 40057b14 00000000 00000000 00000000 00000000 00000000 00000000 00000000 0000001f 0
40000522 00000000 00000000 00000011 0000abab 400574b4 400575c4 3fcee1e8 3fcee378 40057b14 00000000 00000000 00000000 00000000 00000000 00000000 00000000 0000001f 0
40000524 00000000 00000000 400559ac 0000abab 400574b4 400575c4 3fcee1e8 3fcee378 40057b14 00000000 00000000 00000000 00000000 00000000 00000000 00000000 0000001f 0
40000526 00000000 00000000 400559ac 0000abab 400574b4 400575c4 3fcee1e8 3fcee378 40057b14 00000000 00000000 00000000 00000000 00000000 00000000 00000000 0000001f 0
40000528 00000000 00000000 400559ac 0000abab 400574b4 400575c4 3fcee1ec 3fcee378 40057b14 00000000 00000000 00000000 00000000 00000000 00000000 00000000 0000001f 0
4000052a 00000000 00000000 400559ac 0000abab 400574b4 400575c4 3fcee1ec 3fcee378 40057b18 00000000 00000000 00000000 00000000 00000000 00000000 00000000 0000001f 0
40000522 00000000 00000000 400559ac 0000abab 400574b4 400575c4 3fcee1ec 3fcee378 40057b18 00000000 00000000 00000000 00000000 00000000 00000000 00000000 0000001f 0
40000524 00000000 00000000 00000010 0000abab 400574b4 400575c4 3fcee1ec 3fcee378 40057b18 00000000 00000000 00000000 00000000 00000000 00000000 00000000 0000001f 0
40000526 00000000 00000000 00000010 0000abab 400574b4 400575c4 3fcee1ec 3fcee378 40057b18 00000000 00000000 00000000 00000000 00000000 00000000 00000000 0000001f 0
40000528 00000000 00000000 00000010 0000abab 400574b4 400575c4 3fcee1f0 3fcee378 40057b18 00000000 00000000 00000000 00000000 00000000 00000000 00000000 0000001f 0
4000052a 00000000 00000000 00000010 0000abab 400574b4 400575c4 3fcee1f0 3fcee378 40057b1c 00000000 00000000 00000000 00000000 00000000 00000000 00000000 0000001f 0
40000522 00000000 00000000 00000010 0000abab 400574b4 400575c4 3fcee1f0 3fcee378 40057b1c 00000000 00000000 00000000 00000000 00000000 00000000 00000000 0000001f 0
40000524 00000000 00000000 400559ac 0000abab 400574b4 400575c4 3fcee1f0 3fcee378 40057b1c 00000000 00000000 00000000 00000000 00000000 00000000 00000000 0000001f 0
40000526 00000000 00000000 400559ac 0000abab 400574b4 400575c4 3fcee1f0 3fcee378 40057b1c 00000000 00000000 00000000 00000000 00000000 00000000 00000000 0000001f 0
40000528 00000000 00000000 400559ac 0000abab 400574b4 400575c4 3fcee1f4 3fcee378 40057b1c 00000000 00000000 00000000 00000000 00000000 00000000 00000000 0000001f 0
4000052a 00000000 00000000 400559ac 0000abab 400574b4 400575c4 3fcee1f4 3fcee378 40057b20 00000000 00000000 00000000 00000000 00000000 00000000 00000000 0000001f 0
40000522 00000000 00000000 400559ac 0000abab 400574b4 400575c4 3fcee1f4 3fcee378 40057b20 00000000 00000000 00000000 00000000 00000000 00000000 00000000 0000001f 0
40000524 00000000 00000000 0000000f 0000abab 400574b4 400575c4 3fcee1f4 3fcee378 40057b20 00000000 00000000 00000000 00000000 00000000 00000000 00000000 0000001f 0
40000526 00000000 00000000 0000000f 0000abab 400574b4 400575c4 3fcee1f4 3fcee378 40057b20 00000000 00000000 00000000 00000000 00000000 00000000 00000000 0000001f 0
40000528 00000000 00000000 0000000f 0000abab 400574b4 400575c4 3fcee1f8 3fcee378 40057b20 00000000 00000000 00000000 00000000 00000000 00000000 00000000 0000001f 0
4000052a 00000000 00000000 0000000f 0000abab 400574b4 400575c4 3fcee1f8 3fcee378 40057b24 00000000 00000000 00000000 00000000 00000000 00000000 00000000 0000001f 0
40000522 00000000 00000000 0000000f 0000abab 400574b4 400575c4 3fcee1f8 3fcee378 40057b24 00000000 00000000 00000000 00000000 00000000 00000000 00000000 0000001f 0
40000524 00000000 00000000 400559ac 0000abab 400574b4 400575c4 3fcee1f8 3fcee378 40057b24 00000000 00000000 00000000 00000000 00000000 00000000 00000000 0000001f 0
40000526 00000000 00000000 400559ac 0000abab 400574b4 400575c4 3fcee1f8 3fcee378 40057b24 00000000 00000000 00000000 00000000 00000000 00000000 00000000 0000001f 0
40000528 00000000 00000000 400559ac 0000abab 400574b4 400575c4 3fcee1fc 3fcee378 40057b24 00000000 00000000 00000000 00000000 00000000 00000000 00000000 0000001f 0
4000052a 00000000 00000000 400559ac 0000abab 400574b4 400575c4 3fcee1fc 3fcee378 40057b28 00000000 00000000 00000000 00000000 00000000 00000000 00000000 0000001f 0
40000522 00000000 00000000 400559ac 0000abab 400574b4 400575c4 3fcee1fc 3fcee378 40057b28 00000000 00000000 00000000 00000000 00000000 00000000 00000000 0000001f 0
40000524 00000000 00000000 0000000e 0000abab 400574b4 400575c4 3fcee1fc 3fcee378 40057b28 00000000 00000000 00000000 00000000 00000000 00000000 00000000 0000001f 0
40000526 00000000 00000000 0000000e 0000abab 400574b4 400575c4 3fcee1fc 3fcee378 40057b28 00000000 00000000 00000000 00000000 00000000 00000000 00000000 0000001f 0
40000528 00000000 00000000 0000000e 0000abab 400574b4 400575c4 3fcee200 3fcee378 40057b28 00000000 00000000 00000000 00000000 00000000 00000000 00000000 0000001f 0
4000052a 00000000 00000000 0000000e 0000abab 400574b4 400575c4 3fcee200 3fcee378 40057b2c 00000000 00000000 00000000 00000000 00000000 00000000 00000000 0000001f 0
40000522 00000000 00000000 0000000e 0000abab 400574b4 400575c4 3fcee200 3fcee378 40057b2c 00000000 00000000 00000000 00000000 00000000 00000000 00000000 0000001f 0
40000524 00000000 00000000 400559ac 0000abab 400574b4 400575c4 3fcee200 3fcee378 40057b2c 00000000 00000000 00000000 00000000 00000000 00000000 00000000 0000001f 0
40000526 00000000 00000000 400559ac 0000abab 400574b4 400575c4 3fcee200 3fcee378 40057b2c 00000000 00000000 00000000 00000000 00000000 00000000 00000000 0000001f 0
40000528 00000000 00000000 400559ac 0000abab 400574b4 400575c4 3fcee204 3fcee378 40057b2c 00000000 00000000 00000000 00000000 00000000 00000000 00000000 0000001f 0
4000052a 00000000 00000000 400559ac 0000abab 400574b4 400575c4 3fcee204 3fcee378 40057b30 00000000 00000000 00000000 00000000 00000000 00000000 00000000 0000001f 0
40000522 00000000 00000000 400559ac 0000abab 400574b4 400575c4 3fcee204 3fcee378 40057b30 00000000 00000000 00000000 00000000 00000000 00000000 00000000 0000001f 0
40000524 00000000 00000000 0000000d 0000abab 400574b4 400575c4 3fcee204 3fcee378 40057b30 00000000 00000000 00000000 00000000 00000000 00000000 00000000 0000001f 0
40000526 00000000 00000000 0000000d 0000abab 400574b4 400575c4 3fcee204 3fcee378 40057b30 00000000 00000000 00000000 00000000 00000000 00000000 00000000 0000001f 0
40000528 00000000 00000000 0000000d 0000abab 400574b4 400575c4 3fcee208 3fcee378 40057b30 00000000 00000000 00000000 00000000 00000000 00000000 00000000 0000001f 0
4000052a 00000000 00000000 0000000d 0000abab 400574b4 400575c4 3fcee208 3fcee378 40057b34 00000000 00000000 00000000 00000000 00000000 00000000 00000000 0000001f 0
40000522 00000000 00000000 0000000d 0000abab 400574b4 400575c4 3fcee208 3fcee378 40057b34 00000000 00000000 00000000 00000000 00000000 00000000 00000000 0000001f 0
40000524 00000000 00000000 400559ac 0000abab 400574b4 400575c4 3fcee208 3fcee378 40057b34 00000000 00000000 00000000 00000000 00000000 00000000 00000000 0000001f 0
40000526 00000000 00000000 400559ac 0000abab 400574b4 400575c4 3fcee208 3fcee378 40057b34 00000000 00000000 00000000 00000000 00000000 00000000 00000000 0000001f 0
40000528 00000000 00000000 400559ac 0000abab 400574b4 400575c4 3fcee20c 3fcee378 40057b34 00000000 00000000 00000000 00000000 00000000 00000000 00000000 0000001f 0
4000052a 00000000 00000000 400559ac 0000abab 400574b4 400575c4 3fcee20c 3fcee378 40057b38 00000000 00000000 00000000 00000000 00000000 00000000 00000000 0000001f 0
40000522 00000000 00000000 400559ac 0000abab 400574b4 400575c4 3fcee20c 3fcee378 40057b38 00000000 00000000 00000000 00000000 00000000 00000000 00000000 0000001f 0
40000524 00000000 00000000 0000000c 0000abab 400574b4 400575c4 3fcee20c 3fcee378 40057b38 00000000 00000000 00000000 00000000 00000000 00000000 00000000 0000001f 0
40000526 00000000 00000000 0000000c 0000abab 400574b4 400575c4 3fcee20c 3fcee378 40057b38 00000000 00000000 00000000 00000000 00000000 00000000 00000000 0000001f 0
40000528 00000000 00000000 0000000c 0000abab 400574b4 400575c4 3fcee210 3fcee378 40057b38 00000000 00000000 00000000 00000000 00000000 00000000 00000000 0000001f 0
4000052a 00000000 00000000 0000000c 0000abab 400574b4 400575c4 3fcee210 3fcee378 40057b3c 00000000 00000000 00000000 00000000 00000000 00000000 00000000 0000001f 0
40000522 00000000 00000000 0000000c 0000abab 400574b4 400575c4 3fcee210 3fcee378 40057b3c 00000000 00000000 00000000 00000000 00000000 00000000 00000000 0000001f 0
40000524 00000000 00000000 400559ac 0000abab 400574b4 400575c4 3fcee210 3fcee378 40057b3c 00000000 00000000 00000000 00000000 00000000 00000000 00000000 0000001f 0
40000526 00000000 00000000 400559ac 0000abab 400574b4 400575c4 3fcee210 3fcee378 40057b3c 00000000 00000000 00000000 00000000 00000000 00000000 00000000 0000001f 0
40000528 00000000 00000000 400559ac 0000abab 400574b4 400575c4 3fcee214 3fcee378 40057b3c 00000000 00000000 00000000 00000000 00000000 00000000 00000000 0000001f 0
4000052a 00000000 00000000 400559ac 0000abab 400574b4 400575c4 3fcee214 3fcee378 40057b40 00000000 00000000 00000000 00000000 00000000 00000000 00000000 0000001f 0
40000522 00000000 00000000 400559ac 0000abab 400574b4 400575c4 3fcee214 3fcee378 40057b40 00000000 00000000 00000000 00000000 00000000 00000000 00000000 0000001f 0
40000524 00000000 00000000 0000000b 0000abab 400574b4 400575c4 3fcee214 3fcee378 40057b40 00000000 00000000 00000000 00000000 00000000 00000000 00000000 0000001f 0
40000526 00000000 00000000 0000000b 0000abab 400574b4 400575c4 3fcee214 3fcee378 40057b40 00000000 00000000 00000000 00000000 00000000 00000000 00000000 0000001f 0
40000528 00000000 00000000 0000000b 0000abab 400574b4 400575c4 3fcee218 3fcee378 40057b40 00000000 00000000 00000000 00000000 00000000 00000000 00000000 0000001f 0
4000052a 00000000 00000000 0000000b 0000abab 400574b4 400575c4 3fcee218 3fcee378 40057b44 00000000 00000000 00000000 00000000 00000000 00000000 00000000 0000001f 0
40000522 00000000 00000000 0000000b 0000abab 400574b4 400575c4 3fcee218 3fcee378 40057b44 00000000 00000000 00000000 00000000 00000000 00000000 00000000 0000001f 0
40000524 00000000 00000000 400559ac 0000abab 400574b4 400575c4 3fcee218 3fcee378 40057b44 00000000 00000000 00000000 00000000 00000000 00000000 00000000 0000001f 0
40000526 00000000 00000000 400559ac 0000abab 400574b4 400575c4 3fcee218 3fcee378 40057b44 00000000 00000000 00000000 00000000 00000000 00000000 00000000 0000001f 0
40000528 00000000 00000000 400559ac 0000abab 400574b4 400575c4 3fcee21c 3fcee378 40057b44 00000000 00000000 00000000 00000000 00000000 00000000 00000000 0000001f 0
4000052a 00000000 00000000 400559ac 0000abab 400574b4 400575c4 3fcee21c 3fcee378 40057b48 00000000 00000000 00000000 00000000 00000000 00000000 00000000 0000001f 0
40000522 00000000 00000000 400559ac 0000abab 400574b4 400575c4 3fcee21c 3fcee378 40057b48 00000000 00000000 00000000 00000000 00000000 00000000 00000000 0000001f 0
40000524 00000000 00000000 0000000a 0000abab 400574b4 400575c4 3fcee21c 3fcee378 40057b48 00000000 00000000 00000000 00000000 00000000 00000000 00000000 0000001f 0
40000526 00000000 00000000 0000000a 0000abab 400574b4 400575c4 3fcee21c 3fcee378 40057b48 00000000 00000000 00000000 00000000 00000000 00000000 00000000 0000001f 0
40000528 00000000 00000000 0000000a 0000abab 400574b4 400575c4 3fcee220 3fcee378 40057b48 00000000 00000000 00000000 00000000 00000000 00000000 00000000 0000001f 0
4000052a 00000000 00000000 0000000a 0000abab 400574b4 400575c4 3fcee220 3fcee378 40057b4c 00000000 00000000 00000000 00000000 00000000 00000000 00000000 0000001f 0
40000522 00000000 00000000 0000000a 0000abab 400574b4 400575c4 3fcee220 3fcee378 40057b4c 00000000 00000000 00000000 00000000 00000000 00000000 00000000 0000001f 0
40000524 00000000 00000000 400559ac 0000abab 400574b4 400575c4 3fcee220 3fcee378 40057b4c 00000000 00000000 00000000 00000000 00000000 00000000 00000000 0000001f 0
40000526 00000000 00000000 400559ac 0000abab 400574b4 400575c4 3fcee220 3fcee378 40057b4c 00000000 00000000 00000000 00000000 00000000 00000000 00000000 0000001f 0
40000528 00000000 00000000 400559ac 0000abab 400574b4 400575c4 3fcee224 3fcee378 40057b4c 00000000 00000000 00000000 00000000 00000000 00000000 00000000 0000001f 0
4000052a 00000000 00000000 400559ac 0000abab 400574b4 400575c4 3fcee224 3fcee378 40057b50 00000000 00000000 00000000 00000000 00000000 00000000 00000000 0000001f 0
40000522 00000000 00000000 400559ac 0000abab 400574b4 400575c4 3fcee224 3fcee378 40057b50 00000000 00000000 00000000 00000000 00000000 00000000 00000000 0000001f 0
40000524 00000000 00000000 00000009 0000abab 400574b4 400575c4 3fcee224 3fcee378 40057b50 00000000 00000000 00000000 00000000 00000000 00000000 00000000 0000001f 0
40000526 00000000 00000000 00000009 0000abab 400574b4 400575c4 3fcee224 3fcee378 40057b50 00000000 00000000 00000000 00000000 00000000 00000000 00000000 0000001f 0
40000528 00000000 00000000 00000009 0000abab 400574b4 400575c4 3fcee228 3fcee378 40057b50 00000000 00000000 00000000 00000000 00000000 00000000 00000000 0000001f 0
4000052a 00000000 00000000 00000009 0000abab 400574b4 400575c4 3fcee228 3fcee378 40057b54 00000000 00000000 00000000 00000000 00000000 00000000 00000000 0000001f 0
40000522 00000000 00000000 00000009 0000abab 400574b4 400575c4 3fcee228 3fcee378 40057b54 00000000 00000000 00000000 00000000 00000000 00000000 00000000 0000001f 0
40000524 00000000 00000000 400559ac 0000abab 400574b4 400575c4 3fcee228 3fcee378 40057b54 00000000 00000000 00000000 00000000 00000000 00000000 00000000 0000001f 0
40000526 00000000 00000000 400559ac 0000abab 400574b4 400575c4 3fcee228 3fcee378 40057b54 00000000 00000000 00000000 00000000 00000000 00000000 00000000 0000001f 0
40000528 00000000 00000000 400559ac 0000abab 400574b4 400575c4 3fcee22c 3fcee378 40057b54 00000000 00000000 00000000 00000000 00000000 00000000 00000000 0000001f 0
4000052a 00000000 00000000 400559ac 0000abab 400574b4 400575c4 3fcee22c 3fcee378 40057b58 00000000 00000000 00000000 00000000 00000000 00000000 00000000 0000001f 0
40000522 00000000 00000000 400559ac 0000abab 400574b4 400575c4 3fcee22c 3fcee378 40057b58 00000000 00000000 00000000 00000000 00000000 00000000 00000000 0000001f 0
40000524 00000000 00000000 00000008 0000abab 400574b4 400575c4 3fcee22c 3fcee378 40057b58 00000000 00000000 00000000 00000000 00000000 00000000 00000000 0000001f 0
40000526 00000000 00000000 00000008 0000abab 400574b4 400575c4 3fcee22c 3fcee378 40057b58 00000000 00000000 00000000 00000000 00000000 00000000 00000000 0000001f 0
40000528 00000000 00000000 00000008 0000abab 400574b4 400575c4 3fcee230 3fcee378 40057b58 00000000 00000000 00000000 00000000 00000000 00000000 00000000 0000001f 0
4000052a 00000000 00000000 00000008 0000abab 400574b4 400575c4 3fcee230 3fcee378 40057b5c 00000000 00000000 00000000 00000000 00000000 00000000 00000000 0000001f 0
40000522 00000000 00000000 00000008 0000abab 400574b4 400575c4 3fcee230 3fcee378 40057b5c 00000000 00000000 00000000 00000000 00000000 00000000 00000000 0000001f 0
40000524 00000000 00000000 400559ac 0000abab 400574b4 400575c4 3fcee230 3fcee378 40057b5c 00000000 00000000 00000000 00000000 00000000 00000000 00000000 0000001f 0
40000526 00000000 00000000 400559ac 0000abab 400574b4 400575c4 3fcee230 3fcee378 40057b5c 00000000 00000000 00000000 00000000 00000000 00000000 00000000 0000001f 0
40000528 00000000 00000000 400559ac 0000abab 400574b4 400575c4 3fcee234 3fcee378 40057b5c 00000000 00000000 00000000 00000000 00000000 00000000 00000000 0000001f 0
4000052a 00000000 00000000 400559ac 0000abab 400574b4 400575c4 3fcee234 3fcee378 40057b60 00000000 00000000 00000000 00000000 00000000 00000000 00000000 0000001f 0
40000522 00000000 00000000 400559ac 0000abab 400574b4 400575c4 3fcee234 3fcee378 40057b60 00000000 00000000 00000000 00000000 00000000 00000000 00000000 0000001f 0
40000524 00000000 00000000 00000007 0000abab 400574b4 400575c4 3fcee234 3fcee378 40057b60 00000000 00000000 00000000 00000000 00000000 00000000 00000000 0000001f 0
40000526 00000000 00000000 00000007 0000abab 400574b4 400575c4 3fcee234 3fcee378 40057b60 00000000 00000000 00000000 00000000 00000000 00000000 00000000 0000001f 0
40000528 00000000 00000000 00000007 0000abab 400574b4 400575c4 3fcee238 3fcee378 40057b60 00000000 00000000 00000000 00000000 00000000 00000000 00000000 0000001f 0
4000052a 00000000 00000000 00000007 0000abab 400574b4 400575c4 3fcee238 3fcee378 40057b64 00000000 00000000 00000000 00000000 00000000 00000000 00000000 0000001f 0
40000522 00000000 00000000 00000007 0000abab 400574b4 400575c4 3fcee238 3fcee378 40057b64 00000000 00000000 00000000 00000000 00000000 00000000 00000000 0000001f 0
40000524 00000000 00000000 400559ac 0000abab 400574b4 400575c4 3fcee238 3fcee378 40057b64 00000000 00000000 00000000 00000000 00000000 00000000 00000000 0000001f 0
40000526 00000000 00000000 400559ac 0000abab 400574b4 400575c4 3fcee238 3fcee378 40057b64 00000000 00000000 00000000 00000000 00000000 00000000 00000000 0000001f 0
40000528 00000000 00000000 400559ac 0000abab 400574b4 400575c4 3fcee23c 3fcee378 40057b64 00000000 00000000 00000000 00000000 00000000 00000000 00000000 0000001f 0
4000052a 00000000 00000000 400559ac 0000abab 400574b4 400575c4 3fcee23c 3fcee378 40057b68 00000000 00000000 00000000 00000000 00000000 00000000 00000000 0000001f 0
40000522 00000000 00000000 400559ac 0000abab 400574b4 400575c4 3fcee23c 3fcee378 40057b68 00000000 00000000 00000000 00000000 00000000 00000000 00000000 0000001f 0
40000524 00000000 00000000 00000006 0000abab 400574b4 400575c4 3fcee23c 3fcee378 40057b68 00000000 00000000 00000000 00000000 00000000 00000000 00000000 0000001f 0
40000526 00000000 00000000 00000006 0000abab 400574b4 400575c4 3fcee23c 3fcee378 40057b68 00000000 00000000 00000000 00000000 00000000 00000000 00000000 0000001f 0
40000528 00000000 00000000 00000006 0000abab 400574b4 400575c4 3fcee240 3fcee378 40057b68 00000000 00000000 00000000 00000000 00000000 00000000 00000000 0000001f 0
4000052a 00000000 00000000 00000006 0000abab 400574b4 400575c4 3fcee240 3fcee378 40057b6c 00000000 00000000 00000000 00000000 00000000 00000000 00000000 0000001f 0
40000522 00000000 00000000 00000006 0000abab 400574b4 400575c4 3fcee240 3fcee378 40057b6c 00000000 00000000 00000000 00000000 00000000 00000000 00000000 0000001f 0
40000524 00000000 00000000 400559ac 0000abab 400574b4 400575c4 3fcee240 3fcee378 40057b6c 00000000 00000000 00000000 00000000 00000000 00000000 00000000 0000001f 0
40000526 00000000 00000000 400559ac 0000abab 400574b4 400575c4 3fcee240 3fcee378 40057b6c 00000000 00000000 00000000 00000000 00000000 00000000 00000000 0000001f 0
40000528 00000000 00000000 400559ac 0000abab 400574b4 400575c4 3fcee244 3fcee378 40057b6c 00000000 00000000 00000000 00000000 00000000 00000000 00000000 0000001f 0
4000052a 00000000 00000000 400559ac 0000abab 400574b4 400575c4 3fcee244 3fcee378 40057b70 00000000 00000000 00000000 00000000 00000000 00000000 00000000 0000001f 0
40000522 00000000 00000000 400559ac 0000abab 400574b4 400575c4 3fcee244 3fcee378 40057b70 00000000 00000000 00000000 00000000 00000000 00000000 00000000 0000001f 0
40000524 00000000 00000000 00000005 0000abab 400574b4 400575c4 3fcee244 3fcee378 40057b70 00000000 00000000 00000000 00000000 00000000 00000000 00000000 0000001f 0
40000526 00000000 00000000 00000005 0000abab 400574b4 400575c4 3fcee244 3fcee378 40057b70 00000000 00000000 00000000 00000000 00000000 00000000 00000000 0000001f 0
40000528 00000000 00000000 00000005 0000abab 400574b4 400575c4 3fcee248 3fcee378 40057b70 00000000 00000000 00000000 00000000 00000000 00000000 00000000 0000001f 0
4000052a 00000000 00000000 00000005 0000abab 400574b4 400575c4 3fcee248 3fcee378 40057b74 00000000 00000000 00000000 00000000 00000000 00000000 00000000 0000001f 0
40000522 00000000 00000000 00000005 0000abab 400574b4 400575c4 3fcee248 3fcee378 40057b74 00000000 00000000 00000000 00000000 00000000 00000000 00000000 0000001f 0
40000524 00000000 00000000 400559ac 0000abab 400574b4 400575c4 3fcee248 3fcee378 40057b74 00000000 00000000 00000000 00000000 00000000 00000000 00000000 0000001f 0
40000526 00000000 00000000 400559ac 0000abab 400574b4 400575c4 3fcee248 3fcee378 40057b74 00000000 00000000 00000000 00000000 00000000 00000000 00000000 0000001f 0
40000528 00000000 00000000 400559ac 0000abab 400574b4 400575c4 3fcee24c 3fcee378 40057b74 00000000 00000000 00000000 00000000 00000000 00000000 00000000 0000001f 0
4000052a 00000000 00000000 400559ac 0000abab 400574b4 400575c4 3fcee24c 3fcee378 40057b78 00000000 00000000 00000000 00000000 00000000 00000000 00000000 0000001f 0
40000522 00000000 00000000 400559ac 0000abab 400574b4 400575c4 3fcee24c 3fcee378 40057b78 00000000 00000000 00000000 00000000 00000000 00000000 00000000 0000001f 0
40000524 00000000 00000000 00000004 0000abab 400574b4 400575c4 3fcee24c 3fcee378 40057b78 00000000 00000000 00000000 00000000 00000000 00000000 00000000 0000001f 0
40000526 00000000 00000000 00000004 0000abab 400574b4 400575c4 3fcee24c 3fcee378 40057b78 00000000 00000000 00000000 00000000 00000000 00000000 00000000 0000001f 0
40000528 00000000 00000000 00000004 0000abab 400574b4 400575c4 3fcee250 3fcee378 40057b78 00000000 00000000 00000000 00000000 00000000 00000000 00000000 0000001f 0
4000052a 00000000 00000000 00000004 0000abab 400574b4 400575c4 3fcee250 3fcee378 40057b7c 00000000 00000000 00000000 00000000 00000000 00000000 00000000 0000001f 0
40000522 00000000 00000000 00000004 0000abab 400574b4 400575c4 3fcee250 3fcee378 40057b7c 00000000 00000000 00000000 00000000 00000000 00000000 00000000 0000001f 0
40000524 00000000 00000000 400559ac 0000abab 400574b4 400575c4 3fcee250 3fcee378 40057b7c 00000000 00000000 00000000 00000000 00000000 00000000 00000000 0000001f 0
40000526 00000000 00000000 400559ac 0000abab 400574b4 400575c4 3fcee250 3fcee378 40057b7c 00000000 00000000 00000000 00000000 00000000 00000000 00000000 0000001f 0
40000528 00000000 00000000 400559ac 0000abab 400574b4 400575c4 3fcee254 3fcee378 40057b7c 00000000 00000000 00000000 00000000 00000000 00000000 00000000 0000001f 0
4000052a 00000000 00000000 400559ac 0000abab 400574b4 400575c4 3fcee254 3fcee378 40057b80 00000000 00000000 00000000 00000000 00000000 00000000 00000000 0000001f 0
40000522 00000000 00000000 400559ac 0000abab 400574b4 400575c4 3fcee254 3fcee378 40057b80 00000000 00000000 00000000 00000000 00000000 00000000 00000000 0000001f 0
40000524 00000000 00000000 00000003 0000abab 400574b4 400575c4 3fcee254 3fcee378 40057b80 00000000 00000000 00000000 00000000 00000000 00000000 00000000 0000001f 0
40000526 00000000 00000000 00000003 0000abab 400574b4 400575c4 3fcee254 3fcee378 40057b80 00000000 00000000 00000000 00000000 00000000 00000000 00000000 0000001f 0
40000528 00000000 00000000 00000003 0000abab 400574b4 400575c4 3fcee258 3fcee378 40057b80 00000000 00000000 00000000 00000000 00000000 00000000 00000000 0000001f 0
4000052a 00000000 00000000 00000003 0000abab 400574b4 400575c4 3fcee258 3fcee378 40057b84 00000000 00000000 00000000 00000000 00000000 00000000 00000000 0000001f 0
40000522 00000000 00000000 00000003 0000abab 400574b4 400575c4 3fcee258 3fcee378 40057b84 00000000 00000000 00000000 00000000 00000000 00000000 00000000 0000001f 0
40000524 00000000 00000000 400559ac 0000abab 400574b4 400575c4 3fcee258 3fcee378 40057b84 00000000 00000000 00000000 00000000 00000000 00000000 00000000 0000001f 0
40000526 00000000 00000000 400559ac 0000abab 400574b4 400575c4 3fcee258 3fcee378 40057b84 00000000 00000000 00000000 00000000 00000000 00000000 00000000 0000001f 0
40000528 00000000 00000000 400559ac 0000abab 400574b4 400575c4 3fcee25c 3fcee378 40057b84 00000000 00000000 00000000 00000000 00000000 00000000 00000000 0000001f 0
4000052a 00000000 00000000 400559ac 0000abab 400574b4 400575c4 3fcee25c 3fcee378 40057b88 00000000 00000000 00000000 00000000 00000000 00000000 00000000 0000001f 0
40000522 00000000 00000000 400559ac 0000abab 400574b4 400575c4 3fcee25c 3fcee378 40057b88 00000000 00000000 00000000 00000000 00000000 00000000 00000000 0000001f 0
40000524 00000000 00000000 00000002 0000abab 400574b4 400575c4 3fcee25c 3fcee378 40057b88 00000000 00000000 00000000 00000000 00000000 00000000 00000000 0000001f 0
40000526 00000000 00000000 00000002 0000abab 400574b4 400575c4 3fcee25c 3fcee378 40057b88 00000000 00000000 00000000 00000000 00000000 00000000 00000000 0000001f 0
40000528 00000000 00000000 00000002 0000abab 400574b4 400575c4 3fcee260 3fcee378 40057b88 00000000 00000000 00000000 00000000 00000000 00000000 00000000 0000001f 0
4000052a 00000000 00000000 00000002 0000abab 400574b4 400575c4 3fcee260 3fcee378 40057b8c 00000000 00000000 00000000 00000000 00000000 00000000 00000000 0000001f 0
40000522 00000000 00000000 00000002 0000abab 400574b4 400575c4 3fcee260 3fcee378 40057b8c 00000000 00000000 00000000 00000000 00000000 00000000 00000000 0000001f 0
40000524 00000000 00000000 400559ac 0000abab 400574b4 400575c4 3fcee260 3fcee378 40057b8c 00000000 00000000 00000000 00000000 00000000 00000000 00000000 0000001f 0
40000526 00000000 00000000 400559ac 0000abab 400574b4 400575c4 3fcee260 3fcee378 40057b8c 00000000 00000000 00000000 00000000 00000000 00000000 00000000 0000001f 0
40000528 00000000 00000000 400559ac 0000abab 400574b4 400575c4 3fcee264 3fcee378 40057b8c 00000000 00000000 00000000 00000000 00000000 00000000 00000000 0000001f 0
4000052a 00000000 00000000 400559ac 0000abab 400574b4 400575c4 3fcee264 3fcee378 40057b90 00000000 00000000 00000000 00000000 00000000 00000000 00000000 0000001f 0
40000522 00000000 00000000 400559ac 0000abab 400574b4 400575c4 3fcee264 3fcee378 40057b90 00000000 00000000 00000000 00000000 00000000 00000000 00000000 0000001f 0
40000524 00000000 00000000 00000001 0000abab 400574b4 400575c4 3fcee264 3fcee378 40057b90 00000000 00000000 00000000 00000000 00000000 00000000 00000000 0000001f 0
40000526 00000000 00000000 00000001 0000abab 400574b4 400575c4 3fcee264 3fcee378 40057b90 00000000 00000000 00000000 00000000 00000000 00000000 00000000 0000001f 0
40000528 00000000 00000000 00000001 0000abab 400574b4 400575c4 3fcee268 3fcee378 40057b90 00000000 00000000 00000000 00000000 00000000 00000000 00000000 0000001f 0
4000052a 00000000 00000000 00000001 0000abab 400574b4 400575c4 3fcee268 3fcee378 40057b94 00000000 00000000 00000000 00000000 00000000 00000000 00000000 0000001f 0
40000522 00000000 00000000 00000001 0000abab 400574b4 400575c4 3fcee268 3fcee378 40057b94 00000000 00000000 00000000 00000000 00000000 00000000 00000000 0000001f 0
40000524 00000000 00000000 400559ac 0000abab 400574b4 400575c4 3fcee268 3fcee378 40057b94 00000000 00000000 00000000 00000000 00000000 00000000 00000000 0000001f 0
40000526 00000000 00000000 400559ac 0000abab 400574b4 400575c4 3fcee268 3fcee378 40057b94 00000000 00000000 00000000 00000000 00000000 00000000 00000000 0000001f 0
40000528 00000000 00000000 400559ac 0000abab 400574b4 400575c4 3fcee26c 3fcee378 40057b94 00000000 00000000 00000000 00000000 00000000 00000000 00000000 0000001f 0
4000052a 00000000 00000000 400559ac 0000abab 400574b4 400575c4 3fcee26c 3fcee378 40057b98 00000000 00000000 00000000 00000000 00000000 00000000 00000000 0000001f 0
40000522 00000000 00000000 400559ac 0000abab 400574b4 400575c4 3fcee26c 3fcee378 40057b98 00000000 00000000 00000000 00000000 00000000 00000000 00000000 0000001f 0
40000524 00000000 00000000 00000000 0000abab 400574b4 400575c4 3fcee26c 3fcee378 40057b98 00000000 00000000 00000000 00000000 00000000 00000000 00000000 0000001f 0
40000526 00000000 00000000 00000000 0000abab 400574b4 400575c4 3fcee26c 3fcee378 40057b98 00000000 00000000 00000000 00000000 00000000 00000000 00000000 0000001f 0
40000528 00000000 00000000 00000000 0000abab 400574b4 400575c4 3fcee270 3fcee378 40057b98 00000000 00000000 00000000 00000000 00000000 00000000 00000000 0000001f 0
4000052a 00000000 00000000 00000000 0000abab 400574b4 400575c4 3fcee270 3fcee378 40057b9c 00000000 00000000 00000000 00000000 00000000 00000000 00000000 0000001f 0
40000522 00000000 00000000 00000000 0000abab 400574b4 400575c4 3fcee270 3fcee378 40057b9c 00000000 00000000 00000000 00000000 00000000 00000000 00000000 0000001f 0
40000524 00000000 00000000 fff9c800 0000abab 400574b4 400575c4 3fcee270 3fcee378 40057b9c 00000000 00000000 00000000 00000000 00000000 00000000 00000000 0000001f 0
40000526 00000000 00000000 fff9c800 0000abab 400574b4 400575c4 3fcee270 3fcee378 40057b9c 00000000 00000000 00000000 00000000 00000000 00000000 00000000 0000001f 0
40000528 00000000 00000000 fff9c800 0000abab 400574b4 400575c4 3fcee274 3fcee378 40057b9c 00000000 00000000 00000000 00000000 00000000 00000000 00000000 0000001f 0
4000052a 00000000 00000000 fff9c800 0000abab 400574b4 400575c4 3fcee274 3fcee378 40057ba0 00000000 00000000 00000000 00000000 00000000 00000000 00000000 0000001f 0
40000522 00000000 00000000 fff9c800 0000abab 400574b4 400575c4 3fcee274 3fcee378 40057ba0 00000000 00000000 00000000 00000000 00000000 00000000 00000000 0000001f 0
40000524 00000000 00000000 80000000 0000abab 400574b4 400575c4 3fcee274 3fcee378 40057ba0 00000000 00000000 00000000 00000000 00000000 00000000 00000000 0000001f 0
40000526 00000000 00000000 80000000 0000abab 400574b4 400575c4 3fcee274 3fcee378 40057ba0 00000000 00000000 00000000 00000000 00000000 00000000 00000000 0000001f 0
40000528 00000000 00000000 80000000 0000abab 400574b4 400575c4 3fcee278 3fcee378 40057ba0 00000000 00000000 00000000 00000000 00000000 00000000 00000000 0000001f 0
4000052a 00000000 00000000 80000000 0000abab 400574b4 400575c4 3fcee278 3fcee378 40057ba4 00000000 00000000 00000000 00000000 00000000 00000000 00000000 0000001f 0
40000522 00000000 00000000 80000000 0000abab 400574b4 400575c4 3fcee278 3fcee378 40057ba4 00000000 00000000 00000000 00000000 00000000 00000000 00000000 0000001f 0
40000524 00000000 00000000 fff9c800 0000abab 400574b4 400575c4 3fcee278 3fcee378 40057ba4 00000000 00000000 00000000 00000000 00000000 00000000 00000000 0000001f 0
40000526 00000000 00000000 fff9c800 0000abab 400574b4 400575c4 3fcee278 3fcee378 40057ba4 00000000 00000000 00000000 00000000 00000000 00000000 00000000 0000001f 0
40000528 00000000 00000000 fff9c800 0000abab 400574b4 400575c4 3fcee27c 3fcee378 40057ba4 00000000 00000000 00000000 00000000 00000000 00000000 00000000 0000001f 0
4000052a 00000000 00000000 fff9c800 0000abab 400574b4 400575c4 3fcee27c 3fcee378 40057ba8 00000000 00000000 00000000 00000000 00000000 00000000 00000000 0000001f 0
40000522 00000000 00000000 fff9c800 0000abab 400574b4 400575c4 3fcee27c 3fcee378 40057ba8 00000000 00000000 00000000 00000000 00000000 00000000 00000000 0000001f 0
40000524 00000000 00000000 40000000 0000abab 400574b4 400575c4 3fcee27c 3fcee378 40057ba8 00000000 00000000 00000000 00000000 00000000 00000000 00000000 0000001f 0
40000526 00000000 00000000 40000000 0000abab 400574b4 400575c4 3fcee27c 3fcee378 40057ba8 00000000 00000000 00000000 00000000 00000000 00000000 00000000 0000001f 0
40000528 00000000 00000000 40000000 0000abab 400574b4 400575c4 3fcee280 3fcee378 40057ba8 00000000 00000000 00000000 00000000 00000000 00000000 00000000 0000001f 0
4000052a 00000000 00000000 40000000 0000abab 400574b4 400575c4 3fcee280 3fcee378 40057bac 00000000 00000000 00000000 00000000 00000000 00000000 00000000 0000001f 0
40000522 00000000 00000000 40000000 0000abab 400574b4 400575c4 3fcee280 3fcee378 40057bac 00000000 00000000 00000000 00000000 00000000 00000000 00000000 0000001f 0
40000524 00000000 00000000 fff9c800 0000abab 400574b4 400575c4 3fcee280 3fcee378 40057bac 00000000 00000000 00000000 00000000 00000000 00000000 00000000 0000001f 0
40000526 00000000 00000000 fff9c800 0000abab 400574b4 400575c4 3fcee280 3fcee378 40057bac 00000000 00000000 00000000 00000000 00000000 00000000 00000000 0000001f 0
40000528 00000000 00000000 fff9c800 0000abab 400574b4 400575c4 3fcee284 3fcee378 40057bac 00000000 00000000 00000000 00000000 00000000 00000000 00000000 0000001f 0
4000052a 00000000 00000000 fff9c800 0000abab 400574b4 400575c4 3fcee284 3fcee378 40057bb0 00000000 00000000 00000000 00000000 00000000 00000000 00000000 0000001f 0
40000522 00000000 00000000 fff9c800 0000abab 400574b4 400575c4 3fcee284 3fcee378 40057bb0 00000000 00000000 00000000 00000000 00000000 00000000 00000000 0000001f 0
40000524 00000000 00000000 20000000 0000abab 400574b4 400575c4 3fcee284 3fcee378 40057bb0 00000000 00000000 00000000 00000000 00000000 00000000 00000000 0000001f 0
40000526 00000000 00000000 20000000 0000abab 400574b4 400575c4 3fcee284 3fcee378 40057bb0 00000000 00000000 00000000 00000000 00000000 00000000 00000000 0000001f 0
40000528 00000000 00000000 20000000 0000abab 400574b4 400575c4 3fcee288 3fcee378 40057bb0 00000000 00000000 00000000 00000000 00000000 00000000 00000000 0000001f 0
4000052a 00000000 00000000 20000000 0000abab 400574b4 400575c4 3fcee288 3fcee378 40057bb4 00000000 00000000 00000000 00000000 00000000 00000000 00000000 0000001f 0
40000522 00000000 00000000 20000000 0000abab 400574b4 400575c4 3fcee288 3fcee378 40057bb4 00000000 00000000 00000000 00000000 00000000 00000000 00000000 0000001f 0
40000524 00000000 00000000 fff9c800 0000abab 400574b4 400575c4 3fcee288 3fcee378 40057bb4 00000000 00000000 00000000 00000000 00000000 00000000 00000000 0000001f 0
40000526 00000000 00000000 fff9c800 0000abab 400574b4 400575c4 3fcee288 3fcee378 40057bb4 00000000 00000000 00000000 00000000 00000000 00000000 00000000 0000001f 0
40000528 00000000 00000000 fff9c800 0000abab 400574b4 400575c4 3fcee28c 3fcee378 40057bb4 00000000 00000000 00000000 00000000 00000000 00000000 00000000 0000001f 0
4000052a 00000000 00000000 fff9c800 0000abab 400574b4 400575c4 3fcee28c 3fcee378 40057bb8 00000000 00000000 00000000 00000000 00000000 00000000 00000000 0000001f 0
40000522 00000000 00000000 fff9c800 0000abab 400574b4 400575c4 3fcee28c 3fcee378 40057bb8 00000000 00000000 00000000 00000000 00000000 00000000 00000000 0000001f 0
40000524 00000000 00000000 10000000 0000abab 400574b4 400575c4 3fcee28c 3fcee378 40057bb8 00000000 00000000 00000000 00000000 00000000 00000000 00000000 0000001f 0
40000526 00000000 00000000 10000000 0000abab 400574b4 400575c4 3fcee28c 3fcee378 40057bb8 00000000 00000000 00000000 00000000 00000000 00000000 00000000 0000001f 0
40000528 00000000 00000000 10000000 0000abab 400574b4 400575c4 3fcee290 3fcee378 40057bb8 00000000 00000000 00000000 00000000 00000000 00000000 00000000 0000001f 0
4000052a 00000000 00000000 10000000 0000abab 400574b4 400575c4 3fcee290 3fcee378 40057bbc 00000000 00000000 00000000 00000000 00000000 00000000 00000000 0000001f 0
40000522 00000000 00000000 10000000 0000abab 400574b4 400575c4 3fcee290 3fcee378 40057bbc 00000000 00000000 00000000 00000000 00000000 00000000 00000000 0000001f 0
40000524 00000000 00000000 fff9c800 0000abab 400574b4 400575c4 3fcee290 3fcee378 40057bbc 00000000 00000000 00000000 00000000 00000000 00000000 00000000 0000001f 0
40000526 00000000 00000000 fff9c800 0000abab 400574b4 400575c4 3fcee290 3fcee378 40057bbc 00000000 00000000 00000000 00000000 00000000 00000000 00000000 0000001f 0
40000528 00000000 00000000 fff9c800 0000abab 400574b4 400575c4 3fcee294 3fcee378 40057bbc 00000000 00000000 00000000 00000000 00000000 00000000 00000000 0000001f 0
4000052a 00000000 00000000 fff9c800 0000abab 400574b4 400575c4 3fcee294 3fcee378 40057bc0 00000000 00000000 00000000 00000000 00000000 00000000 00000000 0000001f 0
40000522 00000000 00000000 fff9c800 0000abab 400574b4 400575c4 3fcee294 3fcee378 40057bc0 00000000 00000000 00000000 00000000 00000000 00000000 00000000 0000001f 0
40000524 00000000 00000000 08000000 0000abab 400574b4 400575c4 3fcee294 3fcee378 40057bc0 00000000 00000000 00000000 00000000 00000000 00000000 00000000 0000001f 0
40000526 00000000 00000000 08000000 0000abab 400574b4 400575c4 3fcee294 3fcee378 40057bc0 00000000 00000000 00000000 00000000 00000000 00000000 00000000 0000001f 0
40000528 00000000 00000000 08000000 0000abab 400574b4 400575c4 3fcee298 3fcee378 40057bc0 00000000 00000000 00000000 00000000 00000000 00000000 00000000 0000001f 0
4000052a 00000000 00000000 08000000 0000abab 400574b4 400575c4 3fcee298 3fcee378 40057bc4 00000000 00000000 00000000 00000000 00000000 00000000 00000000 0000001f 0
40000522 00000000 00000000 08000000 0000abab 400574b4 400575c4 3fcee298 3fcee378 40057bc4 00000000 00000000 00000000 00000000 00000000 00000000 00000000 0000001f 0
40000524 00000000 00000000 fff9c800 0000abab 400574b4 400575c4 3fcee298 3fcee378 40057bc4 00000000 00000000 00000000 00000000 00000000 00000000 00000000 0000001f 0
40000526 00000000 00000000 fff9c800 0000abab 400574b4 400575c4 3fcee298 3fcee378 40057bc4 00000000 00000000 00000000 00000000 00000000 00000000 00000000 0000001f 0
40000528 00000000 00000000 fff9c800 0000abab 400574b4 400575c4 3fcee29c 3fcee378 40057bc4 00000000 00000000 00000000 00000000 00000000 00000000 00000000 0000001f 0
4000052a 00000000 00000000 fff9c800 0000abab 400574b4 400575c4 3fcee29c 3fcee378 40057bc8 00000000 00000000 00000000 00000000 00000000 00000000 00000000 0000001f 0
40000522 00000000 00000000 fff9c800 0000abab 400574b4 400575c4 3fcee29c 3fcee378 40057bc8 00000000 00000000 00000000 00000000 00000000 00000000 00000000 0000001f 0
40000524 00000000 00000000 04000000 0000abab 400574b4 400575c4 3fcee29c 3fcee378 40057bc8 00000000 00000000 00000000 00000000 00000000 00000000 00000000 0000001f 0
40000526 00000000 00000000 04000000 0000abab 400574b4 400575c4 3fcee29c 3fcee378 40057bc8 00000000 00000000 00000000 00000000 00000000 00000000 00000000 0000001f 0
40000528 00000000 00000000 04000000 0000abab 400574b4 400575c4 3fcee2a0 3fcee378 40057bc8 00000000 00000000 00000000 00000000 00000000 00000000 00000000 0000001f 0
4000052a 00000000 00000000 04000000 0000abab 400574b4 400575c4 3fcee2a0 3fcee378 40057bcc 00000000 00000000 00000000 00000000 00000000 00000000 00000000 0000001f 0
40000522 00000000 00000000 04000000 0000abab 400574b4 400575c4 3fcee2a0 3fcee378 40057bcc 00000000 00000000 00000000 00000000 00000000 00000000 00000000 0000001f 0
40000524 00000000 00000000 fff9c800 0000abab 400574b4 400575c4 3fcee2a0 3fcee378 40057bcc 00000000 00000000 00000000 00000000 00000000 00000000 00000000 0000001f 0
40000526 00000000 00000000 fff9c800 0000abab 400574b4 400575c4 3fcee2a0 3fcee378 40057bcc 00000000 00000000 00000000 00000000 00000000 00000000 00000000 0000001f 0
40000528 00000000 00000000 fff9c800 0000abab 400574b4 400575c4 3fcee2a4 3fcee378 40057bcc 00000000 00000000 00000000 00000000 00000000 00000000 00000000 0000001f 0
4000052a 00000000 00000000 fff9c800 0000abab 400574b4 400575c4 3fcee2a4 3fcee378 40057bd0 00000000 00000000 00000000 00000000 00000000 00000000 00000000 0000001f 0
40000522 00000000 00000000 fff9c800 0000abab 400574b4 400575c4 3fcee2a4 3fcee378 40057bd0 00000000 00000000 00000000 00000000 00000000 00000000 00000000 0000001f 0
40000524 00000000 00000000 02000000 0000abab 400574b4 400575c4 3fcee2a4 3fcee378 40057bd0 00000000 00000000 00000000 00000000 00000000 00000000 00000000 0000001f 0
40000526 00000000 00000000 02000000 0000abab 400574b4 400575c4 3fcee2a4 3fcee378 40057bd0 00000000 00000000 00000000 00000000 00000000 00000000 00000000 0000001f 0
40000528 00000000 00000000 02000000 0000abab 400574b4 400575c4 3fcee2a8 3fcee378 40057bd0 00000000 00000000 00000000 00000000 00000000 00000000 00000000 0000001f 0
4000052a 00000000 00000000 02000000 0000abab 400574b4 400575c4 3fcee2a8 3fcee378 40057bd4 00000000 00000000 00000000 00000000 00000000 00000000 00000000 0000001f 0
40000522 00000000 00000000 02000000 0000abab 400574b4 400575c4 3fcee2a8 3fcee378 40057bd4 00000000 00000000 00000000 00000000 00000000 00000000 00000000 0000001f 0
40000524 00000000 00000000 fff9c800 0000abab 400574b4 400575c4 3fcee2a8 3fcee378 40057bd4 00000000 00000000 00000000 00000000 00000000 00000000 00000000 0000001f 0
40000526 00000000 00000000 fff9c800 0000abab 400574b4 400575c4 3fcee2a8 3fcee378 40057bd4 00000000 00000000 00000000 00000000 00000000 00000000 00000000 0000001f 0
40000528 00000000 00000000 fff9c800 0000abab 400574b4 400575c4 3fcee2ac 3fcee378 40057bd4 00000000 00000000 00000000 00000000 00000000 00000000 00000000 0000001f 0
4000052a 00000000 00000000 fff9c800 0000abab 400574b4 400575c4 3fcee2ac 3fcee378 40057bd8 00000000 00000000 00000000 00000000 00000000 00000000 00000000 0000001f 0
40000522 00000000 00000000 fff9c800 0000abab 400574b4 400575c4 3fcee2ac 3fcee378 40057bd8 00000000 00000000 00000000 00000000 00000000 00000000 00000000 0000001f 0
40000524 00000000 00000000 01000000 0000abab 400574b4 400575c4 3fcee2ac 3fcee378 40057bd8 00000000 00000000 00000000 00000000 00000000 00000000 00000000 0000001f 0
40000526 00000000 00000000 01000000 0000abab 400574b4 400575c4 3fcee2ac 3fcee378 40057bd8 00000000 00000000 00000000 00000000 00000000 00000000 00000000 0000001f 0
40000528 00000000 00000000 01000000 0000abab 400574b4 400575c4 3fcee2b0 3fcee378 40057bd8 00000000 00000000 00000000 00000000 00000000 00000000 00000000 0000001f 0
4000052a 00000000 00000000 01000000 0000abab 400574b4 400575c4 3fcee2b0 3fcee378 40057bdc 00000000 00000000 00000000 00000000 00000000 00000000 00000000 0000001f 0
40000522 00000000 00000000 01000000 0000abab 400574b4 400575c4 3fcee2b0 3fcee378 40057bdc 00000000 00000000 00000000 00000000 00000000 00000000 00000000 0000001f 0
40000524 00000000 00000000 fff9c800 0000abab 400574b4 400575c4 3fcee2b0 3fcee378 40057bdc 00000000 00000000 00000000 00000000 00000000 00000000 00000000 0000001f 0
40000526 00000000 00000000 fff9c800 0000abab 400574b4 400575c4 3fcee2b0 3fcee378 40057bdc 00000000 00000000 00000000 00000000 00000000 00000000 00000000 0000001f 0
40000528 00000000 00000000 fff9c800 0000abab 400574b4 400575c4 3fcee2b4 3fcee378 40057bdc 00000000 00000000 00000000 00000000 00000000 00000000 00000000 0000001f 0
4000052a 00000000 00000000 fff9c800 0000abab 400574b4 400575c4 3fcee2b4 3fcee378 40057be0 00000000 00000000 00000000 00000000 00000000 00000000 00000000 0000001f 0
40000522 00000000 00000000 fff9c800 0000abab 400574b4 400575c4 3fcee2b4 3fcee378 40057be0 00000000 00000000 00000000 00000000 00000000 00000000 00000000 0000001f 0
40000524 00000000 00000000 00800000 0000abab 400574b4 400575c4 3fcee2b4 3fcee378 40057be0 00000000 00000000 00000000 00000000 00000000 00000000 00000000 0000001f 0
40000526 00000000 00000000 00800000 0000abab 400574b4 400575c4 3fcee2b4 3fcee378 40057be0 00000000 00000000 00000000 00000000 00000000 00000000 00000000 0000001f 0
40000528 00000000 00000000 00800000 0000abab 400574b4 400575c4 3fcee2b8 3fcee378 40057be0 00000000 00000000 00000000 00000000 00000000 00000000 00000000 0000001f 0
4000052a 00000000 00000000 00800000 0000abab 400574b4 400575c4 3fcee2b8 3fcee378 40057be4 00000000 00000000 00000000 00000000 00000000 00000000 00000000 0000001f 0
40000522 00000000 00000000 00800000 0000abab 400574b4 400575c4 3fcee2b8 3fcee378 40057be4 00000000 00000000 00000000 00000000 00000000 00000000 00000000 0000001f 0
40000524 00000000 00000000 fff9c800 0000abab 400574b4 400575c4 3fcee2b8 3fcee378 40057be4 00000000 00000000 00000000 00000000 00000000 00000000 00000000 0000001f 0
40000526 00000000 00000000 fff9c800 0000abab 400574b4 400575c4 3fcee2b8 3fcee378 40057be4 00000000 00000000 00000000 00000000 00000000 00000000 00000000 0000001f 0
40000528 00000000 00000000 fff9c800 0000abab 400574b4 400575c4 3fcee2bc 3fcee378 40057be4 00000000 00000000 00000000 00000000 00000000 00000000 00000000 0000001f 0
4000052a 00000000 00000000 fff9c800 0000abab 400574b4 400575c4 3fcee2bc 3fcee378 40057be8 00000000 00000000 00000000 00000000 00000000 00000000 00000000 0000001f 0
40000522 00000000 00000000 fff9c800 0000abab 400574b4 400575c4 3fcee2bc 3fcee378 40057be8 00000000 00000000 00000000 00000000 00000000 00000000 00000000 0000001f 0
40000524 00000000 00000000 00400000 0000abab 400574b4 400575c4 3fcee2bc 3fcee378 40057be8 00000000 00000000 00000000 00000000 00000000 00000000 00000000 0000001f 0
40000526 00000000 00000000 00400000 0000abab 400574b4 400575c4 3fcee2bc 3fcee378 40057be8 00000000 00000000 00000000 00000000 00000000 00000000 00000000 0000001f 0
40000528 00000000 00000000 00400000 0000abab 400574b4 400575c4 3fcee2c0 3fcee378 40057be8 00000000 00000000 00000000 00000000 00000000 00000000 00000000 0000001f 0
4000052a 00000000 00000000 00400000 0000abab 400574b4 400575c4 3fcee2c0 3fcee378 40057bec 00000000 00000000 00000000 00000000 00000000 00000000 00000000 0000001f 0
40000522 00000000 00000000 00400000 0000abab 400574b4 400575c4 3fcee2c0 3fcee378 40057bec 00000000 00000000 00000000 00000000 00000000 00000000 00000000 0000001f 0
40000524 00000000 00000000 fff9c800 0000abab 400574b4 400575c4 3fcee2c0 3fcee378 40057bec 00000000 00000000 00000000 00000000 00000000 00000000 00000000 0000001f 0
40000526 00000000 00000000 fff9c800 0000abab 400574b4 400575c4 3fcee2c0 3fcee378 40057bec 00000000 00000000 00000000 00000000 00000000 00000000 00000000 0000001f 0
40000528 00000000 00000000 fff9c800 0000abab 400574b4 400575c4 3fcee2c4 3fcee378 40057bec 00000000 00000000 00000000 00000000 00000000 00000000 00000000 0000001f 0
4000052a 00000000 00000000 fff9c800 0000abab 400574b4 400575c4 3fcee2c4 3fcee378 40057bf0 00000000 00000000 00000000 00000000 00000000 00000000 00000000 0000001f 0
40000522 00000000 00000000 fff9c800 0000abab 400574b4 400575c4 3fcee2c4 3fcee378 40057bf0 00000000 00000000 00000000 00000000 00000000 00000000 00000000 0000001f 0
40000524 00000000 00000000 00200000 0000abab 400574b4 400575c4 3fcee2c4 3fcee378 40057bf0 00000000 00000000 00000000 00000000 00000000 00000000 00000000 0000001f 0
40000526 00000000 00000000 00200000 0000abab 400574b4 400575c4 3fcee2c4 3fcee378 40057bf0 00000000 00000000 00000000 00000000 00000000 00000000 00000000 0000001f 0
40000528 00000000 00000000 00200000 0000abab 400574b4 400575c4 3fcee2c8 3fcee378 40057bf0 00000000 00000000 00000000 00000000 00000000 00000000 00000000 0000001f 0
4000052a 00000000 00000000 00200000 0000abab 400574b4 400575c4 3fcee2c8 3fcee378 40057bf4 00000000 00000000 00000000 00000000 00000000 00000000 00000000 0000001f 0
40000522 00000000 00000000 00200000 0000abab 400574b4 400575c4 3fcee2c8 3fcee378 40057bf4 00000000 00000000 00000000 00000000 00000000 00000000 00000000 0000001f 0
40000524 00000000 00000000 fff9c800 0000abab 400574b4 400575c4 3fcee2c8 3fcee378 40057bf4 00000000 00000000 00000000 00000000 00000000 00000000 00000000 0000001f 0
40000526 00000000 00000000 fff9c800 0000abab 400574b4 400575c4 3fcee2c8 3fcee378 40057bf4 00000000 00000000 00000000 00000000 00000000 00000000 00000000 0000001f 0
40000528 00000000 00000000 fff9c800 0000abab 400574b4 400575c4 3fcee2cc 3fcee378 40057bf4 00000000 00000000 00000000 00000000 00000000 00000000 00000000 0000001f 0
4000052a 00000000 00000000 fff9c800 0000abab 400574b4 400575c4 3fcee2cc 3fcee378 40057bf8 00000000 00000000 00000000 00000000 00000000 00000000 00000000 0000001f 0
40000522 00000000 00000000 fff9c800 0000abab 400574b4 400575c4 3fcee2cc 3fcee378 40057bf8 00000000 00000000 00000000 00000000 00000000 00000000 00000000 0000001f 0
40000524 00000000 00000000 00100000 0000abab 400574b4 400575c4 3fcee2cc 3fcee378 40057bf8 00000000 00000000 00000000 00000000 00000000 00000000 00000000 0000001f 0
40000526 00000000 00000000 00100000 0000abab 400574b4 400575c4 3fcee2cc 3fcee378 40057bf8 00000000 00000000 00000000 00000000 00000000 00000000 00000000 0000001f 0
40000528 00000000 00000000 00100000 0000abab 400574b4 400575c4 3fcee2d0 3fcee378 40057bf8 00000000 00000000 00000000 00000000 00000000 00000000 00000000 0000001f 0
4000052a 00000000 00000000 00100000 0000abab 400574b4 400575c4 3fcee2d0 3fcee378 40057bfc 00000000 00000000 00000000 00000000 00000000 00000000 00000000 0000001f 0
40000522 00000000 00000000 00100000 0000abab 400574b4 400575c4 3fcee2d0 3fcee378 40057bfc 00000000 00000000 00000000 00000000 00000000 00000000 00000000 0000001f 0
40000524 00000000 00000000 fff9c800 0000abab 400574b4 400575c4 3fcee2d0 3fcee378 40057bfc 00000000 00000000 00000000 00000000 00000000 00000000 00000000 0000001f 0
40000526 00000000 00000000 fff9c800 0000abab 400574b4 400575c4 3fcee2d0 3fcee378 40057bfc 00000000 00000000 00000000 00000000 00000000 00000000 00000000 0000001f 0
40000528 00000000 00000000 fff9c800 0000abab 400574b4 400575c4 3fcee2d4 3fcee378 40057bfc 00000000 00000000 00000000 00000000 00000000 00000000 00000000 0000001f 0
4000052a 00000000 00000000 fff9c800 0000abab 400574b4 400575c4 3fcee2d4 3fcee378 40057c00 00000000 00000000 00000000 00000000 00000000 00000000 00000000 0000001f 0
40000522 00000000 00000000 fff9c800 0000abab 400574b4 400575c4 3fcee2d4 3fcee378 40057c00 00000000 00000000 00000000 00000000 00000000 00000000 00000000 0000001f 0
40000524 00000000 00000000 00080000 0000abab 400574b4 400575c4 3fcee2d4 3fcee378 40057c00 00000000 00000000 00000000 00000000 00000000 00000000 00000000 0000001f 0
40000526 00000000 00000000 00080000 0000abab 400574b4 400575c4 3fcee2d4 3fcee378 40057c00 00000000 00000000 00000000 00000000 00000000 00000000 00000000 0000001f 0
40000528 00000000 00000000 00080000 0000abab 400574b4 400575c4 3fcee2d8 3fcee378 40057c00 00000000 00000000 00000000 00000000 00000000 00000000 00000000 0000001f 0
4000052a 00000000 00000000 00080000 0000abab 400574b4 400575c4 3fcee2d8 3fcee378 40057c04 00000000 00000000 00000000 00000000 00000000 00000000 00000000 0000001f 0
40000522 00000000 00000000 00080000 0000abab 400574b4 400575c4 3fcee2d8 3fcee378 40057c04 00000000 00000000 00000000 00000000 00000000 00000000 00000000 0000001f 0
40000524 00000000 00000000 fff9c800 0000abab 400574b4 400575c4 3fcee2d8 3fcee378 40057c04 00000000 00000000 00000000 00000000 00000000 00000000 00000000 0000001f 0
40000526 00000000 00000000 fff9c800 0000abab 400574b4 400575c4 3fcee2d8 3fcee378 40057c04 00000000 00000000 00000000 00000000 00000000 00000000 00000000 0000001f 0
40000528 00000000 00000000 fff9c800 0000abab 400574b4 400575c4 3fcee2dc 3fcee378 40057c04 00000000 00000000 00000000 00000000 00000000 00000000 00000000 0000001f 0
4000052a 00000000 00000000 fff9c800 0000abab 400574b4 400575c4 3fcee2dc 3fcee378 40057c08 00000000 00000000 00000000 00000000 00000000 00000000 00000000 0000001f 0
40000522 00000000 00000000 fff9c800 0000abab 400574b4 400575c4 3fcee2dc 3fcee378 40057c08 00000000 00000000 00000000 00000000 00000000 00000000 00000000 0000001f 0
40000524 00000000 00000000 00040000 0000abab 400574b4 400575c4 3fcee2dc 3fcee378 40057c08 00000000 00000000 00000000 00000000 00000000 00000000 00000000 0000001f 0
40000526 00000000 00000000 00040000 0000abab 400574b4 400575c4 3fcee2dc 3fcee378 40057c08 00000000 00000000 00000000 00000000 00000000 00000000 00000000 0000001f 0
40000528 00000000 00000000 00040000 0000abab 400574b4 400575c4 3fcee2e0 3fcee378 40057c08 00000000 00000000 00000000 00000000 00000000 00000000 00000000 0000001f 0
4000052a 00000000 00000000 00040000 0000abab 400574b4 400575c4 3fcee2e0 3fcee378 40057c0c 00000000 00000000 00000000 00000000 00000000 00000000 00000000 0000001f 0
40000522 00000000 00000000 00040000 0000abab 400574b4 400575c4 3fcee2e0 3fcee378 40057c0c 00000000 00000000 00000000 00000000 00000000 00000000 00000000 0000001f 0
40000524 00000000 00000000 fffdc800 0000abab 400574b4 400575c4 3fcee2e0 3fcee378 40057c0c 00000000 00000000 00000000 00000000 00000000 00000000 00000000 0000001f 0
40000526 00000000 00000000 fffdc800 0000abab 400574b4 400575c4 3fcee2e0 3fcee378 40057c0c 00000000 00000000 00000000 00000000 00000000 00000000 00000000 0000001f 0
40000528 00000000 00000000 fffdc800 0000abab 400574b4 400575c4 3fcee2e4 3fcee378 40057c0c 00000000 00000000 00000000 00000000 00000000 00000000 00000000 0000001f 0
4000052a 00000000 00000000 fffdc800 0000abab 400574b4 400575c4 3fcee2e4 3fcee378 40057c10 00000000 00000000 00000000 00000000 00000000 00000000 00000000 0000001f 0
40000522 00000000 00000000 fffdc800 0000abab 400574b4 400575c4 3fcee2e4 3fcee378 40057c10 00000000 00000000 00000000 00000000 00000000 00000000 00000000 0000001f 0
40000524 00000000 00000000 00020000 0000abab 400574b4 400575c4 3fcee2e4 3fcee378 40057c10 00000000 00000000 00000000 00000000 00000000 00000000 00000000 0000001f 0
40000526 00000000 00000000 00020000 0000abab 400574b4 400575c4 3fcee2e4 3fcee378 40057c10 00000000 00000000 00000000 00000000 00000000 00000000 00000000 0000001f 0
40000528 00000000 00000000 00020000 0000abab 400574b4 400575c4 3fcee2e8 3fcee378 40057c10 00000000 00000000 00000000 00000000 00000000 00000000 00000000 0000001f 0
4000052a 00000000 00000000 00020000 0000abab 400574b4 400575c4 3fcee2e8 3fcee378 40057c14 00000000 00000000 00000000 00000000 00000000 00000000 00000000 0000001f 0
40000522 00000000 00000000 00020000 0000abab 400574b4 400575c4 3fcee2e8 3fcee378 40057c14 00000000 00000000 00000000 00000000 00000000 00000000 00000000 0000001f 0
40000524 00000000 00000000 ffffc800 0000abab 400574b4 400575c4 3fcee2e8 3fcee378 40057c14 00000000 00000000 00000000 00000000 00000000 00000000 00000000 0000001f 0
40000526 00000000 00000000 ffffc800 0000abab 400574b4 400575c4 3fcee2e8 3fcee378 40057c14 00000000 00000000 00000000 00000000 00000000 00000000 00000000 0000001f 0
40000528 00000000 00000000 ffffc800 0000abab 400574b4 400575c4 3fcee2ec 3fcee378 40057c14 00000000 00000000 00000000 00000000 00000000 00000000 00000000 0000001f 0
4000052a 00000000 00000000 ffffc800 0000abab 400574b4 400575c4 3fcee2ec 3fcee378 40057c18 00000000 00000000 00000000 00000000 00000000 00000000 00000000 0000001f 0
40000522 00000000 00000000 ffffc800 0000abab 400574b4 400575c4 3fcee2ec 3fcee378 40057c18 00000000 00000000 00000000 00000000 00000000 00000000 00000000 0000001f 0
40000524 00000000 00000000 00010000 0000abab 400574b4 400575c4 3fcee2ec 3fcee378 40057c18 00000000 00000000 00000000 00000000 00000000 00000000 00000000 0000001f 0
40000526 00000000 00000000 00010000 0000abab 400574b4 400575c4 3fcee2ec 3fcee378 40057c18 00000000 00000000 00000000 00000000 00000000 00000000 00000000 0000001f 0
40000528 00000000 00000000 00010000 0000abab 400574b4 400575c4 3fcee2f0 3fcee378 40057c18 00000000 00000000 00000000 00000000 00000000 00000000 00000000 0000001f 0
4000052a 00000000 00000000 00010000 0000abab 400574b4 400575c4 3fcee2f0 3fcee378 40057c1c 00000000 00000000 00000000 00000000 00000000 00000000 00000000 0000001f 0
40000522 00000000 00000000 00010000 0000abab 400574b4 400575c4 3fcee2f0 3fcee378 40057c1c 00000000 00000000 00000000 00000000 00000000 00000000 00000000 0000001f 0
40000524 00000000 00000000 ffffc800 0000abab 400574b4 400575c4 3fcee2f0 3fcee378 40057c1c 00000000 00000000 00000000 00000000 00000000 00000000 00000000 0000001f 0
40000526 00000000 00000000 ffffc800 0000abab 400574b4 400575c4 3fcee2f0 3fcee378 40057c1c 00000000 00000000 00000000 00000000 00000000 00000000 00000000 0000001f 0
40000528 00000000 00000000 ffffc800 0000abab 400574b4 400575c4 3fcee2f4 3fcee378 40057c1c 00000000 00000000 00000000 00000000 00000000 00000000 00000000 0000001f 0
4000052a 00000000 00000000 ffffc800 0000abab 400574b4 400575c4 3fcee2f4 3fcee378 40057c20 00000000 00000000 00000000 00000000 00000000 00000000 00000000 0000001f 0
40000522 00000000 00000000 ffffc800 0000abab 400574b4 400575c4 3fcee2f4 3fcee378 40057c20 00000000 00000000 00000000 00000000 00000000 00000000 00000000 0000001f 0
40000524 00000000 00000000 00008000 0000abab 400574b4 400575c4 3fcee2f4 3fcee378 40057c20 00000000 00000000 00000000 00000000 00000000 00000000 00000000 0000001f 0
40000526 00000000 00000000 00008000 0000abab 400574b4 400575c4 3fcee2f4 3fcee378 40057c20 00000000 00000000 00000000 00000000 00000000 00000000 00000000 0000001f 0
40000528 00000000 00000000 00008000 0000abab 400574b4 400575c4 3fcee2f8 3fcee378 40057c20 00000000 00000000 00000000 00000000 00000000 00000000 00000000 0000001f 0
4000052a 00000000 00000000 00008000 0000abab 400574b4 400575c4 3fcee2f8 3fcee378 40057c24 00000000 00000000 00000000 00000000 00000000 00000000 00000000 0000001f 0
40000522 00000000 00000000 00008000 0000abab 400574b4 400575c4 3fcee2f8 3fcee378 40057c24 00000000 00000000 00000000 00000000 00000000 00000000 00000000 0000001f 0
40000524 00000000 00000000 ffffc800 0000abab 400574b4 400575c4 3fcee2f8 3fcee378 40057c24 00000000 00000000 00000000 00000000 00000000 00000000 00000000 0000001f 0
40000526 00000000 00000000 ffffc800 0000abab 400574b4 400575c4 3fcee2f8 3fcee378 40057c24 00000000 00000000 00000000 00000000 00000000 00000000 00000000 0000001f 0
40000528 00000000 00000000 ffffc800 0000abab 400574b4 400575c4 3fcee2fc 3fcee378 40057c24 00000000 00000000 00000000 00000000 00000000 00000000 00000000 0000001f 0
4000052a 00000000 00000000 ffffc800 0000abab 400574b4 400575c4 3fcee2fc 3fcee378 40057c28 00000000 00000000 00000000 00000000 00000000 00000000 00000000 0000001f 0
40000522 00000000 00000000 ffffc800 0000abab 400574b4 400575c4 3fcee2fc 3fcee378 40057c28 00000000 00000000 00000000 00000000 00000000 00000000 00000000 0000001f 0
40000524 00000000 00000000 00004000 0000abab 400574b4 400575c4 3fcee2fc 3fcee378 40057c28 00000000 00000000 00000000 00000000 00000000 00000000 00000000 0000001f 0
40000526 00000000 00000000 00004000 0000abab 400574b4 400575c4 3fcee2fc 3fcee378 40057c28 00000000 00000000 00000000 00000000 00000000 00000000 00000000 0000001f 0
40000528 00000000 00000000 00004000 0000abab 400574b4 400575c4 3fcee300 3fcee378 40057c28 00000000 00000000 00000000 00000000 00000000 00000000 00000000 0000001f 0
4000052a 00000000 00000000 00004000 0000abab 400574b4 400575c4 3fcee300 3fcee378 40057c2c 00000000 00000000 00000000 00000000 00000000 00000000 00000000 0000001f 0
40000522 00000000 00000000 00004000 0000abab 400574b4 400575c4 3fcee300 3fcee378 40057c2c 00000000 00000000 00000000 00000000 00000000 00000000 00000000 0000001f 0
40000524 00000000 00000000 ffffc800 0000abab 400574b4 400575c4 3fcee300 3fcee378 40057c2c 00000000 00000000 00000000 00000000 00000000 00000000 00000000 0000001f 0
40000526 00000000 00000000 ffffc800 0000abab 400574b4 400575c4 3fcee300 3fcee378 40057c2c 00000000 00000000 00000000 00000000 00000000 00000000 00000000 0000001f 0
40000528 00000000 00000000 ffffc800 0000abab 400574b4 400575c4 3fcee304 3fcee378 40057c2c 00000000 00000000 00000000 00000000 00000000 00000000 00000000 0000001f 0
4000052a 00000000 00000000 ffffc800 0000abab 400574b4 400575c4 3fcee304 3fcee378 40057c30 00000000 00000000 00000000 00000000 00000000 00000000 00000000 0000001f 0
40000522 00000000 00000000 ffffc800 0000abab 400574b4 400575c4 3fcee304 3fcee378 40057c30 00000000 00000000 00000000 00000000 00000000 00000000 00000000 0000001f 0
40000524 00000000 00000000 00002000 0000abab 400574b4 400575c4 3fcee304 3fcee378 40057c30 00000000 00000000 00000000 00000000 00000000 00000000 00000000 0000001f 0
40000526 00000000 00000000 00002000 0000abab 400574b4 400575c4 3fcee304 3fcee378 40057c30 00000000 00000000 00000000 00000000 00000000 00000000 00000000 0000001f 0
40000528 00000000 00000000 00002000 0000abab 400574b4 400575c4 3fcee308 3fcee378 40057c30 00000000 00000000 00000000 00000000 00000000 00000000 00000000 0000001f 0
4000052a 00000000 00000000 00002000 0000abab 400574b4 400575c4 3fcee308 3fcee378 40057c34 00000000 00000000 00000000 00000000 00000000 00000000 00000000 0000001f 0
40000522 00000000 00000000 00002000 0000abab 400574b4 400575c4 3fcee308 3fcee378 40057c34 00000000 00000000 00000000 00000000 00000000 00000000 00000000 0000001f 0
40000524 00000000 00000000 ffffe800 0000abab 400574b4 400575c4 3fcee308 3fcee378 40057c34 00000000 00000000 00000000 00000000 00000000 00000000 00000000 0000001f 0
40000526 00000000 00000000 ffffe800 0000abab 400574b4 400575c4 3fcee308 3fcee378 40057c34 00000000 00000000 00000000 00000000 00000000 00000000 00000000 0000001f 0
40000528 00000000 00000000 ffffe800 0000abab 400574b4 400575c4 3fcee30c 3fcee378 40057c34 00000000 00000000 00000000 00000000 00000000 00000000 00000000 0000001f 0
4000052a 00000000 00000000 ffffe800 0000abab 400574b4 400575c4 3fcee30c 3fcee378 40057c38 00000000 00000000 00000000 00000000 00000000 00000000 00000000 0000001f 0
40000522 00000000 00000000 ffffe800 0000abab 400574b4 400575c4 3fcee30c 3fcee378 40057c38 00000000 00000000 00000000 00000000 00000000 00000000 00000000 0000001f 0
40000524 00000000 00000000 00001000 0000abab 400574b4 400575c4 3fcee30c 3fcee378 40057c38 00000000 00000000 00000000 00000000 00000000 00000000 00000000 0000001f 0
40000526 00000000 00000000 00001000 0000abab 400574b4 400575c4 3fcee30c 3fcee378 40057c38 00000000 00000000 00000000 00000000 00000000 00000000 00000000 0000001f 0
40000528 00000000 00000000 00001000 0000abab 400574b4 400575c4 3fcee310 3fcee378 40057c38 00000000 00000000 00000000 00000000 00000000 00000000 00000000 0000001f 0
4000052a 00000000 00000000 00001000 0000abab 400574b4 400575c4 3fcee310 3fcee378 40057c3c 00000000 00000000 00000000 00000000 00000000 00000000 00000000 0000001f 0
40000522 00000000 00000000 00001000 0000abab 400574b4 400575c4 3fcee310 3fcee378 40057c3c 00000000 00000000 00000000 00000000 00000000 00000000 00000000 0000001f 0
40000524 00000000 00000000 fffff800 0000abab 400574b4 400575c4 3fcee310 3fcee378 40057c3c 00000000 00000000 00000000 00000000 00000000 00000000 00000000 0000001f 0
40000526 00000000 00000000 fffff800 0000abab 400574b4 400575c4 3fcee310 3fcee378 40057c3c 00000000 00000000 00000000 00000000 00000000 00000000 00000000 0000001f 0
40000528 00000000 00000000 fffff800 0000abab 400574b4 400575c4 3fcee314 3fcee378 40057c3c 00000000 00000000 00000000 00000000 00000000 00000000 00000000 0000001f 0
4000052a 00000000 00000000 fffff800 0000abab 400574b4 400575c4 3fcee314 3fcee378 40057c40 00000000 00000000 00000000 00000000 00000000 00000000 00000000 0000001f 0
40000522 00000000 00000000 fffff800 0000abab 400574b4 400575c4 3fcee314 3fcee378 40057c40 00000000 00000000 00000000 00000000 00000000 00000000 00000000 0000001f 0
40000524 00000000 00000000 00000800 0000abab 400574b4 400575c4 3fcee314 3fcee378 40057c40 00000000 00000000 00000000 00000000 00000000 00000000 00000000 0000001f 0
40000526 00000000 00000000 00000800 0000abab 400574b4 400575c4 3fcee314 3fcee378 40057c40 00000000 00000000 00000000 00000000 00000000 00000000 00000000 0000001f 0
40000528 00000000 00000000 00000800 0000abab 400574b4 400575c4 3fcee318 3fcee378 40057c40 00000000 00000000 00000000 00000000 00000000 00000000 00000000 0000001f 0
4000052a 00000000 00000000 00000800 0000abab 400574b4 400575c4 3fcee318 3fcee378 40057c44 00000000 00000000 00000000 00000000 00000000 00000000 00000000 0000001f 0
40000522 00000000 00000000 00000800 0000abab 400574b4 400575c4 3fcee318 3fcee378 40057c44 00000000 00000000 00000000 00000000 00000000 00000000 00000000 0000001f 0
40000524 00000000 00000000 fffff800 0000abab 400574b4 400575c4 3fcee318 3fcee378 40057c44 00000000 00000000 00000000 00000000 00000000 00000000 00000000 0000001f 0
40000526 00000000 00000000 fffff800 0000abab 400574b4 400575c4 3fcee318 3fcee378 40057c44 00000000 00000000 00000000 00000000 00000000 00000000 00000000 0000001f 0
40000528 00000000 00000000 fffff800 0000abab 400574b4 400575c4 3fcee31c 3fcee378 40057c44 00000000 00000000 00000000 00000000 00000000 00000000 00000000 0000001f 0
4000052a 00000000 00000000 fffff800 0000abab 400574b4 400575c4 3fcee31c 3fcee378 40057c48 00000000 00000000 00000000 00000000 00000000 00000000 00000000 0000001f 0
40000522 00000000 00000000 fffff800 0000abab 400574b4 400575c4 3fcee31c 3fcee378 40057c48 00000000 00000000 00000000 00000000 00000000 00000000 00000000 0000001f 0
40000524 00000000 00000000 00000400 0000abab 400574b4 400575c4 3fcee31c 3fcee378 40057c48 00000000 00000000 00000000 00000000 00000000 00000000 00000000 0000001f 0
40000526 00000000 00000000 00000400 0000abab 400574b4 400575c4 3fcee31c 3fcee378 40057c48 00000000 00000000 00000000 00000000 00000000 00000000 00000000 0000001f 0
40000528 00000000 00000000 00000400 0000abab 400574b4 400575c4 3fcee320 3fcee378 40057c48 00000000 00000000 00000000 00000000 00000000 00000000 00000000 0000001f 0
4000052a 00000000 00000000 00000400 0000abab 400574b4 400575c4 3fcee320 3fcee378 40057c4c 00000000 00000000 00000000 00000000 00000000 00000000 00000000 0000001f 0
40000522 00000000 00000000 00000400 0000abab 400574b4 400575c4 3fcee320 3fcee378 40057c4c 00000000 00000000 00000000 00000000 00000000 00000000 00000000 0000001f 0
40000524 00000000 00000000 fffffc00 0000abab 400574b4 400575c4 3fcee320 3fcee378 40057c4c 00000000 00000000 00000000 00000000 00000000 00000000 00000000 0000001f 0
40000526 00000000 00000000 fffffc00 0000abab 400574b4 400575c4 3fcee320 3fcee378 40057c4c 00000000 00000000 00000000 00000000 00000000 00000000 00000000 0000001f 0
40000528 00000000 00000000 fffffc00 0000abab 400574b4 400575c4 3fcee324 3fcee378 40057c4c 00000000 00000000 00000000 00000000 00000000 00000000 00000000 0000001f 0
4000052a 00000000 00000000 fffffc00 0000abab 400574b4 400575c4 3fcee324 3fcee378 40057c50 00000000 00000000 00000000 00000000 00000000 00000000 00000000 0000001f 0
40000522 00000000 00000000 fffffc00 0000abab 400574b4 400575c4 3fcee324 3fcee378 40057c50 00000000 00000000 00000000 00000000 00000000 00000000 00000000 0000001f 0
40000524 00000000 00000000 00000200 0000abab 400574b4 400575c4 3fcee324 3fcee378 40057c50 00000000 00000000 00000000 00000000 00000000 00000000 00000000 0000001f 0
40000526 00000000 00000000 00000200 0000abab 400574b4 400575c4 3fcee324 3fcee378 40057c50 00000000 00000000 00000000 00000000 00000000 00000000 00000000 0000001f 0
40000528 00000000 00000000 00000200 0000abab 400574b4 400575c4 3fcee328 3fcee378 40057c50 00000000 00000000 00000000 00000000 00000000 00000000 00000000 0000001f 0
4000052a 00000000 00000000 00000200 0000abab 400574b4 400575c4 3fcee328 3fcee378 40057c54 00000000 00000000 00000000 00000000 00000000 00000000 00000000 0000001f 0
40000522 00000000 00000000 00000200 0000abab 400574b4 400575c4 3fcee328 3fcee378 40057c54 00000000 00000000 00000000 00000000 00000000 00000000 00000000 0000001f 0
40000524 00000000 00000000 fffffe00 0000abab 400574b4 400575c4 3fcee328 3fcee378 40057c54 00000000 00000000 00000000 00000000 00000000 00000000 00000000 0000001f 0
40000526 00000000 00000000 fffffe00 0000abab 400574b4 400575c4 3fcee328 3fcee378 40057c54 00000000 00000000 00000000 00000000 00000000 00000000 00000000 0000001f 0
40000528 00000000 00000000 fffffe00 0000abab 400574b4 400575c4 3fcee32c 3fcee378 40057c54 00000000 00000000 00000000 00000000 00000000 00000000 00000000 0000001f 0
4000052a 00000000 00000000 fffffe00 0000abab 400574b4 400575c4 3fcee32c 3fcee378 40057c58 00000000 00000000 00000000 00000000 00000000 00000000 00000000 0000001f 0
40000522 00000000 00000000 fffffe00 0000abab 400574b4 400575c4 3fcee32c 3fcee378 40057c58 00000000 00000000 00000000 00000000 00000000 00000000 00000000 0000001f 0
40000524 00000000 00000000 00000100 0000abab 400574b4 400575c4 3fcee32c 3fcee378 40057c58 00000000 00000000 00000000 00000000 00000000 00000000 00000000 0000001f 0
40000526 00000000 00000000 00000100 0000abab 400574b4 400575c4 3fcee32c 3fcee378 40057c58 00000000 00000000 00000000 00000000 00000000 00000000 00000000 0000001f 0
40000528 00000000 00000000 00000100 0000abab 400574b4 400575c4 3fcee330 3fcee378 40057c58 00000000 00000000 00000000 00000000 00000000 00000000 00000000 0000001f 0
4000052a 00000000 00000000 00000100 0000abab 400574b4 400575c4 3fcee330 3fcee378 40057c5c 00000000 00000000 00000000 00000000 00000000 00000000 00000000 0000001f 0
40000522 00000000 00000000 00000100 0000abab 400574b4 400575c4 3fcee330 3fcee378 40057c5c 00000000 00000000 00000000 00000000 00000000 00000000 00000000 0000001f 0
40000524 00000000 00000000 ffffff00 0000abab 400574b4 400575c4 3fcee330 3fcee378 40057c5c 00000000 00000000 00000000 00000000 00000000 00000000 00000000 0000001f 0
40000526 00000000 00000000 ffffff00 0000abab 400574b4 400575c4 3fcee330 3fcee378 40057c5c 00000000 00000000 00000000 00000000 00000000 00000000 00000000 0000001f 0
40000528 00000000 00000000 ffffff00 0000abab 400574b4 400575c4 3fcee334 3fcee378 40057c5c 00000000 00000000 00000000 00000000 00000000 00000000 00000000 0000001f 0
4000052a 00000000 00000000 ffffff00 0000abab 400574b4 400575c4 3fcee334 3fcee378 40057c60 00000000 00000000 00000000 00000000 00000000 00000000 00000000 0000001f 0
40000522 00000000 00000000 ffffff00 0000abab 400574b4 400575c4 3fcee334 3fcee378 40057c60 00000000 00000000 00000000 00000000 00000000 00000000 00000000 0000001f 0
40000524 00000000 00000000 00000080 0000abab 400574b4 400575c4 3fcee334 3fcee378 40057c60 00000000 00000000 00000000 00000000 00000000 00000000 00000000 0000001f 0
40000526 00000000 00000000 00000080 0000abab 400574b4 400575c4 3fcee334 3fcee378 40057c60 00000000 00000000 00000000 00000000 00000000 00000000 00000000 0000001f 0
40000528 00000000 00000000 00000080 0000abab 400574b4 400575c4 3fcee338 3fcee378 40057c60 00000000 00000000 00000000 00000000 00000000 00000000 00000000 0000001f 0
4000052a 00000000 00000000 00000080 0000abab 400574b4 400575c4 3fcee338 3fcee378 40057c64 00000000 00000000 00000000 00000000 00000000 00000000 00000000 0000001f 0
40000522 00000000 00000000 00000080 0000abab 400574b4 400575c4 3fcee338 3fcee378 40057c64 00000000 00000000 00000000 00000000 00000000 00000000 00000000 0000001f 0
40000524 00000000 00000000 ffffff80 0000abab 400574b4 400575c4 3fcee338 3fcee378 40057c64 00000000 00000000 00000000 00000000 00000000 00000000 00000000 0000001f 0
40000526 00000000 00000000 ffffff80 0000abab 400574b4 400575c4 3fcee338 3fcee378 40057c64 00000000 00000000 00000000 00000000 00000000 00000000 00000000 0000001f 0
40000528 00000000 00000000 ffffff80 0000abab 400574b4 400575c4 3fcee33c 3fcee378 40057c64 00000000 00000000 00000000 00000000 00000000 00000000 00000000 0000001f 0
4000052a 00000000 00000000 ffffff80 0000abab 400574b4 400575c4 3fcee33c 3fcee378 40057c68 00000000 00000000 00000000 00000000 00000000 00000000 00000000 0000001f 0
40000522 00000000 00000000 ffffff80 0000abab 400574b4 400575c4 3fcee33c 3fcee378 40057c68 00000000 00000000 00000000 00000000 00000000 00000000 00000000 0000001f 0
40000524 00000000 00000000 00000040 0000abab 400574b4 400575c4 3fcee33c 3fcee378 40057c68 00000000 00000000 00000000 00000000 00000000 00000000 00000000 0000001f 0
40000526 00000000 00000000 00000040 0000abab 400574b4 400575c4 3fcee33c 3fcee378 40057c68 00000000 00000000 00000000 00000000 00000000 00000000 00000000 0000001f 0
40000528 00000000 00000000 00000040 0000abab 400574b4 400575c4 3fcee340 3fcee378 40057c68 00000000 00000000 00000000 00000000 00000000 00000000 00000000 0000001f 0
4000052a 00000000 00000000 00000040 0000abab 400574b4 400575c4 3fcee340 3fcee378 40057c6c 00000000 00000000 00000000 00000000 00000000 00000000 00000000 0000001f 0
40000522 00000000 00000000 00000040 0000abab 400574b4 400575c4 3fcee340 3fcee378 40057c6c 00000000 00000000 00000000 00000000 00000000 00000000 00000000 0000001f 0
40000524 00000000 00000000 ffffffc0 0000abab 400574b4 400575c4 3fcee340 3fcee378 40057c6c 00000000 00000000 00000000 00000000 00000000 00000000 00000000 0000001f 0
40000526 00000000 00000000 ffffffc0 0000abab 400574b4 400575c4 3fcee340 3fcee378 40057c6c 00000000 00000000 00000000 00000000 00000000 00000000 00000000 0000001f 0
40000528 00000000 00000000 ffffffc0 0000abab 400574b4 400575c4 3fcee344 3fcee378 40057c6c 00000000 00000000 00000000 00000000 00000000 00000000 00000000 0000001f 0
4000052a 00000000 00000000 ffffffc0 0000abab 400574b4 400575c4 3fcee344 3fcee378 40057c70 00000000 00000000 00000000 00000000 00000000 00000000 00000000 0000001f 0
40000522 00000000 00000000 ffffffc0 0000abab 400574b4 400575c4 3fcee344 3fcee378 40057c70 00000000 00000000 00000000 00000000 00000000 00000000 00000000 0000001f 0
40000524 00000000 00000000 00000020 0000abab 400574b4 400575c4 3fcee344 3fcee378 40057c70 00000000 00000000 00000000 00000000 00000000 00000000 00000000 0000001f 0
40000526 00000000 00000000 00000020 0000abab 400574b4 400575c4 3fcee344 3fcee378 40057c70 00000000 00000000 00000000 00000000 00000000 00000000 00000000 0000001f 0
40000528 00000000 00000000 00000020 0000abab 400574b4 400575c4 3fcee348 3fcee378 40057c70 00000000 00000000 00000000 00000000 00000000 00000000 00000000 0000001f 0
4000052a 00000000 00000000 00000020 0000abab 400574b4 400575c4 3fcee348 3fcee378 40057c74 00000000 00000000 00000000 00000000 00000000 00000000 00000000 0000001f 0
40000522 00000000 00000000 00000020 0000abab 400574b4 400575c4 3fcee348 3fcee378 40057c74 00000000 00000000 00000000 00000000 00000000 00000000 00000000 0000001f 0
40000524 00000000 00000000 ffffffe0 0000abab 400574b4 400575c4 3fcee348 3fcee378 40057c74 00000000 00000000 00000000 00000000 00000000 00000000 00000000 0000001f 0
40000526 00000000 00000000 ffffffe0 0000abab 400574b4 400575c4 3fcee348 3fcee378 40057c74 00000000 00000000 00000000 00000000 00000000 00000000 00000000 0000001f 0
40000528 00000000 00000000 ffffffe0 0000abab 400574b4 400575c4 3fcee34c 3fcee378 40057c74 00000000 00000000 00000000 00000000 00000000 00000000 00000000 0000001f 0
4000052a 00000000 00000000 ffffffe0 0000abab 400574b4 400575c4 3fcee34c 3fcee378 40057c78 00000000 00000000 00000000 00000000 00000000 00000000 00000000 0000001f 0
40000522 00000000 00000000 ffffffe0 0000abab 400574b4 400575c4 3fcee34c 3fcee378 40057c78 00000000 00000000 00000000 00000000 00000000 00000000 00000000 0000001f 0
40000524 00000000 00000000 00000010 0000abab 400574b4 400575c4 3fcee34c 3fcee378 40057c78 00000000 00000000 00000000 00000000 00000000 00000000 00000000 0000001f 0
40000526 00000000 00000000 00000010 0000abab 400574b4 400575c4 3fcee34c 3fcee378 40057c78 00000000 00000000 00000000 00000000 00000000 00000000 00000000 0000001f 0
40000528 00000000 00000000 00000010 0000abab 400574b4 400575c4 3fcee350 3fcee378 40057c78 00000000 00000000 00000000 00000000 00000000 00000000 00000000 0000001f 0
4000052a 00000000 00000000 00000010 0000abab 400574b4 400575c4 3fcee350 3fcee378 40057c7c 00000000 00000000 00000000 00000000 00000000 00000000 00000000 0000001f 0
40000522 00000000 00000000 00000010 0000abab 400574b4 400575c4 3fcee350 3fcee378 40057c7c 00000000 00000000 00000000 00000000 00000000 00000000 00000000 0000001f 0
40000524 00000000 00000000 fffffff0 0000abab 400574b4 400575c4 3fcee350 3fcee378 40057c7c 00000000 00000000 00000000 00000000 00000000 00000000 00000000 0000001f 0
40000526 00000000 00000000 fffffff0 0000abab 400574b4 400575c4 3fcee350 3fcee378 40057c7c 00000000 00000000 00000000 00000000 00000000 00000000 00000000 0000001f 0
40000528 00000000 00000000 fffffff0 0000abab 400574b4 400575c4 3fcee354 3fcee378 40057c7c 00000000 00000000 00000000 00000000 00000000 00000000 00000000 0000001f 0
4000052a 00000000 00000000 fffffff0 0000abab 400574b4 400575c4 3fcee354 3fcee378 40057c80 00000000 00000000 00000000 00000000 00000000 00000000 00000000 0000001f 0
40000522 00000000 00000000 fffffff0 0000abab 400574b4 400575c4 3fcee354 3fcee378 40057c80 00000000 00000000 00000000 00000000 00000000 00000000 00000000 0000001f 0
40000524 00000000 00000000 00000008 0000abab 400574b4 400575c4 3fcee354 3fcee378 40057c80 00000000 00000000 00000000 00000000 00000000 00000000 00000000 0000001f 0
40000526 00000000 00000000 00000008 0000abab 400574b4 400575c4 3fcee354 3fcee378 40057c80 00000000 00000000 00000000 00000000 00000000 00000000 00000000 0000001f 0
40000528 00000000 00000000 00000008 0000abab 400574b4 400575c4 3fcee358 3fcee378 40057c80 00000000 00000000 00000000 00000000 00000000 00000000 00000000 0000001f 0
4000052a 00000000 00000000 00000008 0000abab 400574b4 400575c4 3fcee358 3fcee378 40057c84 00000000 00000000 00000000 00000000 00000000 00000000 00000000 0000001f 0
40000522 00000000 00000000 00000008 0000abab 400574b4 400575c4 3fcee358 3fcee378 40057c84 00000000 00000000 00000000 00000000 00000000 00000000 00000000 0000001f 0
40000524 00000000 00000000 fffffff8 0000abab 400574b4 400575c4 3fcee358 3fcee378 40057c84 00000000 00000000 00000000 00000000 00000000 00000000 00000000 0000001f 0
40000526 00000000 00000000 fffffff8 0000abab 400574b4 400575c4 3fcee358 3fcee378 40057c84 00000000 00000000 00000000 00000000 00000000 00000000 00000000 0000001f 0
40000528 00000000 00000000 fffffff8 0000abab 400574b4 400575c4 3fcee35c 3fcee378 40057c84 00000000 00000000 00000000 00000000 00000000 00000000 00000000 0000001f 0
4000052a 00000000 00000000 fffffff8 0000abab 400574b4 400575c4 3fcee35c 3fcee378 40057c88 00000000 00000000 00000000 00000000 00000000 00000000 00000000 0000001f 0
40000522 00000000 00000000 fffffff8 0000abab 400574b4 400575c4 3fcee35c 3fcee378 40057c88 00000000 00000000 00000000 00000000 00000000 00000000 00000000 0000001f 0
40000524 00000000 00000000 00000004 0000abab 400574b4 400575c4 3fcee35c 3fcee378 40057c88 00000000 00000000 00000000 00000000 00000000 00000000 00000000 0000001f 0
40000526 00000000 00000000 00000004 0000abab 400574b4 400575c4 3fcee35c 3fcee378 40057c88 00000000 00000000 00000000 00000000 00000000 00000000 00000000 0000001f 0
40000528 00000000 00000000 00000004 0000abab 400574b4 400575c4 3fcee360 3fcee378 40057c88 00000000 00000000 00000000 00000000 00000000 00000000 00000000 0000001f 0
4000052a 00000000 00000000 00000004 0000abab 400574b4 400575c4 3fcee360 3fcee378 40057c8c 00000000 00000000 00000000 00000000 00000000 00000000 00000000 0000001f 0
40000522 00000000 00000000 00000004 0000abab 400574b4 400575c4 3fcee360 3fcee378 40057c8c 00000000 00000000 00000000 00000000 00000000 00000000 00000000 0000001f 0
40000524 00000000 00000000 fffffffc 0000abab 400574b4 400575c4 3fcee360 3fcee378 40057c8c 00000000 00000000 00000000 00000000 00000000 00000000 00000000 0000001f 0
40000526 00000000 00000000 fffffffc 0000abab 400574b4 400575c4 3fcee360 3fcee378 40057c8c 00000000 00000000 00000000 00000000 00000000 00000000 00000000 0000001f 0
40000528 00000000 00000000 fffffffc 0000abab 400574b4 400575c4 3fcee364 3fcee378 40057c8c 00000000 00000000 00000000 00000000 00000000 00000000 00000000 0000001f 0
4000052a 00000000 00000000 fffffffc 0000abab 400574b4 400575c4 3fcee364 3fcee378 40057c90 00000000 00000000 00000000 00000000 00000000 00000000 00000000 0000001f 0
40000522 00000000 00000000 fffffffc 0000abab 400574b4 400575c4 3fcee364 3fcee378 40057c90 00000000 00000000 00000000 00000000 00000000 00000000 00000000 0000001f 0
40000524 00000000 00000000 00000002 0000abab 400574b4 400575c4 3fcee364 3fcee378 40057c90 00000000 00000000 00000000 00000000 00000000 00000000 00000000 0000001f 0
40000526 00000000 00000000 00000002 0000abab 400574b4 400575c4 3fcee364 3fcee378 40057c90 00000000 00000000 00000000 00000000 00000000 00000000 00000000 0000001f 0
40000528 00000000 00000000 00000002 0000abab 400574b4 400575c4 3fcee368 3fcee378 40057c90 00000000 00000000 00000000 00000000 00000000 00000000 00000000 0000001f 0
4000052a 00000000 00000000 00000002 0000abab 400574b4 400575c4 3fcee368 3fcee378 40057c94 00000000 00000000 00000000 00000000 00000000 00000000 00000000 0000001f 0
40000522 00000000 00000000 00000002 0000abab 400574b4 400575c4 3fcee368 3fcee378 40057c94 00000000 00000000 00000000 00000000 00000000 00000000 00000000 0000001f 0
40000524 00000000 00000000 fffffffe 0000abab 400574b4 400575c4 3fcee368 3fcee378 40057c94 00000000 00000000 00000000 00000000 00000000 00000000 00000000 0000001f 0
40000526 00000000 00000000 fffffffe 0000abab 400574b4 400575c4 3fcee368 3fcee378 40057c94 00000000 00000000 00000000 00000000 00000000 00000000 00000000 0000001f 0
40000528 00000000 00000000 fffffffe 0000abab 400574b4 400575c4 3fcee36c 3fcee378 40057c94 00000000 00000000 00000000 00000000 00000000 00000000 00000000 0000001f 0
4000052a 00000000 00000000 fffffffe 0000abab 400574b4 400575c4 3fcee36c 3fcee378 40057c98 00000000 00000000 00000000 00000000 00000000 00000000 00000000 0000001f 0
40000522 00000000 00000000 fffffffe 0000abab 400574b4 400575c4 3fcee36c 3fcee378 40057c98 00000000 00000000 00000000 00000000 00000000 00000000 00000000 0000001f 0
40000524 00000000 00000000 00000001 0000abab 400574b4 400575c4 3fcee36c 3fcee378 40057c98 00000000 00000000 00000000 00000000 00000000 00000000 00000000 0000001f 0
40000526 00000000 00000000 00000001 0000abab 400574b4 400575c4 3fcee36c 3fcee378 40057c98 00000000 00000000 00000000 00000000 00000000 00000000 00000000 0000001f 0
40000528 00000000 00000000 00000001 0000abab 400574b4 400575c4 3fcee370 3fcee378 40057c98 00000000 00000000 00000000 00000000 00000000 00000000 00000000 0000001f 0
4000052a 00000000 00000000 00000001 0000abab 400574b4 400575c4 3fcee370 3fcee378 40057c9c 00000000 00000000 00000000 00000000 00000000 00000000 00000000 0000001f 0
40000522 00000000 00000000 00000001 0000abab 400574b4 400575c4 3fcee370 3fcee378 40057c9c 00000000 00000000 00000000 00000000 00000000 00000000 00000000 0000001f 0
40000524 00000000 00000000 00000000 0000abab 400574b4 400575c4 3fcee370 3fcee378 40057c9c 00000000 00000000 00000000 00000000 00000000 00000000 00000000 0000001f 0
40000526 00000000 00000000 00000000 0000abab 400574b4 400575c4 3fcee370 3fcee378 40057c9c 00000000 00000000 00000000 00000000 00000000 00000000 00000000 0000001f 0
40000528 00000000 00000000 00000000 0000abab 400574b4 400575c4 3fcee374 3fcee378 40057c9c 00000000 00000000 00000000 00000000 00000000 00000000 00000000 0000001f 0
4000052a 00000000 00000000 00000000 0000abab 400574b4 400575c4 3fcee374 3fcee378 40057ca0 00000000 00000000 00000000 00000000 00000000 00000000 00000000 0000001f 0
40000522 00000000 00000000 00000000 0000abab 400574b4 400575c4 3fcee374 3fcee378 40057ca0 00000000 00000000 00000000 00000000 00000000 00000000 00000000 0000001f 0
40000524 00000000 00000000 00000000 0000abab 400574b4 400575c4 3fcee374 3fcee378 40057ca0 00000000 00000000 00000000 00000000 00000000 00000000 00000000 0000001f 0
40000526 00000000 00000000 00000000 0000abab 400574b4 400575c4 3fcee374 3fcee378 40057ca0 00000000 00000000 00000000 00000000 00000000 00000000 00000000 0000001f 0
40000528 00000000 00000000 00000000 0000abab 400574b4 400575c4 3fcee378 3fcee378 40057ca0 00000000 00000000 00000000 00000000 00000000 00000000 00000000 0000001f 0
4000052a 00000000 00000000 00000000 0000abab 400574b4 400575c4 3fcee378 3fcee378 40057ca4 00000000 00000000 00000000 00000000 00000000 00000000 00000000 0000001f 0
4000052d 00000000 00000000 00000000 0000abab 400574b4 400575c4 3fcee378 3fcee378 40057ca4 00000000 00000000 00000000 00000000 00000000 00000000 00000000 0000001f 0
40000530 00000000 00000000 00000000 0000abab 400574c4 400575c4 3fcee378 3fcee378 40057ca4 00000000 00000000 00000000 00000000 00000000 00000000 00000000 0000001f 0
4000050b 00000000 00000000 00000000 0000abab 400574c4 400575c4 3fcee378 3fcee378 40057ca4 00000000 00000000 00000000 00000000 00000000 00000000 00000000 0000001f 0
4000050d 00000000 00000000 00000000 0000abab 400574c4 400575c4 3fceee34 3fcee378 40057ca4 00000000 00000000 00000000 00000000 00000000 00000000 00000000 0000001f 0
4000050f 00000000 00000000 00000000 0000abab 400574c4 400575c4 3fceee34 3fceee34 40057ca4 00000000 00000000 00000000 00000000 00000000 00000000 00000000 0000001f 0
40000511 00000000 00000000 00000000 0000abab 400574c4 400575c4 3fceee34 3fceee34 40057ca4 00000000 00000000 00000000 00000000 00000000 00000000 00000000 0000001f 0
40000513 00000000 00000000 00000000 0000abab 400574c4 400575c4 3fceee34 3fceee34 40057ca4 00000000 00000000 00000000 00000000 00000000 00000000 00000000 0000001f 0
4000052d 00000000 00000000 00000000 0000abab 400574c4 400575c4 3fceee34 3fceee34 40057ca4 00000000 00000000 00000000 00000000 00000000 00000000 00000000 0000001f 0
40000530 00000000 00000000 00000000 0000abab 400574d4 400575c4 3fceee34 3fceee34 40057ca4 00000000 00000000 00000000 00000000 00000000 00000000 00000000 0000001f 0
4000050b 00000000 00000000 00000000 0000abab 400574d4 400575c4 3fceee34 3fceee34 40057ca4 00000000 00000000 00000000 00000000 00000000 00000000 00000000 0000001f 0
4000050d 00000000 00000000 00000000 0000abab 400574d4 400575c4 3fceee34 3fceee34 40057ca4 00000000 00000000 00000000 00000000 00000000 00000000 00000000 0000001f 0
4000050f 00000000 00000000 00000000 0000abab 400574d4 400575c4 3fceee34 3fceeeb4 40057ca4 00000000 00000000 00000000 00000000 00000000 00000000 00000000 0000001f 0
40000511 00000000 00000000 00000000 0000abab 400574d4 400575c4 3fceee34 3fceeeb4 40057ca4 00000000 00000000 00000000 00000000 00000000 00000000 00000000 0000001f 0
40000513 00000000 00000000 00000000 0000abab 400574d4 400575c4 3fceee34 3fceeeb4 40057ca4 00000000 00000000 00000000 00000000 00000000 00000000 00000000 0000001f 0
40000516 00000000 00000000 00000000 0000abab 400574d4 400575c4 3fceee34 3fceeeb4 40057ca4 00000000 00000000 00000000 00000000 00000000 00000000 00000000 0000001f 0
40000519 00000000 00000000 00000000 0000abab 400574d4 400575c4 3fceee34 3fceeeb4 40057ca4 00000000 00000000 00000000 00000000 00000000 00000000 00000000 0000001f 0
4000051c 00000000 00000000 0000cdcd 0000abab 400574d4 400575c4 3fceee34 3fceeeb4 40057ca4 00000000 00000000 00000000 00000000 00000000 00000000 00000000 0000001f 0
4000051f 00000000 00000000 0000cdcd 0000abab 400574d4 400575c4 3fceee34 3fceeeb4 40057ca4 00000000 00000000 00000000 00000000 00000000 00000000 00000000 0000001f 0
40000522 00000000 00000000 0000cdcd 0000abab 400574d4 400575c4 3fceee34 3fceeeb4 40057ca4 00000000 00000000 00000000 00000000 00000000 00000000 00000000 0000001f 0
40000524 00000000 00000000 00000000 0000abab 400574d4 400575c4 3fceee34 3fceeeb4 40057ca4 00000000 00000000 00000000 00000000 00000000 00000000 00000000 0000001f 0
40000526 00000000 00000000 00000000 0000abab 400574d4 400575c4 3fceee34 3fceeeb4 40057ca4 00000000 00000000 00000000 00000000 00000000 00000000 00000000 0000001f 0
40000528 00000000 00000000 00000000 0000abab 400574d4 400575c4 3fceee38 3fceeeb4 40057ca4 00000000 00000000 00000000 00000000 00000000 00000000 00000000 0000001f 0
4000052a 00000000 00000000 00000000 0000abab 400574d4 400575c4 3fceee38 3fceeeb4 40057ca8 00000000 00000000 00000000 00000000 00000000 00000000 00000000 0000001f 0
40000522 00000000 00000000 00000000 0000abab 400574d4 400575c4 3fceee38 3fceeeb4 40057ca8 00000000 00000000 00000000 00000000 00000000 00000000 00000000 0000001f 0
40000524 00000000 00000000 00000000 0000abab 400574d4 400575c4 3fceee38 3fceeeb4 40057ca8 00000000 00000000 00000000 00000000 00000000 00000000 00000000 0000001f 0
40000526 00000000 00000000 00000000 0000abab 400574d4 400575c4 3fceee38 3fceeeb4 40057ca8 00000000 00000000 00000000 00000000 00000000 00000000 00000000 0000001f 0
40000528 00000000 00000000 00000000 0000abab 400574d4 400575c4 3fceee3c 3fceeeb4 40057ca8 00000000 00000000 00000000 00000000 00000000 00000000 00000000 0000001f 0
4000052a 00000000 00000000 00000000 0000abab 400574d4 400575c4 3fceee3c 3fceeeb4 40057cac 00000000 00000000 00000000 00000000 00000000 00000000 00000000 0000001f 0
40000522 00000000 00000000 00000000 0000abab 400574d4 400575c4 3fceee3c 3fceeeb4 40057cac 00000000 00000000 00000000 00000000 00000000 00000000 00000000 0000001f 0
40000524 00000000 00000000 00000000 0000abab 400574d4 400575c4 3fceee3c 3fceeeb4 40057cac 00000000 00000000 00000000 00000000 00000000 00000000 00000000 0000001f 0
40000526 00000000 00000000 00000000 0000abab 400574d4 400575c4 3fceee3c 3fceeeb4 40057cac 00000000 00000000 00000000 00000000 00000000 00000000 00000000 0000001f 0
40000528 00000000 00000000 00000000 0000abab 400574d4 400575c4 3fceee40 3fceeeb4 40057cac 00000000 00000000 00000000 00000000 00000000 00000000 00000000 0000001f 0
4000052a 00000000 00000000 00000000 0000abab 400574d4 400575c4 3fceee40 3fceeeb4 40057cb0 00000000 00000000 00000000 00000000 00000000 00000000 00000000 0000001f 0
40000522 00000000 00000000 00000000 0000abab 400574d4 400575c4 3fceee40 3fceeeb4 40057cb0 00000000 00000000 00000000 00000000 00000000 00000000 00000000 0000001f 0
40000524 00000000 00000000 40051040 0000abab 400574d4 400575c4 3fceee40 3fceeeb4 40057cb0 00000000 00000000 00000000 00000000 00000000 00000000 00000000 0000001f 0
40000526 00000000 00000000 40051040 0000abab 400574d4 400575c4 3fceee40 3fceeeb4 40057cb0 00000000 00000000 00000000 00000000 00000000 00000000 00000000 0000001f 0
40000528 00000000 00000000 40051040 0000abab 400574d4 400575c4 3fceee44 3fceeeb4 40057cb0 00000000 00000000 00000000 00000000 00000000 00000000 00000000 0000001f 0
4000052a 00000000 00000000 40051040 0000abab 400574d4 400575c4 3fceee44 3fceeeb4 40057cb4 00000000 00000000 00000000 00000000 00000000 00000000 00000000 0000001f 0
40000522 00000000 00000000 40051040 0000abab 400574d4 400575c4 3fceee44 3fceeeb4 40057cb4 00000000 00000000 00000000 00000000 00000000 00000000 00000000 0000001f 0
40000524 00000000 00000000 4005106c 0000abab 400574d4 400575c4 3fceee44 3fceeeb4 40057cb4 00000000 00000000 00000000 00000000 00000000 00000000 00000000 0000001f 0
40000526 00000000 00000000 4005106c 0000abab 400574d4 400575c4 3fceee44 3fceeeb4 40057cb4 00000000 00000000 00000000 00000000 00000000 00000000 00000000 0000001f 0
40000528 00000000 00000000 4005106c 0000abab 400574d4 400575c4 3fceee48 3fceeeb4 40057cb4 00000000 00000000 00000000 00000000 00000000 00000000 00000000 0000001f 0
4000052a 00000000 00000000 4005106c 0000abab 400574d4 400575c4 3fceee48 3fceeeb4 40057cb8 00000000 00000000 00000000 00000000 00000000 00000000 00000000 0000001f 0
40000522 00000000 00000000 4005106c 0000abab 400574d4 400575c4 3fceee48 3fceeeb4 40057cb8 00000000 00000000 00000000 00000000 00000000 00000000 00000000 0000001f 0
40000524 00000000 00000000 00000000 0000abab 400574d4 400575c4 3fceee48 3fceeeb4 40057cb8 00000000 00000000 00000000 00000000 00000000 00000000 00000000 0000001f 0
40000526 00000000 00000000 00000000 0000abab 400574d4 400575c4 3fceee48 3fceeeb4 40057cb8 00000000 00000000 00000000 00000000 00000000 00000000 00000000 0000001f 0
40000528 00000000 00000000 00000000 0000abab 400574d4 400575c4 3fceee4c 3fceeeb4 40057cb8 00000000 00000000 00000000 00000000 00000000 00000000 00000000 0000001f 0
4000052a 00000000 00000000 00000000 0000abab 400574d4 400575c4 3fceee4c 3fceeeb4 40057cbc 00000000 00000000 00000000 00000000 00000000 00000000 00000000 0000001f 0
40000522 00000000 00000000 00000000 0000abab 400574d4 400575c4 3fceee4c 3fceeeb4 40057cbc 00000000 00000000 00000000 00000000 00000000 00000000 00000000 0000001f 0
40000524 00000000 00000000 40053980 0000abab 400574d4 400575c4 3fceee4c 3fceeeb4 40057cbc 00000000 00000000 00000000 00000000 00000000 00000000 00000000 0000001f 0
40000526 00000000 00000000 40053980 0000abab 400574d4 400575c4 3fceee4c 3fceeeb4 40057cbc 00000000 00000000 00000000 00000000 00000000 00000000 00000000 0000001f 0
40000528 00000000 00000000 40053980 0000abab 400574d4 400575c4 3fceee50 3fceeeb4 40057cbc 00000000 00000000 00000000 00000000 00000000 00000000 00000000 0000001f 0
4000052a 00000000 00000000 40053980 0000abab 400574d4 400575c4 3fceee50 3fceeeb4 40057cc0 00000000 00000000 00000000 00000000 00000000 00000000 00000000 0000001f 0
40000522 00000000 00000000 40053980 0000abab 400574d4 400575c4 3fceee50 3fceeeb4 40057cc0 00000000 00000000 00000000 00000000 00000000 00000000 00000000 0000001f 0
40000524 00000000 00000000 00000000 0000abab 400574d4 400575c4 3fceee50 3fceeeb4 40057cc0 00000000 00000000 00000000 00000000 00000000 00000000 00000000 0000001f 0
40000526 00000000 00000000 00000000 0000abab 400574d4 400575c4 3fceee50 3fceeeb4 40057cc0 00000000 00000000 00000000 00000000 00000000 00000000 00000000 0000001f 0
40000528 00000000 00000000 00000000 0000abab 400574d4 400575c4 3fceee54 3fceeeb4 40057cc0 00000000 00000000 00000000 00000000 00000000 00000000 00000000 0000001f 0
4000052a 00000000 00000000 00000000 0000abab 400574d4 400575c4 3fceee54 3fceeeb4 40057cc4 00000000 00000000 00000000 00000000 00000000 00000000 00000000 0000001f 0
40000522 00000000 00000000 00000000 0000abab 400574d4 400575c4 3fceee54 3fceeeb4 40057cc4 00000000 00000000 00000000 00000000 00000000 00000000 00000000 0000001f 0
40000524 00000000 00000000 00000000 0000abab 400574d4 400575c4 3fceee54 3fceeeb4 40057cc4 00000000 00000000 00000000 00000000 00000000 00000000 00000000 0000001f 0
40000526 00000000 00000000 00000000 0000abab 400574d4 400575c4 3fceee54 3fceeeb4 40057cc4 00000000 00000000 00000000 00000000 00000000 00000000 00000000 0000001f 0
40000528 00000000 00000000 00000000 0000abab 400574d4 400575c4 3fceee58 3fceeeb4 40057cc4 00000000 00000000 00000000 00000000 00000000 00000000 00000000 0000001f 0
4000052a 00000000 00000000 00000000 0000abab 400574d4 400575c4 3fceee58 3fceeeb4 40057cc8 00000000 00000000 00000000 00000000 00000000 00000000 00000000 0000001f 0
40000522 00000000 00000000 00000000 0000abab 400574d4 400575c4 3fceee58 3fceeeb4 40057cc8 00000000 00000000 00000000 00000000 00000000 00000000 00000000 0000001f 0
40000524 00000000 00000000 00000003 0000abab 400574d4 400575c4 3fceee58 3fceeeb4 40057cc8 00000000 00000000 00000000 00000000 00000000 00000000 00000000 0000001f 0
40000526 00000000 00000000 00000003 0000abab 400574d4 400575c4 3fceee58 3fceeeb4 40057cc8 00000000 00000000 00000000 00000000 00000000 00000000 00000000 0000001f 0
40000528 00000000 00000000 00000003 0000abab 400574d4 400575c4 3fceee5c 3fceeeb4 40057cc8 00000000 00000000 00000000 00000000 00000000 00000000 00000000 0000001f 0
4000052a 00000000 00000000 00000003 0000abab 400574d4 400575c4 3fceee5c 3fceeeb4 40057ccc 00000000 00000000 00000000 00000000 00000000 00000000 00000000 0000001f 0
40000522 00000000 00000000 00000003 0000abab 400574d4 400575c4 3fceee5c 3fceeeb4 40057ccc 00000000 00000000 00000000 00000000 00000000 00000000 00000000 0000001f 0
40000524 00000000 00000000 3fceee60 0000abab 400574d4 400575c4 3fceee5c 3fceeeb4 40057ccc 00000000 00000000 00000000 00000000 00000000 00000000 00000000 0000001f 0
40000526 00000000 00000000 3fceee60 0000abab 400574d4 400575c4 3fceee5c 3fceeeb4 40057ccc 00000000 00000000 00000000 00000000 00000000 00000000 00000000 0000001f 0
40000528 00000000 00000000 3fceee60 0000abab 400574d4 400575c4 3fceee60 3fceeeb4 40057ccc 00000000 00000000 00000000 00000000 00000000 00000000 00000000 0000001f 0
4000052a 00000000 00000000 3fceee60 0000abab 400574d4 400575c4 3fceee60 3fceeeb4 40057cd0 00000000 00000000 00000000 00000000 00000000 00000000 00000000 0000001f 0
40000522 00000000 00000000 3fceee60 0000abab 400574d4 400575c4 3fceee60 3fceeeb4 40057cd0 00000000 00000000 00000000 00000000 00000000 00000000 00000000 0000001f 0
40000524 00000000 00000000 40050fac 0000abab 400574d4 400575c4 3fceee60 3fceeeb4 40057cd0 00000000 00000000 00000000 00000000 00000000 00000000 00000000 0000001f 0
40000526 00000000 00000000 40050fac 0000abab 400574d4 400575c4 3fceee60 3fceeeb4 40057cd0 00000000 00000000 00000000 00000000 00000000 00000000 00000000 0000001f 0
40000528 00000000 00000000 40050fac 0000abab 400574d4 400575c4 3fceee64 3fceeeb4 40057cd0 00000000 00000000 00000000 00000000 00000000 00000000 00000000 0000001f 0
4000052a 00000000 00000000 40050fac 0000abab 400574d4 400575c4 3fceee64 3fceeeb4 40057cd4 00000000 00000000 00000000 00000000 00000000 00000000 00000000 0000001f 0
40000522 00000000 00000000 40050fac 0000abab 400574d4 400575c4 3fceee64 3fceeeb4 40057cd4 00000000 00000000 00000000 00000000 00000000 00000000 00000000 0000001f 0
40000524 00000000 00000000 00000085 0000abab 400574d4 400575c4 3fceee64 3fceeeb4 40057cd4 00000000 00000000 00000000 00000000 00000000 00000000 00000000 0000001f 0
40000526 00000000 00000000 00000085 0000abab 400574d4 400575c4 3fceee64 3fceeeb4 40057cd4 00000000 00000000 00000000 00000000 00000000 00000000 00000000 0000001f 0
40000528 00000000 00000000 00000085 0000abab 400574d4 400575c4 3fceee68 3fceeeb4 40057cd4 00000000 00000000 00000000 00000000 00000000 00000000 00000000 0000001f 0
4000052a 00000000 00000000 00000085 0000abab 400574d4 400575c4 3fceee68 3fceeeb4 40057cd8 00000000 00000000 00000000 00000000 00000000 00000000 00000000 0000001f 0
40000522 00000000 00000000 00000085 0000abab 400574d4 400575c4 3fceee68 3fceeeb4 40057cd8 00000000 00000000 00000000 00000000 00000000 00000000 00000000 0000001f 0
40000524 00000000 00000000 40050fbc 0000abab 400574d4 400575c4 3fceee68 3fceeeb4 40057cd8 00000000 00000000 00000000 00000000 00000000 00000000 00000000 0000001f 0
40000526 00000000 00000000 40050fbc 0000abab 400574d4 400575c4 3fceee68 3fceeeb4 40057cd8 00000000 00000000 00000000 00000000 00000000 00000000 00000000 0000001f 0
40000528 00000000 00000000 40050fbc 0000abab 400574d4 400575c4 3fceee6c 3fceeeb4 40057cd8 00000000 00000000 00000000 00000000 00000000 00000000 00000000 0000001f 0
4000052a 00000000 00000000 40050fbc 0000abab 400574d4 400575c4 3fceee6c 3fceeeb4 40057cdc 00000000 00000000 00000000 00000000 00000000 00000000 00000000 0000001f 0
40000522 00000000 00000000 40050fbc 0000abab 400574d4 400575c4 3fceee6c 3fceeeb4 40057cdc 00000000 00000000 00000000 00000000 00000000 00000000 00000000 0000001f 0
40000524 00000000 00000000 00000003 0000abab 400574d4 400575c4 3fceee6c 3fceeeb4 40057cdc 00000000 00000000 00000000 00000000 00000000 00000000 00000000 0000001f 0
40000526 00000000 00000000 00000003 0000abab 400574d4 400575c4 3fceee6c 3fceeeb4 40057cdc 00000000 00000000 00000000 00000000 00000000 00000000 00000000 0000001f 0
40000528 00000000 00000000 00000003 0000abab 400574d4 400575c4 3fceee70 3fceeeb4 40057cdc 00000000 00000000 00000000 00000000 00000000 00000000 00000000 0000001f 0
4000052a 00000000 00000000 00000003 0000abab 400574d4 400575c4 3fceee70 3fceeeb4 40057ce0 00000000 00000000 00000000 00000000 00000000 00000000 00000000 0000001f 0
40000522 00000000 00000000 00000003 0000abab 400574d4 400575c4 3fceee70 3fceeeb4 40057ce0 00000000 00000000 00000000 00000000 00000000 00000000 00000000 0000001f 0
40000524 00000000 00000000 40050f88 0000abab 400574d4 400575c4 3fceee70 3fceeeb4 40057ce0 00000000 00000000 00000000 00000000 00000000 00000000 00000000 0000001f 0
40000526 00000000 00000000 40050f88 0000abab 400574d4 400575c4 3fceee70 3fceeeb4 40057ce0 00000000 00000000 00000000 00000000 00000000 00000000 00000000 0000001f 0
40000528 00000000 00000000 40050f88 0000abab 400574d4 400575c4 3fceee74 3fceeeb4 40057ce0 00000000 00000000 00000000 00000000 00000000 00000000 00000000 0000001f 0
4000052a 00000000 00000000 40050f88 0000abab 400574d4 400575c4 3fceee74 3fceeeb4 40057ce4 00000000 00000000 00000000 00000000 00000000 00000000 00000000 0000001f 0
40000522 00000000 00000000 40050f88 0000abab 400574d4 400575c4 3fceee74 3fceeeb4 40057ce4 00000000 00000000 00000000 00000000 00000000 00000000 00000000 0000001f 0
40000524 00000000 00000000 00000084 0000abab 400574d4 400575c4 3fceee74 3fceeeb4 40057ce4 00000000 00000000 00000000 00000000 00000000 00000000 00000000 0000001f 0
40000526 00000000 00000000 00000084 0000abab 400574d4 400575c4 3fceee74 3fceeeb4 40057ce4 00000000 00000000 00000000 00000000 00000000 00000000 00000000 0000001f 0
40000528 00000000 00000000 00000084 0000abab 400574d4 400575c4 3fceee78 3fceeeb4 40057ce4 00000000 00000000 00000000 00000000 00000000 00000000 00000000 0000001f 0
4000052a 00000000 00000000 00000084 0000abab 400574d4 400575c4 3fceee78 3fceeeb4 40057ce8 00000000 00000000 00000000 00000000 00000000 00000000 00000000 0000001f 0
40000522 00000000 00000000 00000084 0000abab 400574d4 400575c4 3fceee78 3fceeeb4 40057ce8 00000000 00000000 00000000 00000000 00000000 00000000 00000000 0000001f 0
40000524 00000000 00000000 3ff1e7f4 0000abab 400574d4 400575c4 3fceee78 3fceeeb4 40057ce8 00000000 00000000 00000000 00000000 00000000 00000000 00000000 0000001f 0
40000526 00000000 00000000 3ff1e7f4 0000abab 400574d4 400575c4 3fceee78 3fceeeb4 40057ce8 00000000 00000000 00000000 00000000 00000000 00000000 00000000 0000001f 0
40000528 00000000 00000000 3ff1e7f4 0000abab 400574d4 400575c4 3fceee7c 3fceeeb4 40057ce8 00000000 00000000 00000000 00000000 00000000 00000000 00000000 0000001f 0
4000052a 00000000 00000000 3ff1e7f4 0000abab 400574d4 400575c4 3fceee7c 3fceeeb4 40057cec 00000000 00000000 00000000 00000000 00000000 00000000 00000000 0000001f 0
40000522 00000000 00000000 3ff1e7f4 0000abab 400574d4 400575c4 3fceee7c 3fceeeb4 40057cec 00000000 00000000 00000000 00000000 00000000 00000000 00000000 0000001f 0
40000524 00000000 00000000 00780324 0000abab 400574d4 400575c4 3fceee7c 3fceeeb4 40057cec 00000000 00000000 00000000 00000000 00000000 00000000 00000000 0000001f 0
40000526 00000000 00000000 00780324 0000abab 400574d4 400575c4 3fceee7c 3fceeeb4 40057cec 00000000 00000000 00000000 00000000 00000000 00000000 00000000 0000001f 0
40000528 00000000 00000000 00780324 0000abab 400574d4 400575c4 3fceee80 3fceeeb4 40057cec 00000000 00000000 00000000 00000000 00000000 00000000 00000000 0000001f 0
4000052a 00000000 00000000 00780324 0000abab 400574d4 400575c4 3fceee80 3fceeeb4 40057cf0 00000000 00000000 00000000 00000000 00000000 00000000 00000000 0000001f 0
40000522 00000000 00000000 00780324 0000abab 400574d4 400575c4 3fceee80 3fceeeb4 40057cf0 00000000 00000000 00000000 00000000 00000000 00000000 00000000 0000001f 0
40000524 00000000 00000000 003a0078 0000abab 400574d4 400575c4 3fceee80 3fceeeb4 40057cf0 00000000 00000000 00000000 00000000 00000000 00000000 00000000 0000001f 0
40000526 00000000 00000000 003a0078 0000abab 400574d4 400575c4 3fceee80 3fceeeb4 40057cf0 00000000 00000000 00000000 00000000 00000000 00000000 00000000 0000001f 0
40000528 00000000 00000000 003a0078 0000abab 400574d4 400575c4 3fceee84 3fceeeb4 40057cf0 00000000 00000000 00000000 00000000 00000000 00000000 00000000 0000001f 0
4000052a 00000000 00000000 003a0078 0000abab 400574d4 400575c4 3fceee84 3fceeeb4 40057cf4 00000000 00000000 00000000 00000000 00000000 00000000 00000000 0000001f 0
40000522 00000000 00000000 003a0078 0000abab 400574d4 400575c4 3fceee84 3fceeeb4 40057cf4 00000000 00000000 00000000 00000000 00000000 00000000 00000000 0000001f 0
40000524 00000000 00000000 00780078 0000abab 400574d4 400575c4 3fceee84 3fceeeb4 40057cf4 00000000 00000000 00000000 00000000 00000000 00000000 00000000 0000001f 0
40000526 00000000 00000000 00780078 0000abab 400574d4 400575c4 3fceee84 3fceeeb4 40057cf4 00000000 00000000 00000000 00000000 00000000 00000000 00000000 0000001f 0
40000528 00000000 00000000 00780078 0000abab 400574d4 400575c4 3fceee88 3fceeeb4 40057cf4 00000000 00000000 00000000 00000000 00000000 00000000 00000000 0000001f 0
4000052a 00000000 00000000 00780078 0000abab 400574d4 400575c4 3fceee88 3fceeeb4 40057cf8 00000000 00000000 00000000 00000000 00000000 00000000 00000000 0000001f 0
40000522 00000000 00000000 00780078 0000abab 400574d4 400575c4 3fceee88 3fceeeb4 40057cf8 00000000 00000000 00000000 00000000 00000000 00000000 00000000 0000001f 0
40000524 00000000 00000000 0078003a 0000abab 400574d4 400575c4 3fceee88 3fceeeb4 40057cf8 00000000 00000000 00000000 00000000 00000000 00000000 00000000 0000001f 0
40000526 00000000 00000000 0078003a 0000abab 400574d4 400575c4 3fceee88 3fceeeb4 40057cf8 00000000 00000000 00000000 00000000 00000000 00000000 00000000 0000001f 0
40000528 00000000 00000000 0078003a 0000abab 400574d4 400575c4 3fceee8c 3fceeeb4 40057cf8 00000000 00000000 00000000 00000000 00000000 00000000 00000000 0000001f 0
4000052a 00000000 00000000 0078003a 0000abab 400574d4 400575c4 3fceee8c 3fceeeb4 40057cfc 00000000 00000000 00000000 00000000 00000000 00000000 00000000 0000001f 0
40000522 00000000 00000000 0078003a 0000abab 400574d4 400575c4 3fceee8c 3fceeeb4 40057cfc 00000000 00000000 00000000 00000000 00000000 00000000 00000000 0000001f 0
40000524 00000000 00000000 003a0078 0000abab 400574d4 400575c4 3fceee8c 3fceeeb4 40057cfc 00000000 00000000 00000000 00000000 00000000 00000000 00000000 0000001f 0
40000526 00000000 00000000 003a0078 0000abab 400574d4 400575c4 3fceee8c 3fceeeb4 40057cfc 00000000 00000000 00000000 00000000 00000000 00000000 00000000 0000001f 0
40000528 00000000 00000000 003a0078 0000abab 400574d4 400575c4 3fceee90 3fceeeb4 40057cfc 00000000 00000000 00000000 00000000 00000000 00000000 00000000 0000001f 0
4000052a 00000000 00000000 003a0078 0000abab 400574d4 400575c4 3fceee90 3fceeeb4 40057d00 00000000 00000000 00000000 00000000 00000000 00000000 00000000 0000001f 0
40000522 00000000 00000000 003a0078 0000abab 400574d4 400575c4 3fceee90 3fceeeb4 40057d00 00000000 00000000 00000000 00000000 00000000 00000000 00000000 0000001f 0
40000524 00000000 00000000 00780078 0000abab 400574d4 400575c4 3fceee90 3fceeeb4 40057d00 00000000 00000000 00000000 00000000 00000000 00000000 00000000 0000001f 0
40000526 00000000 00000000 00780078 0000abab 400574d4 400575c4 3fceee90 3fceeeb4 40057d00 00000000 00000000 00000000 00000000 00000000 00000000 00000000 0000001f 0
40000528 00000000 00000000 00780078 0000abab 400574d4 400575c4 3fceee94 3fceeeb4 40057d00 00000000 00000000 00000000 00000000 00000000 00000000 00000000 0000001f 0
4000052a 00000000 00000000 00780078 0000abab 400574d4 400575c4 3fceee94 3fceeeb4 40057d04 00000000 00000000 00000000 00000000 00000000 00000000 00000000 0000001f 0
40000522 00000000 00000000 00780078 0000abab 400574d4 400575c4 3fceee94 3fceeeb4 40057d04 00000000 00000000 00000000 00000000 00000000 00000000 00000000 0000001f 0
40000524 00000000 00000000 0078003a 0000abab 400574d4 400575c4 3fceee94 3fceeeb4 40057d04 00000000 00000000 00000000 00000000 00000000 00000000 00000000 0000001f 0
40000526 00000000 00000000 0078003a 0000abab 400574d4 400575c4 3fceee94 3fceeeb4 40057d04 00000000 00000000 00000000 00000000 00000000 00000000 00000000 0000001f 0
40000528 00000000 00000000 0078003a 0000abab 400574d4 400575c4 3fceee98 3fceeeb4 40057d04 00000000 00000000 00000000 00000000 00000000 00000000 00000000 0000001f 0
4000052a 00000000 00000000 0078003a 0000abab 400574d4 400575c4 3fceee98 3fceeeb4 40057d08 00000000 00000000 00000000 00000000 00000000 00000000 00000000 0000001f 0
40000522 00000000 00000000 0078003a 0000abab 400574d4 400575c4 3fceee98 3fceeeb4 40057d08 00000000 00000000 00000000 00000000 00000000 00000000 00000000 0000001f 0
40000524 00000000 00000000 003a0078 0000abab 400574d4 400575c4 3fceee98 3fceeeb4 40057d08 00000000 00000000 00000000 00000000 00000000 00000000 00000000 0000001f 0
40000526 00000000 00000000 003a0078 0000abab 400574d4 400575c4 3fceee98 3fceeeb4 40057d08 00000000 00000000 00000000 00000000 00000000 00000000 00000000 0000001f 0
40000528 00000000 00000000 003a0078 0000abab 400574d4 400575c4 3fceee9c 3fceeeb4 40057d08 00000000 00000000 00000000 00000000 00000000 00000000 00000000 0000001f 0
4000052a 00000000 00000000 003a0078 0000abab 400574d4 400575c4 3fceee9c 3fceeeb4 40057d0c 00000000 00000000 00000000 00000000 00000000 00000000 00000000 0000001f 0
40000522 00000000 00000000 003a0078 0000abab 400574d4 400575c4 3fceee9c 3fceeeb4 40057d0c 00000000 00000000 00000000 00000000 00000000 00000000 00000000 0000001f 0
40000524 00000000 00000000 00780078 0000abab 400574d4 400575c4 3fceee9c 3fceeeb4 40057d0c 00000000 00000000 00000000 00000000 00000000 00000000 00000000 0000001f 0
40000526 00000000 00000000 00780078 0000abab 400574d4 400575c4 3fceee9c 3fceeeb4 40057d0c 00000000 00000000 00000000 00000000 00000000 00000000 00000000 0000001f 0
40000528 00000000 00000000 00780078 0000abab 400574d4 400575c4 3fceeea0 3fceeeb4 40057d0c 00000000 00000000 00000000 00000000 00000000 00000000 00000000 0000001f 0
4000052a 00000000 00000000 00780078 0000abab 400574d4 400575c4 3fceeea0 3fceeeb4 40057d10 00000000 00000000 00000000 00000000 00000000 00000000 00000000 0000001f 0
40000522 00000000 00000000 00780078 0000abab 400574d4 400575c4 3fceeea0 3fceeeb4 40057d10 00000000 00000000 00000000 00000000 00000000 00000000 00000000 0000001f 0
40000524 00000000 00000000 01120000 0000abab 400574d4 400575c4 3fceeea0 3fceeeb4 40057d10 00000000 00000000 00000000 00000000 00000000 00000000 00000000 0000001f 0
40000526 00000000 00000000 01120000 0000abab 400574d4 400575c4 3fceeea0 3fceeeb4 40057d10 00000000 00000000 00000000 00000000 00000000 00000000 00000000 0000001f 0
40000528 00000000 00000000 01120000 0000abab 400574d4 400575c4 3fceeea4 3fceeeb4 40057d10 00000000 00000000 00000000 00000000 00000000 00000000 00000000 0000001f 0
4000052a 00000000 00000000 01120000 0000abab 400574d4 400575c4 3fceeea4 3fceeeb4 40057d14 00000000 00000000 00000000 00000000 00000000 00000000 00000000 0000001f 0
40000522 00000000 00000000 01120000 0000abab 400574d4 400575c4 3fceeea4 3fceeeb4 40057d14 00000000 00000000 00000000 00000000 00000000 00000000 00000000 0000001f 0
40000524 00000000 00000000 02ef0200 0000abab 400574d4 400575c4 3fceeea4 3fceeeb4 40057d14 00000000 00000000 00000000 00000000 00000000 00000000 00000000 0000001f 0
40000526 00000000 00000000 02ef0200 0000abab 400574d4 400575c4 3fceeea4 3fceeeb4 40057d14 00000000 00000000 00000000 00000000 00000000 00000000 00000000 0000001f 0
40000528 00000000 00000000 02ef0200 0000abab 400574d4 400575c4 3fceeea8 3fceeeb4 40057d14 00000000 00000000 00000000 00000000 00000000 00000000 00000000 0000001f 0
4000052a 00000000 00000000 02ef0200 0000abab 400574d4 400575c4 3fceeea8 3fceeeb4 40057d18 00000000 00000000 00000000 00000000 00000000 00000000 00000000 0000001f 0
40000522 00000000 00000000 02ef0200 0000abab 400574d4 400575c4 3fceeea8 3fceeeb4 40057d18 00000000 00000000 00000000 00000000 00000000 00000000 00000000 0000001f 0
40000524 00000000 00000000 303a4001 0000abab 400574d4 400575c4 3fceeea8 3fceeeb4 40057d18 00000000 00000000 00000000 00000000 00000000 00000000 00000000 0000001f 0
40000526 00000000 00000000 303a4001 0000abab 400574d4 400575c4 3fceeea8 3fceeeb4 40057d18 00000000 00000000 00000000 00000000 00000000 00000000 00000000 0000001f 0
40000528 00000000 00000000 303a4001 0000abab 400574d4 400575c4 3fceeeac 3fceeeb4 40057d18 00000000 00000000 00000000 00000000 00000000 00000000 00000000 0000001f 0
4000052a 00000000 00000000 303a4001 0000abab 400574d4 400575c4 3fceeeac 3fceeeb4 40057d1c 00000000 00000000 00000000 00000000 00000000 00000000 00000000 0000001f 0
40000522 00000000 00000000 303a4001 0000abab 400574d4 400575c4 3fceeeac 3fceeeb4 40057d1c 00000000 00000000 00000000 00000000 00000000 00000000 00000000 0000001f 0
40000524 00000000 00000000 07280009 0000abab 400574d4 400575c4 3fceeeac 3fceeeb4 40057d1c 00000000 00000000 00000000 00000000 00000000 00000000 00000000 0000001f 0
40000526 00000000 00000000 07280009 0000abab 400574d4 400575c4 3fceeeac 3fceeeb4 40057d1c 00000000 00000000 00000000 00000000 00000000 00000000 00000000 0000001f 0
40000528 00000000 00000000 07280009 0000abab 400574d4 400575c4 3fceeeb0 3fceeeb4 40057d1c 00000000 00000000 00000000 00000000 00000000 00000000 00000000 0000001f 0
4000052a 00000000 00000000 07280009 0000abab 400574d4 400575c4 3fceeeb0 3fceeeb4 40057d20 00000000 00000000 00000000 00000000 00000000 00000000 00000000 0000001f 0
40000522 00000000 00000000 07280009 0000abab 400574d4 400575c4 3fceeeb0 3fceeeb4 40057d20 00000000 00000000 00000000 00000000 00000000 00000000 00000000 0000001f 0
40000524 00000000 00000000 01030201 0000abab 400574d4 400575c4 3fceeeb0 3fceeeb4 40057d20 00000000 00000000 00000000 00000000 00000000 00000000 00000000 0000001f 0
40000526 00000000 00000000 01030201 0000abab 400574d4 400575c4 3fceeeb0 3fceeeb4 40057d20 00000000 00000000 00000000 00000000 00000000 00000000 00000000 0000001f 0
40000528 00000000 00000000 01030201 0000abab 400574d4 400575c4 3fceeeb4 3fceeeb4 40057d20 00000000 00000000 00000000 00000000 00000000 00000000 00000000 0000001f 0
4000052a 00000000 00000000 01030201 0000abab 400574d4 400575c4 3fceeeb4 3fceeeb4 40057d24 00000000 00000000 00000000 00000000 00000000 00000000 00000000 0000001f 0
4000052d 00000000 00000000 01030201 0000abab 400574d4 400575c4 3fceeeb4 3fceeeb4 40057d24 00000000 00000000 00000000 00000000 00000000 00000000 00000000 0000001f 0
40000530 00000000 00000000 01030201 0000abab 400574e4 400575c4 3fceeeb4 3fceeeb4 40057d24 00000000 00000000 00000000 00000000 00000000 00000000 00000000 0000001f 0
4000050b 00000000 00000000 01030201 0000abab 400574e4 400575c4 3fceeeb4 3fceeeb4 40057d24 00000000 00000000 00000000 00000000 00000000 00000000 00000000 0000001f 0
4000050d 00000000 00000000 01030201 0000abab 400574e4 400575c4 3fcef66c 3fceeeb4 40057d24 00000000 00000000 00000000 00000000 00000000 00000000 00000000 0000001f 0
4000050f 00000000 00000000 01030201 0000abab 400574e4 400575c4 3fcef66c 3fcef6c0 40057d24 00000000 00000000 00000000 00000000 00000000 00000000 00000000 0000001f 0
40000511 00000000 00000000 01030201 0000abab 400574e4 400575c4 3fcef66c 3fcef6c0 40058130 00000000 00000000 00000000 00000000 00000000 00000000 00000000 0000001f 0
40000513 00000000 00000000 00000000 0000abab 400574e4 400575c4 3fcef66c 3fcef6c0 40058130 00000000 00000000 00000000 00000000 00000000 00000000 00000000 0000001f 0
40000516 00000000 00000000 00000000 0000abab 400574e4 400575c4 3fcef66c 3fcef6c0 40058130 00000000 00000000 00000000 00000000 00000000 00000000 00000000 0000001f 0
40000519 00000000 00000000 00000000 0000abab 400574e4 400575c4 3fcef66c 3fcef6c0 40058130 00000000 00000000 00000000 00000000 00000000 00000000 00000000 0000001f 0
4000051c 00000000 00000000 0000cdcd 0000abab 400574e4 400575c4 3fcef66c 3fcef6c0 40058130 00000000 00000000 00000000 00000000 00000000 00000000 00000000 0000001f 0
4000051f 00000000 00000000 0000cdcd 0000abab 400574e4 400575c4 3fcef66c 3fcef6c0 40058130 00000000 00000000 00000000 00000000 00000000 00000000 00000000 0000001f 0
40000522 00000000 00000000 0000cdcd 0000abab 400574e4 400575c4 3fcef66c 3fcef6c0 40058130 00000000 00000000 00000000 00000000 00000000 00000000 00000000 0000001f 0
40000524 00000000 00000000 00000040 0000abab 400574e4 400575c4 3fcef66c 3fcef6c0 40058130 00000000 00000000 00000000 00000000 00000000 00000000 00000000 0000001f 0
40000526 00000000 00000000 00000040 0000abab 400574e4 400575c4 3fcef66c 3fcef6c0 40058130 00000000 00000000 00000000 00000000 00000000 00000000 00000000 0000001f 0
40000528 00000000 00000000 00000040 0000abab 400574e4 400575c4 3fcef670 3fcef6c0 40058130 00000000 00000000 00000000 00000000 00000000 00000000 00000000 0000001f 0
4000052a 00000000 00000000 00000040 0000abab 400574e4 400575c4 3fcef670 3fcef6c0 40058134 00000000 00000000 00000000 00000000 00000000 00000000 00000000 0000001f 0
40000522 00000000 00000000 00000040 0000abab 400574e4 400575c4 3fcef670 3fcef6c0 40058134 00000000 00000000 00000000 00000000 00000000 00000000 00000000 0000001f 0
40000524 00000000 00000000 18181818 0000abab 400574e4 400575c4 3fcef670 3fcef6c0 40058134 00000000 00000000 00000000 00000000 00000000 00000000 00000000 0000001f 0
40000526 00000000 00000000 18181818 0000abab 400574e4 400575c4 3fcef670 3fcef6c0 40058134 00000000 00000000 00000000 00000000 00000000 00000000 00000000 0000001f 0
40000528 00000000 00000000 18181818 0000abab 400574e4 400575c4 3fcef674 3fcef6c0 40058134 00000000 00000000 00000000 00000000 00000000 00000000 00000000 0000001f 0
4000052a 00000000 00000000 18181818 0000abab 400574e4 400575c4 3fcef674 3fcef6c0 40058138 00000000 00000000 00000000 00000000 00000000 00000000 00000000 0000001f 0
40000522 00000000 00000000 18181818 0000abab 400574e4 400575c4 3fcef674 3fcef6c0 40058138 00000000 00000000 00000000 00000000 00000000 00000000 00000000 0000001f 0
40000524 00000000 00000000 00000010 0000abab 400574e4 400575c4 3fcef674 3fcef6c0 40058138 00000000 00000000 00000000 00000000 00000000 00000000 00000000 0000001f 0
40000526 00000000 00000000 00000010 0000abab 400574e4 400575c4 3fcef674 3fcef6c0 40058138 00000000 00000000 00000000 00000000 00000000 00000000 00000000 0000001f 0
40000528 00000000 00000000 00000010 0000abab 400574e4 400575c4 3fcef678 3fcef6c0 40058138 00000000 00000000 00000000 00000000 00000000 00000000 00000000 0000001f 0
4000052a 00000000 00000000 00000010 0000abab 400574e4 400575c4 3fcef678 3fcef6c0 4005813c 00000000 00000000 00000000 00000000 00000000 00000000 00000000 0000001f 0
40000522 00000000 00000000 00000010 0000abab 400574e4 400575c4 3fcef678 3fcef6c0 4005813c 00000000 00000000 00000000 00000000 00000000 00000000 00000000 0000001f 0
40000524 00000000 00000000 00000020 0000abab 400574e4 400575c4 3fcef678 3fcef6c0 4005813c 00000000 00000000 00000000 00000000 00000000 00000000 00000000 0000001f 0
40000526 00000000 00000000 00000020 0000abab 400574e4 400575c4 3fcef678 3fcef6c0 4005813c 00000000 00000000 00000000 00000000 00000000 00000000 00000000 0000001f 0
40000528 00000000 00000000 00000020 0000abab 400574e4 400575c4 3fcef67c 3fcef6c0 4005813c 00000000 00000000 00000000 00000000 00000000 00000000 00000000 0000001f 0
4000052a 00000000 00000000 00000020 0000abab 400574e4 400575c4 3fcef67c 3fcef6c0 40058140 00000000 00000000 00000000 00000000 00000000 00000000 00000000 0000001f 0
40000522 00000000 00000000 00000020 0000abab 400574e4 400575c4 3fcef67c 3fcef6c0 40058140 00000000 00000000 00000000 00000000 00000000 00000000 00000000 0000001f 0
40000524 00000000 00000000 00000000 0000abab 400574e4 400575c4 3fcef67c 3fcef6c0 40058140 00000000 00000000 00000000 00000000 00000000 00000000 00000000 0000001f 0
40000526 00000000 00000000 00000000 0000abab 400574e4 400575c4 3fcef67c 3fcef6c0 40058140 00000000 00000000 00000000 00000000 00000000 00000000 00000000 0000001f 0
40000528 00000000 00000000 00000000 0000abab 400574e4 400575c4 3fcef680 3fcef6c0 40058140 00000000 00000000 00000000 00000000 00000000 00000000 00000000 0000001f 0
4000052a 00000000 00000000 00000000 0000abab 400574e4 400575c4 3fcef680 3fcef6c0 40058144 00000000 00000000 00000000 00000000 00000000 00000000 00000000 0000001f 0
40000522 00000000 00000000 00000000 0000abab 400574e4 400575c4 3fcef680 3fcef6c0 40058144 00000000 00000000 00000000 00000000 00000000 00000000 00000000 0000001f 0
40000524 00000000 00000000 00000000 0000abab 400574e4 400575c4 3fcef680 3fcef6c0 40058144 00000000 00000000 00000000 00000000 00000000 00000000 00000000 0000001f 0
40000526 00000000 00000000 00000000 0000abab 400574e4 400575c4 3fcef680 3fcef6c0 40058144 00000000 00000000 00000000 00000000 00000000 00000000 00000000 0000001f 0
40000528 00000000 00000000 00000000 0000abab 400574e4 400575c4 3fcef684 3fcef6c0 40058144 00000000 00000000 00000000 00000000 00000000 00000000 00000000 0000001f 0
4000052a 00000000 00000000 00000000 0000abab 400574e4 400575c4 3fcef684 3fcef6c0 40058148 00000000 00000000 00000000 00000000 00000000 00000000 00000000 0000001f 0
40000522 00000000 00000000 00000000 0000abab 400574e4 400575c4 3fcef684 3fcef6c0 40058148 00000000 00000000 00000000 00000000 00000000 00000000 00000000 0000001f 0
40000524 00000000 00000000 00000000 0000abab 400574e4 400575c4 3fcef684 3fcef6c0 40058148 00000000 00000000 00000000 00000000 00000000 00000000 00000000 0000001f 0
40000526 00000000 00000000 00000000 0000abab 400574e4 400575c4 3fcef684 3fcef6c0 40058148 00000000 00000000 00000000 00000000 00000000 00000000 00000000 0000001f 0
40000528 00000000 00000000 00000000 0000abab 400574e4 400575c4 3fcef688 3fcef6c0 40058148 00000000 00000000 00000000 00000000 00000000 00000000 00000000 0000001f 0
4000052a 00000000 00000000 00000000 0000abab 400574e4 400575c4 3fcef688 3fcef6c0 4005814c 00000000 00000000 00000000 00000000 00000000 00000000 00000000 0000001f 0
40000522 00000000 00000000 00000000 0000abab 400574e4 400575c4 3fcef688 3fcef6c0 4005814c 00000000 00000000 00000000 00000000 00000000 00000000 00000000 0000001f 0
40000524 00000000 00000000 00000000 0000abab 400574e4 400575c4 3fcef688 3fcef6c0 4005814c 00000000 00000000 00000000 00000000 00000000 00000000 00000000 0000001f 0
40000526 00000000 00000000 00000000 0000abab 400574e4 400575c4 3fcef688 3fcef6c0 4005814c 00000000 00000000 00000000 00000000 00000000 00000000 00000000 0000001f 0
40000528 00000000 00000000 00000000 0000abab 400574e4 400575c4 3fcef68c 3fcef6c0 4005814c 00000000 00000000 00000000 00000000 00000000 00000000 00000000 0000001f 0
4000052a 00000000 00000000 00000000 0000abab 400574e4 400575c4 3fcef68c 3fcef6c0 40058150 00000000 00000000 00000000 00000000 00000000 00000000 00000000 0000001f 0
40000522 00000000 00000000 00000000 0000abab 400574e4 400575c4 3fcef68c 3fcef6c0 40058150 00000000 00000000 00000000 00000000 00000000 00000000 00000000 0000001f 0
40000524 00000000 00000000 00000000 0000abab 400574e4 400575c4 3fcef68c 3fcef6c0 40058150 00000000 00000000 00000000 00000000 00000000 00000000 00000000 0000001f 0
40000526 00000000 00000000 00000000 0000abab 400574e4 400575c4 3fcef68c 3fcef6c0 40058150 00000000 00000000 00000000 00000000 00000000 00000000 00000000 0000001f 0
40000528 00000000 00000000 00000000 0000abab 400574e4 400575c4 3fcef690 3fcef6c0 40058150 00000000 00000000 00000000 00000000 00000000 00000000 00000000 0000001f 0
4000052a 00000000 00000000 00000000 0000abab 400574e4 400575c4 3fcef690 3fcef6c0 40058154 00000000 00000000 00000000 00000000 00000000 00000000 00000000 0000001f 0
40000522 00000000 00000000 00000000 0000abab 400574e4 400575c4 3fcef690 3fcef6c0 40058154 00000000 00000000 00000000 00000000 00000000 00000000 00000000 0000001f 0
40000524 00000000 00000000 00000000 0000abab 400574e4 400575c4 3fcef690 3fcef6c0 40058154 00000000 00000000 00000000 00000000 00000000 00000000 00000000 0000001f 0
40000526 00000000 00000000 00000000 0000abab 400574e4 400575c4 3fcef690 3fcef6c0 40058154 00000000 00000000 00000000 00000000 00000000 00000000 00000000 0000001f 0
40000528 00000000 00000000 00000000 0000abab 400574e4 400575c4 3fcef694 3fcef6c0 40058154 00000000 00000000 00000000 00000000 00000000 00000000 00000000 0000001f 0
4000052a 00000000 00000000 00000000 0000abab 400574e4 400575c4 3fcef694 3fcef6c0 40058158 00000000 00000000 00000000 00000000 00000000 00000000 00000000 0000001f 0
40000522 00000000 00000000 00000000 0000abab 400574e4 400575c4 3fcef694 3fcef6c0 40058158 00000000 00000000 00000000 00000000 00000000 00000000 00000000 0000001f 0
40000524 00000000 00000000 00000000 0000abab 400574e4 400575c4 3fcef694 3fcef6c0 40058158 00000000 00000000 00000000 00000000 00000000 00000000 00000000 0000001f 0
40000526 00000000 00000000 00000000 0000abab 400574e4 400575c4 3fcef694 3fcef6c0 40058158 00000000 00000000 00000000 00000000 00000000 00000000 00000000 0000001f 0
40000528 00000000 00000000 00000000 0000abab 400574e4 400575c4 3fcef698 3fcef6c0 40058158 00000000 00000000 00000000 00000000 00000000 00000000 00000000 0000001f 0
4000052a 00000000 00000000 00000000 0000abab 400574e4 400575c4 3fcef698 3fcef6c0 4005815c 00000000 00000000 00000000 00000000 00000000 00000000 00000000 0000001f 0
40000522 00000000 00000000 00000000 0000abab 400574e4 400575c4 3fcef698 3fcef6c0 4005815c 00000000 00000000 00000000 00000000 00000000 00000000 00000000 0000001f 0
40000524 00000000 00000000 00000000 0000abab 400574e4 400575c4 3fcef698 3fcef6c0 4005815c 00000000 00000000 00000000 00000000 00000000 00000000 00000000 0000001f 0
40000526 00000000 00000000 00000000 0000abab 400574e4 400575c4 3fcef698 3fcef6c0 4005815c 00000000 00000000 00000000 00000000 00000000 00000000 00000000 0000001f 0
40000528 00000000 00000000 00000000 0000abab 400574e4 400575c4 3fcef69c 3fcef6c0 4005815c 00000000 00000000 00000000 00000000 00000000 00000000 00000000 0000001f 0
4000052a 00000000 00000000 00000000 0000abab 400574e4 400575c4 3fcef69c 3fcef6c0 40058160 00000000 00000000 00000000 00000000 00000000 00000000 00000000 0000001f 0
40000522 00000000 00000000 00000000 0000abab 400574e4 400575c4 3fcef69c 3fcef6c0 40058160 00000000 00000000 00000000 00000000 00000000 00000000 00000000 0000001f 0
40000524 00000000 00000000 00000000 0000abab 400574e4 400575c4 3fcef69c 3fcef6c0 40058160 00000000 00000000 00000000 00000000 00000000 00000000 00000000 0000001f 0
40000526 00000000 00000000 00000000 0000abab 400574e4 400575c4 3fcef69c 3fcef6c0 40058160 00000000 00000000 00000000 00000000 00000000 00000000 00000000 0000001f 0
40000528 00000000 00000000 00000000 0000abab 400574e4 400575c4 3fcef6a0 3fcef6c0 40058160 00000000 00000000 00000000 00000000 00000000 00000000 00000000 0000001f 0
4000052a 00000000 00000000 00000000 0000abab 400574e4 400575c4 3fcef6a0 3fcef6c0 40058164 00000000 00000000 00000000 00000000 00000000 00000000 00000000 0000001f 0
40000522 00000000 00000000 00000000 0000abab 400574e4 400575c4 3fcef6a0 3fcef6c0 40058164 00000000 00000000 00000000 00000000 00000000 00000000 00000000 0000001f 0
40000524 00000000 00000000 00000000 0000abab 400574e4 400575c4 3fcef6a0 3fcef6c0 40058164 00000000 00000000 00000000 00000000 00000000 00000000 00000000 0000001f 0
40000526 00000000 00000000 00000000 0000abab 400574e4 400575c4 3fcef6a0 3fcef6c0 40058164 00000000 00000000 00000000 00000000 00000000 00000000 00000000 0000001f 0
40000528 00000000 00000000 00000000 0000abab 400574e4 400575c4 3fcef6a4 3fcef6c0 40058164 00000000 00000000 00000000 00000000 00000000 00000000 00000000 0000001f 0
4000052a 00000000 00000000 00000000 0000abab 400574e4 400575c4 3fcef6a4 3fcef6c0 40058168 00000000 00000000 00000000 00000000 00000000 00000000 00000000 0000001f 0
40000522 00000000 00000000 00000000 0000abab 400574e4 400575c4 3fcef6a4 3fcef6c0 40058168 00000000 00000000 00000000 00000000 00000000 00000000 00000000 0000001f 0
40000524 00000000 00000000 001540ef 0000abab 400574e4 400575c4 3fcef6a4 3fcef6c0 40058168 00000000 00000000 00000000 00000000 00000000 00000000 00000000 0000001f 0
40000526 00000000 00000000 001540ef 0000abab 400574e4 400575c4 3fcef6a4 3fcef6c0 40058168 00000000 00000000 00000000 00000000 00000000 00000000 00000000 0000001f 0
40000528 00000000 00000000 001540ef 0000abab 400574e4 400575c4 3fcef6a8 3fcef6c0 40058168 00000000 00000000 00000000 00000000 00000000 00000000 00000000 0000001f 0
4000052a 00000000 00000000 001540ef 0000abab 400574e4 400575c4 3fcef6a8 3fcef6c0 4005816c 00000000 00000000 00000000 00000000 00000000 00000000 00000000 0000001f 0
40000522 00000000 00000000 001540ef 0000abab 400574e4 400575c4 3fcef6a8 3fcef6c0 4005816c 00000000 00000000 00000000 00000000 00000000 00000000 00000000 0000001f 0
40000524 00000000 00000000 00200000 0000abab 400574e4 400575c4 3fcef6a8 3fcef6c0 4005816c 00000000 00000000 00000000 00000000 00000000 00000000 00000000 0000001f 0
40000526 00000000 00000000 00200000 0000abab 400574e4 400575c4 3fcef6a8 3fcef6c0 4005816c 00000000 00000000 00000000 00000000 00000000 00000000 00000000 0000001f 0
40000528 00000000 00000000 00200000 0000abab 400574e4 400575c4 3fcef6ac 3fcef6c0 4005816c 00000000 00000000 00000000 00000000 00000000 00000000 00000000 0000001f 0
4000052a 00000000 00000000 00200000 0000abab 400574e4 400575c4 3fcef6ac 3fcef6c0 40058170 00000000 00000000 00000000 00000000 00000000 00000000 00000000 0000001f 0
40000522 00000000 00000000 00200000 0000abab 400574e4 400575c4 3fcef6ac 3fcef6c0 40058170 00000000 00000000 00000000 00000000 00000000 00000000 00000000 0000001f 0
40000524 00000000 00000000 00010000 0000abab 400574e4 400575c4 3fcef6ac 3fcef6c0 40058170 00000000 00000000 00000000 00000000 00000000 00000000 00000000 0000001f 0
40000526 00000000 00000000 00010000 0000abab 400574e4 400575c4 3fcef6ac 3fcef6c0 40058170 00000000 00000000 00000000 00000000 00000000 00000000 00000000 0000001f 0
40000528 00000000 00000000 00010000 0000abab 400574e4 400575c4 3fcef6b0 3fcef6c0 40058170 00000000 00000000 00000000 00000000 00000000 00000000 00000000 0000001f 0
4000052a 00000000 00000000 00010000 0000abab 400574e4 400575c4 3fcef6b0 3fcef6c0 40058174 00000000 00000000 00000000 00000000 00000000 00000000 00000000 0000001f 0
40000522 00000000 00000000 00010000 0000abab 400574e4 400575c4 3fcef6b0 3fcef6c0 40058174 00000000 00000000 00000000 00000000 00000000 00000000 00000000 0000001f 0
40000524 00000000 00000000 00001000 0000abab 400574e4 400575c4 3fcef6b0 3fcef6c0 40058174 00000000 00000000 00000000 00000000 00000000 00000000 00000000 0000001f 0
40000526 00000000 00000000 00001000 0000abab 400574e4 400575c4 3fcef6b0 3fcef6c0 40058174 00000000 00000000 00000000 00000000 00000000 00000000 00000000 0000001f 0
40000528 00000000 00000000 00001000 0000abab 400574e4 400575c4 3fcef6b4 3fcef6c0 40058174 00000000 00000000 00000000 00000000 00000000 00000000 00000000 0000001f 0
4000052a 00000000 00000000 00001000 0000abab 400574e4 400575c4 3fcef6b4 3fcef6c0 40058178 00000000 00000000 00000000 00000000 00000000 00000000 00000000 0000001f 0
40000522 00000000 00000000 00001000 0000abab 400574e4 400575c4 3fcef6b4 3fcef6c0 40058178 00000000 00000000 00000000 00000000 00000000 00000000 00000000 0000001f 0
40000524 00000000 00000000 00000100 0000abab 400574e4 400575c4 3fcef6b4 3fcef6c0 40058178 00000000 00000000 00000000 00000000 00000000 00000000 00000000 0000001f 0
40000526 00000000 00000000 00000100 0000abab 400574e4 400575c4 3fcef6b4 3fcef6c0 40058178 00000000 00000000 00000000 00000000 00000000 00000000 00000000 0000001f 0
40000528 00000000 00000000 00000100 0000abab 400574e4 400575c4 3fcef6b8 3fcef6c0 40058178 00000000 00000000 00000000 00000000 00000000 00000000 00000000 0000001f 0
4000052a 00000000 00000000 00000100 0000abab 400574e4 400575c4 3fcef6b8 3fcef6c0 4005817c 00000000 00000000 00000000 00000000 00000000 00000000 00000000 0000001f 0
40000522 00000000 00000000 00000100 0000abab 400574e4 400575c4 3fcef6b8 3fcef6c0 4005817c 00000000 00000000 00000000 00000000 00000000 00000000 00000000 0000001f 0
40000524 00000000 00000000 0000ffff 0000abab 400574e4 400575c4 3fcef6b8 3fcef6c0 4005817c 00000000 00000000 00000000 00000000 00000000 00000000 00000000 0000001f 0
40000526 00000000 00000000 0000ffff 0000abab 400574e4 400575c4 3fcef6b8 3fcef6c0 4005817c 00000000 00000000 00000000 00000000 00000000 00000000 00000000 0000001f 0
40000528 00000000 00000000 0000ffff 0000abab 400574e4 400575c4 3fcef6bc 3fcef6c0 4005817c 00000000 00000000 00000000 00000000 00000000 00000000 00000000 0000001f 0
4000052a 00000000 00000000 0000ffff 0000abab 400574e4 400575c4 3fcef6bc 3fcef6c0 40058180 00000000 00000000 00000000 00000000 00000000 00000000 00000000 0000001f 0
40000522 00000000 00000000 0000ffff 0000abab 400574e4 400575c4 3fcef6bc 3fcef6c0 40058180 00000000 00000000 00000000 00000000 00000000 00000000 00000000 0000001f 0
40000524 00000000 00000000 00000000 0000abab 400574e4 400575c4 3fcef6bc 3fcef6c0 40058180 00000000 00000000 00000000 00000000 00000000 00000000 00000000 0000001f 0
40000526 00000000 00000000 00000000 0000abab 400574e4 400575c4 3fcef6bc 3fcef6c0 40058180 00000000 00000000 00000000 00000000 00000000 00000000 00000000 0000001f 0
40000528 00000000 00000000 00000000 0000abab 400574e4 400575c4 3fcef6c0 3fcef6c0 40058180 00000000 00000000 00000000 00000000 00000000 00000000 00000000 0000001f 0
4000052a 00000000 00000000 00000000 0000abab 400574e4 400575c4 3fcef6c0 3fcef6c0 40058184 00000000 00000000 00000000 00000000 00000000 00000000 00000000 0000001f 0
4000052d 00000000 00000000 00000000 0000abab 400574e4 400575c4 3fcef6c0 3fcef6c0 40058184 00000000 00000000 00000000 00000000 00000000 00000000 00000000 0000001f 0
40000530 00000000 00000000 00000000 0000abab 400574f4 400575c4 3fcef6c0 3fcef6c0 40058184 00000000 00000000 00000000 00000000 00000000 00000000 00000000 0000001f 0
4000050b 00000000 00000000 00000000 0000abab 400574f4 400575c4 3fcef6c0 3fcef6c0 40058184 00000000 00000000 00000000 00000000 00000000 00000000 00000000 0000001f 0
4000050d 00000000 00000000 00000000 0000abab 400574f4 400575c4 3fcef714 3fcef6c0 40058184 00000000 00000000 00000000 00000000 00000000 00000000 00000000 0000001f 0
4000050f 00000000 00000000 00000000 0000abab 400574f4 400575c4 3fcef714 3fcef71c 40058184 00000000 00000000 00000000 00000000 00000000 00000000 00000000 0000001f 0
40000511 00000000 00000000 00000000 0000abab 400574f4 400575c4 3fcef714 3fcef71c 40058184 00000000 00000000 00000000 00000000 00000000 00000000 00000000 0000001f 0
40000513 00000000 00000000 00000000 0000abab 400574f4 400575c4 3fcef714 3fcef71c 40058184 00000000 00000000 00000000 00000000 00000000 00000000 00000000 0000001f 0
40000516 00000000 00000000 00000000 0000abab 400574f4 400575c4 3fcef714 3fcef71c 40058184 00000000 00000000 00000000 00000000 00000000 00000000 00000000 0000001f 0
40000519 00000000 00000000 00000000 0000abab 400574f4 400575c4 3fcef714 3fcef71c 40058184 00000000 00000000 00000000 00000000 00000000 00000000 00000000 0000001f 0
4000051c 00000000 00000000 0000cdcd 0000abab 400574f4 400575c4 3fcef714 3fcef71c 40058184 00000000 00000000 00000000 00000000 00000000 00000000 00000000 0000001f 0
4000051f 00000000 00000000 0000cdcd 0000abab 400574f4 400575c4 3fcef714 3fcef71c 40058184 00000000 00000000 00000000 00000000 00000000 00000000 00000000 0000001f 0
40000522 00000000 00000000 0000cdcd 0000abab 400574f4 400575c4 3fcef714 3fcef71c 40058184 00000000 00000000 00000000 00000000 00000000 00000000 00000000 0000001f 0
40000524 00000000 00000000 00000200 0000abab 400574f4 400575c4 3fcef714 3fcef71c 40058184 00000000 00000000 00000000 00000000 00000000 00000000 00000000 0000001f 0
40000526 00000000 00000000 00000200 0000abab 400574f4 400575c4 3fcef714 3fcef71c 40058184 00000000 00000000 00000000 00000000 00000000 00000000 00000000 0000001f 0
40000528 00000000 00000000 00000200 0000abab 400574f4 400575c4 3fcef718 3fcef71c 40058184 00000000 00000000 00000000 00000000 00000000 00000000 00000000 0000001f 0
4000052a 00000000 00000000 00000200 0000abab 400574f4 400575c4 3fcef718 3fcef71c 40058188 00000000 00000000 00000000 00000000 00000000 00000000 00000000 0000001f 0
40000522 00000000 00000000 00000200 0000abab 400574f4 400575c4 3fcef718 3fcef71c 40058188 00000000 00000000 00000000 00000000 00000000 00000000 00000000 0000001f 0
40000524 00000000 00000000 00000200 0000abab 400574f4 400575c4 3fcef718 3fcef71c 40058188 00000000 00000000 00000000 00000000 00000000 00000000 00000000 0000001f 0
40000526 00000000 00000000 00000200 0000abab 400574f4 400575c4 3fcef718 3fcef71c 40058188 00000000 00000000 00000000 00000000 00000000 00000000 00000000 0000001f 0
40000528 00000000 00000000 00000200 0000abab 400574f4 400575c4 3fcef71c 3fcef71c 40058188 00000000 00000000 00000000 00000000 00000000 00000000 00000000 0000001f 0
4000052a 00000000 00000000 00000200 0000abab 400574f4 400575c4 3fcef71c 3fcef71c 4005818c 00000000 00000000 00000000 00000000 00000000 00000000 00000000 0000001f 0
4000052d 00000000 00000000 00000200 0000abab 400574f4 400575c4 3fcef71c 3fcef71c 4005818c 00000000 00000000 00000000 00000000 00000000 00000000 00000000 0000001f 0
40000530 00000000 00000000 00000200 0000abab 40057504 400575c4 3fcef71c 3fcef71c 4005818c 00000000 00000000 00000000 00000000 00000000 00000000 00000000 0000001f 0
4000050b 00000000 00000000 00000200 0000abab 40057504 400575c4 3fcef71c 3fcef71c 4005818c 00000000 00000000 00000000 00000000 00000000 00000000 00000000 0000001f 0
4000050d 00000000 00000000 00000200 0000abab 40057504 400575c4 3fcef73c 3fcef71c 4005818c 00000000 00000000 00000000 00000000 00000000 00000000 00000000 0000001f 0
4000050f 00000000 00000000 00000200 0000abab 40057504 400575c4 3fcef73c 3fcef73c 4005818c 00000000 00000000 00000000 00000000 00000000 00000000 00000000 0000001f 0
40000511 00000000 00000000 00000200 0000abab 40057504 400575c4 3fcef73c 3fcef73c 4005818c 00000000 00000000 00000000 00000000 00000000 00000000 00000000 0000001f 0
40000513 00000000 00000000 00000000 0000abab 40057504 400575c4 3fcef73c 3fcef73c 4005818c 00000000 00000000 00000000 00000000 00000000 00000000 00000000 0000001f 0
4000052d 00000000 00000000 00000000 0000abab 40057504 400575c4 3fcef73c 3fcef73c 4005818c 00000000 00000000 00000000 00000000 00000000 00000000 00000000 0000001f 0
40000530 00000000 00000000 00000000 0000abab 40057514 400575c4 3fcef73c 3fcef73c 4005818c 00000000 00000000 00000000 00000000 00000000 00000000 00000000 0000001f 0
4000050b 00000000 00000000 00000000 0000abab 40057514 400575c4 3fcef73c 3fcef73c 4005818c 00000000 00000000 00000000 00000000 00000000 00000000 00000000 0000001f 0
4000050d 00000000 00000000 00000000 0000abab 40057514 400575c4 3fcef744 3fcef73c 4005818c 00000000 00000000 00000000 00000000 00000000 00000000 00000000 0000001f 0
4000050f 00000000 00000000 00000000 0000abab 40057514 400575c4 3fcef744 3fcef744 4005818c 00000000 00000000 00000000 00000000 00000000 00000000 00000000 0000001f 0
40000511 00000000 00000000 00000000 0000abab 40057514 400575c4 3fcef744 3fcef744 4005818c 00000000 00000000 00000000 00000000 00000000 00000000 00000000 0000001f 0
40000513 00000000 00000000 00000000 0000abab 40057514 400575c4 3fcef744 3fcef744 4005818c 00000000 00000000 00000000 00000000 00000000 00000000 00000000 0000001f 0
4000052d 00000000 00000000 00000000 0000abab 40057514 400575c4 3fcef744 3fcef744 4005818c 00000000 00000000 00000000 00000000 00000000 00000000 00000000 0000001f 0
40000530 00000000 00000000 00000000 0000abab 40057524 400575c4 3fcef744 3fcef744 4005818c 00000000 00000000 00000000 00000000 00000000 00000000 00000000 0000001f 0
4000050b 00000000 00000000 00000000 0000abab 40057524 400575c4 3fcef744 3fcef744 4005818c 00000000 00000000 00000000 00000000 00000000 00000000 00000000 0000001f 0
4000050d 00000000 00000000 00000000 0000abab 40057524 400575c4 3fcef758 3fcef744 4005818c 00000000 00000000 00000000 00000000 00000000 00000000 00000000 0000001f 0
4000050f 00000000 00000000 00000000 0000abab 40057524 400575c4 3fcef758 3fcef75c 4005818c 00000000 00000000 00000000 00000000 00000000 00000000 00000000 0000001f 0
40000511 00000000 00000000 00000000 0000abab 40057524 400575c4 3fcef758 3fcef75c 4005818c 00000000 00000000 00000000 00000000 00000000 00000000 00000000 0000001f 0
40000513 00000000 00000000 00000000 0000abab 40057524 400575c4 3fcef758 3fcef75c 4005818c 00000000 00000000 00000000 00000000 00000000 00000000 00000000 0000001f 0
40000516 00000000 00000000 00000000 0000abab 40057524 400575c4 3fcef758 3fcef75c 4005818c 00000000 00000000 00000000 00000000 00000000 00000000 00000000 0000001f 0
40000519 00000000 00000000 00000000 0000abab 40057524 400575c4 3fcef758 3fcef75c 4005818c 00000000 00000000 00000000 00000000 00000000 00000000 00000000 0000001f 0
4000051c 00000000 00000000 0000cdcd 0000abab 40057524 400575c4 3fcef758 3fcef75c 4005818c 00000000 00000000 00000000 00000000 00000000 00000000 00000000 0000001f 0
4000051f 00000000 00000000 0000cdcd 0000abab 40057524 400575c4 3fcef758 3fcef75c 4005818c 00000000 00000000 00000000 00000000 00000000 00000000 00000000 0000001f 0
40000522 00000000 00000000 0000cdcd 0000abab 40057524 400575c4 3fcef758 3fcef75c 4005818c 00000000 00000000 00000000 00000000 00000000 00000000 00000000 0000001f 0
40000524 00000000 00000000 00000028 0000abab 40057524 400575c4 3fcef758 3fcef75c 4005818c 00000000 00000000 00000000 00000000 00000000 00000000 00000000 0000001f 0
40000526 00000000 00000000 00000028 0000abab 40057524 400575c4 3fcef758 3fcef75c 4005818c 00000000 00000000 00000000 00000000 00000000 00000000 00000000 0000001f 0
40000528 00000000 00000000 00000028 0000abab 40057524 400575c4 3fcef75c 3fcef75c 4005818c 00000000 00000000 00000000 00000000 00000000 00000000 00000000 0000001f 0
4000052a 00000000 00000000 00000028 0000abab 40057524 400575c4 3fcef75c 3fcef75c 40058190 00000000 00000000 00000000 00000000 00000000 00000000 00000000 0000001f 0
4000052d 00000000 00000000 00000028 0000abab 40057524 400575c4 3fcef75c 3fcef75c 40058190 00000000 00000000 00000000 00000000 00000000 00000000 00000000 0000001f 0
40000530 00000000 00000000 00000028 0000abab 40057534 400575c4 3fcef75c 3fcef75c 40058190 00000000 00000000 00000000 00000000 00000000 00000000 00000000 0000001f 0
4000050b 00000000 00000000 00000028 0000abab 40057534 400575c4 3fcef75c 3fcef75c 40058190 00000000 00000000 00000000 00000000 00000000 00000000 00000000 0000001f 0
4000050d 00000000 00000000 00000028 0000abab 40057534 400575c4 3fcef75c 3fcef75c 40058190 00000000 00000000 00000000 00000000 00000000 00000000 00000000 0000001f 0
4000050f 00000000 00000000 00000028 0000abab 40057534 400575c4 3fcef75c 3fcef75c 40058190 00000000 00000000 00000000 00000000 00000000 00000000 00000000 0000001f 0
40000511 00000000 00000000 00000028 0000abab 40057534 400575c4 3fcef75c 3fcef75c 40058190 00000000 00000000 00000000 00000000 00000000 00000000 00000000 0000001f 0
40000513 00000000 00000000 00000000 0000abab 40057534 400575c4 3fcef75c 3fcef75c 40058190 00000000 00000000 00000000 00000000 00000000 00000000 00000000 0000001f 0
4000052d 00000000 00000000 00000000 0000abab 40057534 400575c4 3fcef75c 3fcef75c 40058190 00000000 00000000 00000000 00000000 00000000 00000000 00000000 0000001f 0
40000530 00000000 00000000 00000000 0000abab 40057544 400575c4 3fcef75c 3fcef75c 40058190 00000000 00000000 00000000 00000000 00000000 00000000 00000000 0000001f 0
4000050b 00000000 00000000 00000000 0000abab 40057544 400575c4 3fcef75c 3fcef75c 40058190 00000000 00000000 00000000 00000000 00000000 00000000 00000000 0000001f 0
4000050d 00000000 00000000 00000000 0000abab 40057544 400575c4 3fcef760 3fcef75c 40058190 00000000 00000000 00000000 00000000 00000000 00000000 00000000 0000001f 0
4000050f 00000000 00000000 00000000 0000abab 40057544 400575c4 3fcef760 3fcef760 40058190 00000000 00000000 00000000 00000000 00000000 00000000 00000000 0000001f 0
40000511 00000000 00000000 00000000 0000abab 40057544 400575c4 3fcef760 3fcef760 40058190 00000000 00000000 00000000 00000000 00000000 00000000 00000000 0000001f 0
40000513 00000000 00000000 00000000 0000abab 40057544 400575c4 3fcef760 3fcef760 40058190 00000000 00000000 00000000 00000000 00000000 00000000 00000000 0000001f 0
4000052d 00000000 00000000 00000000 0000abab 40057544 400575c4 3fcef760 3fcef760 40058190 00000000 00000000 00000000 00000000 00000000 00000000 00000000 0000001f 0
40000530 00000000 00000000 00000000 0000abab 40057554 400575c4 3fcef760 3fcef760 40058190 00000000 00000000 00000000 00000000 00000000 00000000 00000000 0000001f 0
4000050b 00000000 00000000 00000000 0000abab 40057554 400575c4 3fcef760 3fcef760 40058190 00000000 00000000 00000000 00000000 00000000 00000000 00000000 0000001f 0
4000050d 00000000 00000000 00000000 0000abab 40057554 400575c4 3fcef768 3fcef760 40058190 00000000 00000000 00000000 00000000 00000000 00000000 00000000 0000001f 0
4000050f 00000000 00000000 00000000 0000abab 40057554 400575c4 3fcef768 3fcef768 40058190 00000000 00000000 00000000 00000000 00000000 00000000 00000000 0000001f 0
40000511 00000000 00000000 00000000 0000abab 40057554 400575c4 3fcef768 3fcef768 40058190 00000000 00000000 00000000 00000000 00000000 00000000 00000000 0000001f 0
40000513 00000000 00000000 00000000 0000abab 40057554 400575c4 3fcef768 3fcef768 40058190 00000000 00000000 00000000 00000000 00000000 00000000 00000000 0000001f 0
4000052d 00000000 00000000 00000000 0000abab 40057554 400575c4 3fcef768 3fcef768 40058190 00000000 00000000 00000000 00000000 00000000 00000000 00000000 0000001f 0
40000530 00000000 00000000 00000000 0000abab 40057564 400575c4 3fcef768 3fcef768 40058190 00000000 00000000 00000000 00000000 00000000 00000000 00000000 0000001f 0
4000050b 00000000 00000000 00000000 0000abab 40057564 400575c4 3fcef768 3fcef768 40058190 00000000 00000000 00000000 00000000 00000000 00000000 00000000 0000001f 0
4000050d 00000000 00000000 00000000 0000abab 40057564 400575c4 3fcef768 3fcef768 40058190 00000000 00000000 00000000 00000000 00000000 00000000 00000000 0000001f 0
4000050f 00000000 00000000 00000000 0000abab 40057564 400575c4 3fcef768 3fcef768 40058190 00000000 00000000 00000000 00000000 00000000 00000000 00000000 0000001f 0
40000511 00000000 00000000 00000000 0000abab 40057564 400575c4 3fcef768 3fcef768 40058190 00000000 00000000 00000000 00000000 00000000 00000000 00000000 0000001f 0
40000513 00000000 00000000 00000000 0000abab 40057564 400575c4 3fcef768 3fcef768 40058190 00000000 00000000 00000000 00000000 00000000 00000000 00000000 0000001f 0
4000052d 00000000 00000000 00000000 0000abab 40057564 400575c4 3fcef768 3fcef768 40058190 00000000 00000000 00000000 00000000 00000000 00000000 00000000 0000001f 0
40000530 00000000 00000000 00000000 0000abab 40057574 400575c4 3fcef768 3fcef768 40058190 00000000 00000000 00000000 00000000 00000000 00000000 00000000 0000001f 0
4000050b 00000000 00000000 00000000 0000abab 40057574 400575c4 3fcef768 3fcef768 40058190 00000000 00000000 00000000 00000000 00000000 00000000 00000000 0000001f 0
4000050d 00000000 00000000 00000000 0000abab 40057574 400575c4 3fcef770 3fcef768 40058190 00000000 00000000 00000000 00000000 00000000 00000000 00000000 0000001f 0
4000050f 00000000 00000000 00000000 0000abab 40057574 400575c4 3fcef770 3fcef770 40058190 00000000 00000000 00000000 00000000 00000000 00000000 00000000 0000001f 0
40000511 00000000 00000000 00000000 0000abab 40057574 400575c4 3fcef770 3fcef770 40058190 00000000 00000000 00000000 00000000 00000000 00000000 00000000 0000001f 0
40000513 00000000 00000000 00000000 0000abab 40057574 400575c4 3fcef770 3fcef770 40058190 00000000 00000000 00000000 00000000 00000000 00000000 00000000 0000001f 0
4000052d 00000000 00000000 00000000 0000abab 40057574 400575c4 3fcef770 3fcef770 40058190 00000000 00000000 00000000 00000000 00000000 00000000 00000000 0000001f 0
40000530 00000000 00000000 00000000 0000abab 40057584 400575c4 3fcef770 3fcef770 40058190 00000000 00000000 00000000 00000000 00000000 00000000 00000000 0000001f 0
4000050b 00000000 00000000 00000000 0000abab 40057584 400575c4 3fcef770 3fcef770 40058190 00000000 00000000 00000000 00000000 00000000 00000000 00000000 0000001f 0
4000050d 00000000 00000000 00000000 0000abab 40057584 400575c4 3fcef3d4 3fcef770 40058190 00000000 00000000 00000000 00000000 00000000 00000000 00000000 0000001f 0
4000050f 00000000 00000000 00000000 0000abab 40057584 400575c4 3fcef3d4 3fcef66c 40058190 00000000 00000000 00000000 00000000 00000000 00000000 00000000 0000001f 0
40000511 00000000 00000000 00000000 0000abab 40057584 400575c4 3fcef3d4 3fcef66c 40057e98 00000000 00000000 00000000 00000000 00000000 00000000 00000000 0000001f 0
40000513 00000000 00000000 00000000 0000abab 40057584 400575c4 3fcef3d4 3fcef66c 40057e98 00000000 00000000 00000000 00000000 00000000 00000000 00000000 0000001f 0
40000516 00000000 00000000 00000000 0000abab 40057584 400575c4 3fcef3d4 3fcef66c 40057e98 00000000 00000000 00000000 00000000 00000000 00000000 00000000 0000001f 0
40000519 00000000 00000000 00000000 0000abab 40057584 400575c4 3fcef3d4 3fcef66c 40057e98 00000000 00000000 00000000 00000000 00000000 00000000 00000000 0000001f 0
4000051c 00000000 00000000 0000cdcd 0000abab 40057584 400575c4 3fcef3d4 3fcef66c 40057e98 00000000 00000000 00000000 00000000 00000000 00000000 00000000 0000001f 0
4000051f 00000000 00000000 0000cdcd 0000abab 40057584 400575c4 3fcef3d4 3fcef66c 40057e98 00000000 00000000 00000000 00000000 00000000 00000000 00000000 0000001f 0
40000522 00000000 00000000 0000cdcd 0000abab 40057584 400575c4 3fcef3d4 3fcef66c 40057e98 00000000 00000000 00000000 00000000 00000000 00000000 00000000 0000001f 0
40000524 00000000 00000000 3fcef3d8 0000abab 40057584 400575c4 3fcef3d4 3fcef66c 40057e98 00000000 00000000 00000000 00000000 00000000 00000000 00000000 0000001f 0
40000526 00000000 00000000 3fcef3d8 0000abab 40057584 400575c4 3fcef3d4 3fcef66c 40057e98 00000000 00000000 00000000 00000000 00000000 00000000 00000000 0000001f 0
40000528 00000000 00000000 3fcef3d8 0000abab 40057584 400575c4 3fcef3d8 3fcef66c 40057e98 00000000 00000000 00000000 00000000 00000000 00000000 00000000 0000001f 0
4000052a 00000000 00000000 3fcef3d8 0000abab 40057584 400575c4 3fcef3d8 3fcef66c 40057e9c 00000000 00000000 00000000 00000000 00000000 00000000 00000000 0000001f 0
40000522 00000000 00000000 3fcef3d8 0000abab 40057584 400575c4 3fcef3d8 3fcef66c 40057e9c 00000000 00000000 00000000 00000000 00000000 00000000 00000000 0000001f 0
40000524 00000000 00000000 40037fa8 0000abab 40057584 400575c4 3fcef3d8 3fcef66c 40057e9c 00000000 00000000 00000000 00000000 00000000 00000000 00000000 0000001f 0
40000526 00000000 00000000 40037fa8 0000abab 40057584 400575c4 3fcef3d8 3fcef66c 40057e9c 00000000 00000000 00000000 00000000 00000000 00000000 00000000 0000001f 0
40000528 00000000 00000000 40037fa8 0000abab 40057584 400575c4 3fcef3dc 3fcef66c 40057e9c 00000000 00000000 00000000 00000000 00000000 00000000 00000000 0000001f 0
4000052a 00000000 00000000 40037fa8 0000abab 40057584 400575c4 3fcef3dc 3fcef66c 40057ea0 00000000 00000000 00000000 00000000 00000000 00000000 00000000 0000001f 0
40000522 00000000 00000000 40037fa8 0000abab 40057584 400575c4 3fcef3dc 3fcef66c 40057ea0 00000000 00000000 00000000 00000000 00000000 00000000 00000000 0000001f 0
40000524 00000000 00000000 40037fcc 0000abab 40057584 400575c4 3fcef3dc 3fcef66c 40057ea0 00000000 00000000 00000000 00000000 00000000 00000000 00000000 0000001f 0
40000526 00000000 00000000 40037fcc 0000abab 40057584 400575c4 3fcef3dc 3fcef66c 40057ea0 00000000 00000000 00000000 00000000 00000000 00000000 00000000 0000001f 0
40000528 00000000 00000000 40037fcc 0000abab 40057584 400575c4 3fcef3e0 3fcef66c 40057ea0 00000000 00000000 00000000 00000000 00000000 00000000 00000000 0000001f 0
4000052a 00000000 00000000 40037fcc 0000abab 40057584 400575c4 3fcef3e0 3fcef66c 40057ea4 00000000 00000000 00000000 00000000 00000000 00000000 00000000 0000001f 0
40000522 00000000 00000000 40037fcc 0000abab 40057584 400575c4 3fcef3e0 3fcef66c 40057ea4 00000000 00000000 00000000 00000000 00000000 00000000 00000000 0000001f 0
40000524 00000000 00000000 40038020 0000abab 40057584 400575c4 3fcef3e0 3fcef66c 40057ea4 00000000 00000000 00000000 00000000 00000000 00000000 00000000 0000001f 0
40000526 00000000 00000000 40038020 0000abab 40057584 400575c4 3fcef3e0 3fcef66c 40057ea4 00000000 00000000 00000000 00000000 00000000 00000000 00000000 0000001f 0
40000528 00000000 00000000 40038020 0000abab 40057584 400575c4 3fcef3e4 3fcef66c 40057ea4 00000000 00000000 00000000 00000000 00000000 00000000 00000000 0000001f 0
4000052a 00000000 00000000 40038020 0000abab 40057584 400575c4 3fcef3e4 3fcef66c 40057ea8 00000000 00000000 00000000 00000000 00000000 00000000 00000000 0000001f 0
40000522 00000000 00000000 40038020 0000abab 40057584 400575c4 3fcef3e4 3fcef66c 40057ea8 00000000 00000000 00000000 00000000 00000000 00000000 00000000 0000001f 0
40000524 00000000 00000000 40038068 0000abab 40057584 400575c4 3fcef3e4 3fcef66c 40057ea8 00000000 00000000 00000000 00000000 00000000 00000000 00000000 0000001f 0
40000526 00000000 00000000 40038068 0000abab 40057584 400575c4 3fcef3e4 3fcef66c 40057ea8 00000000 00000000 00000000 00000000 00000000 00000000 00000000 0000001f 0
40000528 00000000 00000000 40038068 0000abab 40057584 400575c4 3fcef3e8 3fcef66c 40057ea8 00000000 00000000 00000000 00000000 00000000 00000000 00000000 0000001f 0
4000052a 00000000 00000000 40038068 0000abab 40057584 400575c4 3fcef3e8 3fcef66c 40057eac 00000000 00000000 00000000 00000000 00000000 00000000 00000000 0000001f 0
40000522 00000000 00000000 40038068 0000abab 40057584 400575c4 3fcef3e8 3fcef66c 40057eac 00000000 00000000 00000000 00000000 00000000 00000000 00000000 0000001f 0
40000524 00000000 00000000 400380b4 0000abab 40057584 400575c4 3fcef3e8 3fcef66c 40057eac 00000000 00000000 00000000 00000000 00000000 00000000 00000000 0000001f 0
40000526 00000000 00000000 400380b4 0000abab 40057584 400575c4 3fcef3e8 3fcef66c 40057eac 00000000 00000000 00000000 00000000 00000000 00000000 00000000 0000001f 0
40000528 00000000 00000000 400380b4 0000abab 40057584 400575c4 3fcef3ec 3fcef66c 40057eac 00000000 00000000 00000000 00000000 00000000 00000000 00000000 0000001f 0
4000052a 00000000 00000000 400380b4 0000abab 40057584 400575c4 3fcef3ec 3fcef66c 40057eb0 00000000 00000000 00000000 00000000 00000000 00000000 00000000 0000001f 0
40000522 00000000 00000000 400380b4 0000abab 40057584 400575c4 3fcef3ec 3fcef66c 40057eb0 00000000 00000000 00000000 00000000 00000000 00000000 00000000 0000001f 0
40000524 00000000 00000000 400380e0 0000abab 40057584 400575c4 3fcef3ec 3fcef66c 40057eb0 00000000 00000000 00000000 00000000 00000000 00000000 00000000 0000001f 0
40000526 00000000 00000000 400380e0 0000abab 40057584 400575c4 3fcef3ec 3fcef66c 40057eb0 00000000 00000000 00000000 00000000 00000000 00000000 00000000 0000001f 0
40000528 00000000 00000000 400380e0 0000abab 40057584 400575c4 3fcef3f0 3fcef66c 40057eb0 00000000 00000000 00000000 00000000 00000000 00000000 00000000 0000001f 0
4000052a 00000000 00000000 400380e0 0000abab 40057584 400575c4 3fcef3f0 3fcef66c 40057eb4 00000000 00000000 00000000 00000000 00000000 00000000 00000000 0000001f 0
40000522 00000000 00000000 400380e0 0000abab 40057584 400575c4 3fcef3f0 3fcef66c 40057eb4 00000000 00000000 00000000 00000000 00000000 00000000 00000000 0000001f 0
40000524 00000000 00000000 40055cc8 0000abab 40057584 400575c4 3fcef3f0 3fcef66c 40057eb4 00000000 00000000 00000000 00000000 00000000 00000000 00000000 0000001f 0
40000526 00000000 00000000 40055cc8 0000abab 40057584 400575c4 3fcef3f0 3fcef66c 40057eb4 00000000 00000000 00000000 00000000 00000000 00000000 00000000 0000001f 0
40000528 00000000 00000000 40055cc8 0000abab 40057584 400575c4 3fcef3f4 3fcef66c 40057eb4 00000000 00000000 00000000 00000000 00000000 00000000 00000000 0000001f 0
4000052a 00000000 00000000 40055cc8 0000abab 40057584 400575c4 3fcef3f4 3fcef66c 40057eb8 00000000 00000000 00000000 00000000 00000000 00000000 00000000 0000001f 0
40000522 00000000 00000000 40055cc8 0000abab 40057584 400575c4 3fcef3f4 3fcef66c 40057eb8 00000000 00000000 00000000 00000000 00000000 00000000 00000000 0000001f 0
40000524 00000000 00000000 400380f8 0000abab 40057584 400575c4 3fcef3f4 3fcef66c 40057eb8 00000000 00000000 00000000 00000000 00000000 00000000 00000000 0000001f 0
40000526 00000000 00000000 400380f8 0000abab 40057584 400575c4 3fcef3f4 3fcef66c 40057eb8 00000000 00000000 00000000 00000000 00000000 00000000 00000000 0000001f 0
40000528 00000000 00000000 400380f8 0000abab 40057584 400575c4 3fcef3f8 3fcef66c 40057eb8 00000000 00000000 00000000 00000000 00000000 00000000 00000000 0000001f 0
4000052a 00000000 00000000 400380f8 0000abab 40057584 400575c4 3fcef3f8 3fcef66c 40057ebc 00000000 00000000 00000000 00000000 00000000 00000000 00000000 0000001f 0
40000522 00000000 00000000 400380f8 0000abab 40057584 400575c4 3fcef3f8 3fcef66c 40057ebc 00000000 00000000 00000000 00000000 00000000 00000000 00000000 0000001f 0
40000524 00000000 00000000 40038154 0000abab 40057584 400575c4 3fcef3f8 3fcef66c 40057ebc 00000000 00000000 00000000 00000000 00000000 00000000 00000000 0000001f 0
40000526 00000000 00000000 40038154 0000abab 40057584 400575c4 3fcef3f8 3fcef66c 40057ebc 00000000 00000000 00000000 00000000 00000000 00000000 00000000 0000001f 0
40000528 00000000 00000000 40038154 0000abab 40057584 400575c4 3fcef3fc 3fcef66c 40057ebc 00000000 00000000 00000000 00000000 00000000 00000000 00000000 0000001f 0
4000052a 00000000 00000000 40038154 0000abab 40057584 400575c4 3fcef3fc 3fcef66c 40057ec0 00000000 00000000 00000000 00000000 00000000 00000000 00000000 0000001f 0
40000522 00000000 00000000 40038154 0000abab 40057584 400575c4 3fcef3fc 3fcef66c 40057ec0 00000000 00000000 00000000 00000000 00000000 00000000 00000000 0000001f 0
40000524 00000000 00000000 40038194 0000abab 40057584 400575c4 3fcef3fc 3fcef66c 40057ec0 00000000 00000000 00000000 00000000 00000000 00000000 00000000 0000001f 0
40000526 00000000 00000000 40038194 0000abab 40057584 400575c4 3fcef3fc 3fcef66c 40057ec0 00000000 00000000 00000000 00000000 00000000 00000000 00000000 0000001f 0
40000528 00000000 00000000 40038194 0000abab 40057584 400575c4 3fcef400 3fcef66c 40057ec0 00000000 00000000 00000000 00000000 00000000 00000000 00000000 0000001f 0
4000052a 00000000 00000000 40038194 0000abab 40057584 400575c4 3fcef400 3fcef66c 40057ec4 00000000 00000000 00000000 00000000 00000000 00000000 00000000 0000001f 0
40000522 00000000 00000000 40038194 0000abab 40057584 400575c4 3fcef400 3fcef66c 40057ec4 00000000 00000000 00000000 00000000 00000000 00000000 00000000 0000001f 0
40000524 00000000 00000000 40055cdc 0000abab 40057584 400575c4 3fcef400 3fcef66c 40057ec4 00000000 00000000 00000000 00000000 00000000 00000000 00000000 0000001f 0
40000526 00000000 00000000 40055cdc 0000abab 40057584 400575c4 3fcef400 3fcef66c 40057ec4 00000000 00000000 00000000 00000000 00000000 00000000 00000000 0000001f 0
40000528 00000000 00000000 40055cdc 0000abab 40057584 400575c4 3fcef404 3fcef66c 40057ec4 00000000 00000000 00000000 00000000 00000000 00000000 00000000 0000001f 0
4000052a 00000000 00000000 40055cdc 0000abab 40057584 400575c4 3fcef404 3fcef66c 40057ec8 00000000 00000000 00000000 00000000 00000000 00000000 00000000 0000001f 0
40000522 00000000 00000000 40055cdc 0000abab 40057584 400575c4 3fcef404 3fcef66c 40057ec8 00000000 00000000 00000000 00000000 00000000 00000000 00000000 0000001f 0
40000524 00000000 00000000 400381d8 0000abab 40057584 400575c4 3fcef404 3fcef66c 40057ec8 00000000 00000000 00000000 00000000 00000000 00000000 00000000 0000001f 0
40000526 00000000 00000000 400381d8 0000abab 40057584 400575c4 3fcef404 3fcef66c 40057ec8 00000000 00000000 00000000 00000000 00000000 00000000 00000000 0000001f 0
40000528 00000000 00000000 400381d8 0000abab 40057584 400575c4 3fcef408 3fcef66c 40057ec8 00000000 00000000 00000000 00000000 00000000 00000000 00000000 0000001f 0
4000052a 00000000 00000000 400381d8 0000abab 40057584 400575c4 3fcef408 3fcef66c 40057ecc 00000000 00000000 00000000 00000000 00000000 00000000 00000000 0000001f 0
40000522 00000000 00000000 400381d8 0000abab 40057584 400575c4 3fcef408 3fcef66c 40057ecc 00000000 00000000 00000000 00000000 00000000 00000000 00000000 0000001f 0
40000524 00000000 00000000 40055cec 0000abab 40057584 400575c4 3fcef408 3fcef66c 40057ecc 00000000 00000000 00000000 00000000 00000000 00000000 00000000 0000001f 0
40000526 00000000 00000000 40055cec 0000abab 40057584 400575c4 3fcef408 3fcef66c 40057ecc 00000000 00000000 00000000 00000000 00000000 00000000 00000000 0000001f 0
40000528 00000000 00000000 40055cec 0000abab 40057584 400575c4 3fcef40c 3fcef66c 40057ecc 00000000 00000000 00000000 00000000 00000000 00000000 00000000 0000001f 0
4000052a 00000000 00000000 40055cec 0000abab 40057584 400575c4 3fcef40c 3fcef66c 40057ed0 00000000 00000000 00000000 00000000 00000000 00000000 00000000 0000001f 0
40000522 00000000 00000000 40055cec 0000abab 40057584 400575c4 3fcef40c 3fcef66c 40057ed0 00000000 00000000 00000000 00000000 00000000 00000000 00000000 0000001f 0
40000524 00000000 00000000 40055d08 0000abab 40057584 400575c4 3fcef40c 3fcef66c 40057ed0 00000000 00000000 00000000 00000000 00000000 00000000 00000000 0000001f 0
40000526 00000000 00000000 40055d08 0000abab 40057584 400575c4 3fcef40c 3fcef66c 40057ed0 00000000 00000000 00000000 00000000 00000000 00000000 00000000 0000001f 0
40000528 00000000 00000000 40055d08 0000abab 40057584 400575c4 3fcef410 3fcef66c 40057ed0 00000000 00000000 00000000 00000000 00000000 00000000 00000000 0000001f 0
4000052a 00000000 00000000 40055d08 0000abab 40057584 400575c4 3fcef410 3fcef66c 40057ed4 00000000 00000000 00000000 00000000 00000000 00000000 00000000 0000001f 0
40000522 00000000 00000000 40055d08 0000abab 40057584 400575c4 3fcef410 3fcef66c 40057ed4 00000000 00000000 00000000 00000000 00000000 00000000 00000000 0000001f 0
40000524 00000000 00000000 40055d24 0000abab 40057584 400575c4 3fcef410 3fcef66c 40057ed4 00000000 00000000 00000000 00000000 00000000 00000000 00000000 0000001f 0
40000526 00000000 00000000 40055d24 0000abab 40057584 400575c4 3fcef410 3fcef66c 40057ed4 00000000 00000000 00000000 00000000 00000000 00000000 00000000 0000001f 0
40000528 00000000 00000000 40055d24 0000abab 40057584 400575c4 3fcef414 3fcef66c 40057ed4 00000000 00000000 00000000 00000000 00000000 00000000 00000000 0000001f 0
4000052a 00000000 00000000 40055d24 0000abab 40057584 400575c4 3fcef414 3fcef66c 40057ed8 00000000 00000000 00000000 00000000 00000000 00000000 00000000 0000001f 0
40000522 00000000 00000000 40055d24 0000abab 40057584 400575c4 3fcef414 3fcef66c 40057ed8 00000000 00000000 00000000 00000000 00000000 00000000 00000000 0000001f 0
40000524 00000000 00000000 40038210 0000abab 40057584 400575c4 3fcef414 3fcef66c 40057ed8 00000000 00000000 00000000 00000000 00000000 00000000 00000000 0000001f 0
40000526 00000000 00000000 40038210 0000abab 40057584 400575c4 3fcef414 3fcef66c 40057ed8 00000000 00000000 00000000 00000000 00000000 00000000 00000000 0000001f 0
40000528 00000000 00000000 40038210 0000abab 40057584 400575c4 3fcef418 3fcef66c 40057ed8 00000000 00000000 00000000 00000000 00000000 00000000 00000000 0000001f 0
4000052a 00000000 00000000 40038210 0000abab 40057584 400575c4 3fcef418 3fcef66c 40057edc 00000000 00000000 00000000 00000000 00000000 00000000 00000000 0000001f 0
40000522 00000000 00000000 40038210 0000abab 40057584 400575c4 3fcef418 3fcef66c 40057edc 00000000 00000000 00000000 00000000 00000000 00000000 00000000 0000001f 0
40000524 00000000 00000000 40038254 0000abab 40057584 400575c4 3fcef418 3fcef66c 40057edc 00000000 00000000 00000000 00000000 00000000 00000000 00000000 0000001f 0
40000526 00000000 00000000 40038254 0000abab 40057584 400575c4 3fcef418 3fcef66c 40057edc 00000000 00000000 00000000 00000000 00000000 00000000 00000000 0000001f 0
40000528 00000000 00000000 40038254 0000abab 40057584 400575c4 3fcef41c 3fcef66c 40057edc 00000000 00000000 00000000 00000000 00000000 00000000 00000000 0000001f 0
4000052a 00000000 00000000 40038254 0000abab 40057584 400575c4 3fcef41c 3fcef66c 40057ee0 00000000 00000000 00000000 00000000 00000000 00000000 00000000 0000001f 0
40000522 00000000 00000000 40038254 0000abab 40057584 400575c4 3fcef41c 3fcef66c 40057ee0 00000000 00000000 00000000 00000000 00000000 00000000 00000000 0000001f 0
40000524 00000000 00000000 40038298 0000abab 40057584 400575c4 3fcef41c 3fcef66c 40057ee0 00000000 00000000 00000000 00000000 00000000 00000000 00000000 0000001f 0
40000526 00000000 00000000 40038298 0000abab 40057584 400575c4 3fcef41c 3fcef66c 40057ee0 00000000 00000000 00000000 00000000 00000000 00000000 00000000 0000001f 0
40000528 00000000 00000000 40038298 0000abab 40057584 400575c4 3fcef420 3fcef66c 40057ee0 00000000 00000000 00000000 00000000 00000000 00000000 00000000 0000001f 0
4000052a 00000000 00000000 40038298 0000abab 40057584 400575c4 3fcef420 3fcef66c 40057ee4 00000000 00000000 00000000 00000000 00000000 00000000 00000000 0000001f 0
40000522 00000000 00000000 40038298 0000abab 40057584 400575c4 3fcef420 3fcef66c 40057ee4 00000000 00000000 00000000 00000000 00000000 00000000 00000000 0000001f 0
40000524 00000000 00000000 400382c4 0000abab 40057584 400575c4 3fcef420 3fcef66c 40057ee4 00000000 00000000 00000000 00000000 00000000 00000000 00000000 0000001f 0
40000526 00000000 00000000 400382c4 0000abab 40057584 400575c4 3fcef420 3fcef66c 40057ee4 00000000 00000000 00000000 00000000 00000000 00000000 00000000 0000001f 0
40000528 00000000 00000000 400382c4 0000abab 40057584 400575c4 3fcef424 3fcef66c 40057ee4 00000000 00000000 00000000 00000000 00000000 00000000 00000000 0000001f 0
4000052a 00000000 00000000 400382c4 0000abab 40057584 400575c4 3fcef424 3fcef66c 40057ee8 00000000 00000000 00000000 00000000 00000000 00000000 00000000 0000001f 0
40000522 00000000 00000000 400382c4 0000abab 40057584 400575c4 3fcef424 3fcef66c 40057ee8 00000000 00000000 00000000 00000000 00000000 00000000 00000000 0000001f 0
40000524 00000000 00000000 40038348 0000abab 40057584 400575c4 3fcef424 3fcef66c 40057ee8 00000000 00000000 00000000 00000000 00000000 00000000 00000000 0000001f 0
40000526 00000000 00000000 40038348 0000abab 40057584 400575c4 3fcef424 3fcef66c 40057ee8 00000000 00000000 00000000 00000000 00000000 00000000 00000000 0000001f 0
40000528 00000000 00000000 40038348 0000abab 40057584 400575c4 3fcef428 3fcef66c 40057ee8 00000000 00000000 00000000 00000000 00000000 00000000 00000000 0000001f 0
4000052a 00000000 00000000 40038348 0000abab 40057584 400575c4 3fcef428 3fcef66c 40057eec 00000000 00000000 00000000 00000000 00000000 00000000 00000000 0000001f 0
40000522 00000000 00000000 40038348 0000abab 40057584 400575c4 3fcef428 3fcef66c 40057eec 00000000 00000000 00000000 00000000 00000000 00000000 00000000 0000001f 0
40000524 00000000 00000000 40055d70 0000abab 40057584 400575c4 3fcef428 3fcef66c 40057eec 00000000 00000000 00000000 00000000 00000000 00000000 00000000 0000001f 0
40000526 00000000 00000000 40055d70 0000abab 40057584 400575c4 3fcef428 3fcef66c 40057eec 00000000 00000000 00000000 00000000 00000000 00000000 00000000 0000001f 0
40000528 00000000 00000000 40055d70 0000abab 40057584 400575c4 3fcef42c 3fcef66c 40057eec 00000000 00000000 00000000 00000000 00000000 00000000 00000000 0000001f 0
4000052a 00000000 00000000 40055d70 0000abab 40057584 400575c4 3fcef42c 3fcef66c 40057ef0 00000000 00000000 00000000 00000000 00000000 00000000 00000000 0000001f 0
40000522 00000000 00000000 40055d70 0000abab 40057584 400575c4 3fcef42c 3fcef66c 40057ef0 00000000 00000000 00000000 00000000 00000000 00000000 00000000 0000001f 0
40000524 00000000 00000000 400385cc 0000abab 40057584 400575c4 3fcef42c 3fcef66c 40057ef0 00000000 00000000 00000000 00000000 00000000 00000000 00000000 0000001f 0
40000526 00000000 00000000 400385cc 0000abab 40057584 400575c4 3fcef42c 3fcef66c 40057ef0 00000000 00000000 00000000 00000000 00000000 00000000 00000000 0000001f 0
40000528 00000000 00000000 400385cc 0000abab 40057584 400575c4 3fcef430 3fcef66c 40057ef0 00000000 00000000 00000000 00000000 00000000 00000000 00000000 0000001f 0
4000052a 00000000 00000000 400385cc 0000abab 40057584 400575c4 3fcef430 3fcef66c 40057ef4 00000000 00000000 00000000 00000000 00000000 00000000 00000000 0000001f 0
40000522 00000000 00000000 400385cc 0000abab 40057584 400575c4 3fcef430 3fcef66c 40057ef4 00000000 00000000 00000000 00000000 00000000 00000000 00000000 0000001f 0
40000524 00000000 00000000 400386f8 0000abab 40057584 400575c4 3fcef430 3fcef66c 40057ef4 00000000 00000000 00000000 00000000 00000000 00000000 00000000 0000001f 0
40000526 00000000 00000000 400386f8 0000abab 40057584 400575c4 3fcef430 3fcef66c 40057ef4 00000000 00000000 00000000 00000000 00000000 00000000 00000000 0000001f 0
40000528 00000000 00000000 400386f8 0000abab 40057584 400575c4 3fcef434 3fcef66c 40057ef4 00000000 00000000 00000000 00000000 00000000 00000000 00000000 0000001f 0
4000052a 00000000 00000000 400386f8 0000abab 40057584 400575c4 3fcef434 3fcef66c 40057ef8 00000000 00000000 00000000 00000000 00000000 00000000 00000000 0000001f 0
40000522 00000000 00000000 400386f8 0000abab 40057584 400575c4 3fcef434 3fcef66c 40057ef8 00000000 00000000 00000000 00000000 00000000 00000000 00000000 0000001f 0
40000524 00000000 00000000 40038fc8 0000abab 40057584 400575c4 3fcef434 3fcef66c 40057ef8 00000000 00000000 00000000 00000000 00000000 00000000 00000000 0000001f 0
40000526 00000000 00000000 40038fc8 0000abab 40057584 400575c4 3fcef434 3fcef66c 40057ef8 00000000 00000000 00000000 00000000 00000000 00000000 00000000 0000001f 0
40000528 00000000 00000000 40038fc8 0000abab 40057584 400575c4 3fcef438 3fcef66c 40057ef8 00000000 00000000 00000000 00000000 00000000 00000000 00000000 0000001f 0
4000052a 00000000 00000000 40038fc8 0000abab 40057584 400575c4 3fcef438 3fcef66c 40057efc 00000000 00000000 00000000 00000000 00000000 00000000 00000000 0000001f 0
40000522 00000000 00000000 40038fc8 0000abab 40057584 400575c4 3fcef438 3fcef66c 40057efc 00000000 00000000 00000000 00000000 00000000 00000000 00000000 0000001f 0
40000524 00000000 00000000 40038730 0000abab 40057584 400575c4 3fcef438 3fcef66c 40057efc 00000000 00000000 00000000 00000000 00000000 00000000 00000000 0000001f 0
40000526 00000000 00000000 40038730 0000abab 40057584 400575c4 3fcef438 3fcef66c 40057efc 00000000 00000000 00000000 00000000 00000000 00000000 00000000 0000001f 0
40000528 00000000 00000000 40038730 0000abab 40057584 400575c4 3fcef43c 3fcef66c 40057efc 00000000 00000000 00000000 00000000 00000000 00000000 00000000 0000001f 0
4000052a 00000000 00000000 40038730 0000abab 40057584 400575c4 3fcef43c 3fcef66c 40057f00 00000000 00000000 00000000 00000000 00000000 00000000 00000000 0000001f 0
40000522 00000000 00000000 40038730 0000abab 40057584 400575c4 3fcef43c 3fcef66c 40057f00 00000000 00000000 00000000 00000000 00000000 00000000 00000000 0000001f 0
40000524 00000000 00000000 4003900c 0000abab 40057584 400575c4 3fcef43c 3fcef66c 40057f00 00000000 00000000 00000000 00000000 00000000 00000000 00000000 0000001f 0
40000526 00000000 00000000 4003900c 0000abab 40057584 400575c4 3fcef43c 3fcef66c 40057f00 00000000 00000000 00000000 00000000 00000000 00000000 00000000 0000001f 0
40000528 00000000 00000000 4003900c 0000abab 40057584 400575c4 3fcef440 3fcef66c 40057f00 00000000 00000000 00000000 00000000 00000000 00000000 00000000 0000001f 0
4000052a 00000000 00000000 4003900c 0000abab 40057584 400575c4 3fcef440 3fcef66c 40057f04 00000000 00000000 00000000 00000000 00000000 00000000 00000000 0000001f 0
40000522 00000000 00000000 4003900c 0000abab 40057584 400575c4 3fcef440 3fcef66c 40057f04 00000000 00000000 00000000 00000000 00000000 00000000 00000000 0000001f 0
40000524 00000000 00000000 40039034 0000abab 40057584 400575c4 3fcef440 3fcef66c 40057f04 00000000 00000000 00000000 00000000 00000000 00000000 00000000 0000001f 0
40000526 00000000 00000000 40039034 0000abab 40057584 400575c4 3fcef440 3fcef66c 40057f04 00000000 00000000 00000000 00000000 00000000 00000000 00000000 0000001f 0
40000528 00000000 00000000 40039034 0000abab 40057584 400575c4 3fcef444 3fcef66c 40057f04 00000000 00000000 00000000 00000000 00000000 00000000 00000000 0000001f 0
4000052a 00000000 00000000 40039034 0000abab 40057584 400575c4 3fcef444 3fcef66c 40057f08 00000000 00000000 00000000 00000000 00000000 00000000 00000000 0000001f 0
40000522 00000000 00000000 40039034 0000abab 40057584 400575c4 3fcef444 3fcef66c 40057f08 00000000 00000000 00000000 00000000 00000000 00000000 00000000 0000001f 0
40000524 00000000 00000000 40039074 0000abab 40057584 400575c4 3fcef444 3fcef66c 40057f08 00000000 00000000 00000000 00000000 00000000 00000000 00000000 0000001f 0
40000526 00000000 00000000 40039074 0000abab 40057584 400575c4 3fcef444 3fcef66c 40057f08 00000000 00000000 00000000 00000000 00000000 00000000 00000000 0000001f 0
40000528 00000000 00000000 40039074 0000abab 40057584 400575c4 3fcef448 3fcef66c 40057f08 00000000 00000000 00000000 00000000 00000000 00000000 00000000 0000001f 0
4000052a 00000000 00000000 40039074 0000abab 40057584 400575c4 3fcef448 3fcef66c 40057f0c 00000000 00000000 00000000 00000000 00000000 00000000 00000000 0000001f 0
40000522 00000000 00000000 40039074 0000abab 40057584 400575c4 3fcef448 3fcef66c 40057f0c 00000000 00000000 00000000 00000000 00000000 00000000 00000000 0000001f 0
40000524 00000000 00000000 40038750 0000abab 40057584 400575c4 3fcef448 3fcef66c 40057f0c 00000000 00000000 00000000 00000000 00000000 00000000 00000000 0000001f 0
40000526 00000000 00000000 40038750 0000abab 40057584 400575c4 3fcef448 3fcef66c 40057f0c 00000000 00000000 00000000 00000000 00000000 00000000 00000000 0000001f 0
40000528 00000000 00000000 40038750 0000abab 40057584 400575c4 3fcef44c 3fcef66c 40057f0c 00000000 00000000 00000000 00000000 00000000 00000000 00000000 0000001f 0
4000052a 00000000 00000000 40038750 0000abab 40057584 400575c4 3fcef44c 3fcef66c 40057f10 00000000 00000000 00000000 00000000 00000000 00000000 00000000 0000001f 0
40000522 00000000 00000000 40038750 0000abab 40057584 400575c4 3fcef44c 3fcef66c 40057f10 00000000 00000000 00000000 00000000 00000000 00000000 00000000 0000001f 0
40000524 00000000 00000000 4003879c 0000abab 40057584 400575c4 3fcef44c 3fcef66c 40057f10 00000000 00000000 00000000 00000000 00000000 00000000 00000000 0000001f 0
40000526 00000000 00000000 4003879c 0000abab 40057584 400575c4 3fcef44c 3fcef66c 40057f10 00000000 00000000 00000000 00000000 00000000 00000000 00000000 0000001f 0
40000528 00000000 00000000 4003879c 0000abab 40057584 400575c4 3fcef450 3fcef66c 40057f10 00000000 00000000 00000000 00000000 00000000 00000000 00000000 0000001f 0
4000052a 00000000 00000000 4003879c 0000abab 40057584 400575c4 3fcef450 3fcef66c 40057f14 00000000 00000000 00000000 00000000 00000000 00000000 00000000 0000001f 0
40000522 00000000 00000000 4003879c 0000abab 40057584 400575c4 3fcef450 3fcef66c 40057f14 00000000 00000000 00000000 00000000 00000000 00000000 00000000 0000001f 0
40000524 00000000 00000000 400387e0 0000abab 40057584 400575c4 3fcef450 3fcef66c 40057f14 00000000 00000000 00000000 00000000 00000000 00000000 00000000 0000001f 0
40000526 00000000 00000000 400387e0 0000abab 40057584 400575c4 3fcef450 3fcef66c 40057f14 00000000 00000000 00000000 00000000 00000000 00000000 00000000 0000001f 0
40000528 00000000 00000000 400387e0 0000abab 40057584 400575c4 3fcef454 3fcef66c 40057f14 00000000 00000000 00000000 00000000 00000000 00000000 00000000 0000001f 0
4000052a 00000000 00000000 400387e0 0000abab 40057584 400575c4 3fcef454 3fcef66c 40057f18 00000000 00000000 00000000 00000000 00000000 00000000 00000000 0000001f 0
40000522 00000000 00000000 400387e0 0000abab 40057584 400575c4 3fcef454 3fcef66c 40057f18 00000000 00000000 00000000 00000000 00000000 00000000 00000000 0000001f 0
40000524 00000000 00000000 40038884 0000abab 40057584 400575c4 3fcef454 3fcef66c 40057f18 00000000 00000000 00000000 00000000 00000000 00000000 00000000 0000001f 0
40000526 00000000 00000000 40038884 0000abab 40057584 400575c4 3fcef454 3fcef66c 40057f18 00000000 00000000 00000000 00000000 00000000 00000000 00000000 0000001f 0
40000528 00000000 00000000 40038884 0000abab 40057584 400575c4 3fcef458 3fcef66c 40057f18 00000000 00000000 00000000 00000000 00000000 00000000 00000000 0000001f 0
4000052a 00000000 00000000 40038884 0000abab 40057584 400575c4 3fcef458 3fcef66c 40057f1c 00000000 00000000 00000000 00000000 00000000 00000000 00000000 0000001f 0
40000522 00000000 00000000 40038884 0000abab 40057584 400575c4 3fcef458 3fcef66c 40057f1c 00000000 00000000 00000000 00000000 00000000 00000000 00000000 0000001f 0
40000524 00000000 00000000 4003889c 0000abab 40057584 400575c4 3fcef458 3fcef66c 40057f1c 00000000 00000000 00000000 00000000 00000000 00000000 00000000 0000001f 0
40000526 00000000 00000000 4003889c 0000abab 40057584 400575c4 3fcef458 3fcef66c 40057f1c 00000000 00000000 00000000 00000000 00000000 00000000 00000000 0000001f 0
40000528 00000000 00000000 4003889c 0000abab 40057584 400575c4 3fcef45c 3fcef66c 40057f1c 00000000 00000000 00000000 00000000 00000000 00000000 00000000 0000001f 0
4000052a 00000000 00000000 4003889c 0000abab 40057584 400575c4 3fcef45c 3fcef66c 40057f20 00000000 00000000 00000000 00000000 00000000 00000000 00000000 0000001f 0
40000522 00000000 00000000 4003889c 0000abab 40057584 400575c4 3fcef45c 3fcef66c 40057f20 00000000 00000000 00000000 00000000 00000000 00000000 00000000 0000001f 0
40000524 00000000 00000000 400390fc 0000abab 40057584 400575c4 3fcef45c 3fcef66c 40057f20 00000000 00000000 00000000 00000000 00000000 00000000 00000000 0000001f 0
40000526 00000000 00000000 400390fc 0000abab 40057584 400575c4 3fcef45c 3fcef66c 40057f20 00000000 00000000 00000000 00000000 00000000 00000000 00000000 0000001f 0
40000528 00000000 00000000 400390fc 0000abab 40057584 400575c4 3fcef460 3fcef66c 40057f20 00000000 00000000 00000000 00000000 00000000 00000000 00000000 0000001f 0
4000052a 00000000 00000000 400390fc 0000abab 40057584 400575c4 3fcef460 3fcef66c 40057f24 00000000 00000000 00000000 00000000 00000000 00000000 00000000 0000001f 0
40000522 00000000 00000000 400390fc 0000abab 40057584 400575c4 3fcef460 3fcef66c 40057f24 00000000 00000000 00000000 00000000 00000000 00000000 00000000 0000001f 0
40000524 00000000 00000000 400388e0 0000abab 40057584 400575c4 3fcef460 3fcef66c 40057f24 00000000 00000000 00000000 00000000 00000000 00000000 00000000 0000001f 0
40000526 00000000 00000000 400388e0 0000abab 40057584 400575c4 3fcef460 3fcef66c 40057f24 00000000 00000000 00000000 00000000 00000000 00000000 00000000 0000001f 0
40000528 00000000 00000000 400388e0 0000abab 40057584 400575c4 3fcef464 3fcef66c 40057f24 00000000 00000000 00000000 00000000 00000000 00000000 00000000 0000001f 0
4000052a 00000000 00000000 400388e0 0000abab 40057584 400575c4 3fcef464 3fcef66c 40057f28 00000000 00000000 00000000 00000000 00000000 00000000 00000000 0000001f 0
40000522 00000000 00000000 400388e0 0000abab 40057584 400575c4 3fcef464 3fcef66c 40057f28 00000000 00000000 00000000 00000000 00000000 00000000 00000000 0000001f 0
40000524 00000000 00000000 40038904 0000abab 40057584 400575c4 3fcef464 3fcef66c 40057f28 00000000 00000000 00000000 00000000 00000000 00000000 00000000 0000001f 0
40000526 00000000 00000000 40038904 0000abab 40057584 400575c4 3fcef464 3fcef66c 40057f28 00000000 00000000 00000000 00000000 00000000 00000000 00000000 0000001f 0
40000528 00000000 00000000 40038904 0000abab 40057584 400575c4 3fcef468 3fcef66c 40057f28 00000000 00000000 00000000 00000000 00000000 00000000 00000000 0000001f 0
4000052a 00000000 00000000 40038904 0000abab 40057584 400575c4 3fcef468 3fcef66c 40057f2c 00000000 00000000 00000000 00000000 00000000 00000000 00000000 0000001f 0
40000522 00000000 00000000 40038904 0000abab 40057584 400575c4 3fcef468 3fcef66c 40057f2c 00000000 00000000 00000000 00000000 00000000 00000000 00000000 0000001f 0
40000524 00000000 00000000 40038928 0000abab 40057584 400575c4 3fcef468 3fcef66c 40057f2c 00000000 00000000 00000000 00000000 00000000 00000000 00000000 0000001f 0
40000526 00000000 00000000 40038928 0000abab 40057584 400575c4 3fcef468 3fcef66c 40057f2c 00000000 00000000 00000000 00000000 00000000 00000000 00000000 0000001f 0
40000528 00000000 00000000 40038928 0000abab 40057584 400575c4 3fcef46c 3fcef66c 40057f2c 00000000 00000000 00000000 00000000 00000000 00000000 00000000 0000001f 0
4000052a 00000000 00000000 40038928 0000abab 40057584 400575c4 3fcef46c 3fcef66c 40057f30 00000000 00000000 00000000 00000000 00000000 00000000 00000000 0000001f 0
40000522 00000000 00000000 40038928 0000abab 40057584 400575c4 3fcef46c 3fcef66c 40057f30 00000000 00000000 00000000 00000000 00000000 00000000 00000000 0000001f 0
40000524 00000000 00000000 40038940 0000abab 40057584 400575c4 3fcef46c 3fcef66c 40057f30 00000000 00000000 00000000 00000000 00000000 00000000 00000000 0000001f 0
40000526 00000000 00000000 40038940 0000abab 40057584 400575c4 3fcef46c 3fcef66c 40057f30 00000000 00000000 00000000 00000000 00000000 00000000 00000000 0000001f 0
40000528 00000000 00000000 40038940 0000abab 40057584 400575c4 3fcef470 3fcef66c 40057f30 00000000 00000000 00000000 00000000 00000000 00000000 00000000 0000001f 0
4000052a 00000000 00000000 40038940 0000abab 40057584 400575c4 3fcef470 3fcef66c 40057f34 00000000 00000000 00000000 00000000 00000000 00000000 00000000 0000001f 0
40000522 00000000 00000000 40038940 0000abab 40057584 400575c4 3fcef470 3fcef66c 40057f34 00000000 00000000 00000000 00000000 00000000 00000000 00000000 0000001f 0
40000524 00000000 00000000 40055d4c 0000abab 40057584 400575c4 3fcef470 3fcef66c 40057f34 00000000 00000000 00000000 00000000 00000000 00000000 00000000 0000001f 0
40000526 00000000 00000000 40055d4c 0000abab 40057584 400575c4 3fcef470 3fcef66c 40057f34 00000000 00000000 00000000 00000000 00000000 00000000 00000000 0000001f 0
40000528 00000000 00000000 40055d4c 0000abab 40057584 400575c4 3fcef474 3fcef66c 40057f34 00000000 00000000 00000000 00000000 00000000 00000000 00000000 0000001f 0
4000052a 00000000 00000000 40055d4c 0000abab 40057584 400575c4 3fcef474 3fcef66c 40057f38 00000000 00000000 00000000 00000000 00000000 00000000 00000000 0000001f 0
40000522 00000000 00000000 40055d4c 0000abab 40057584 400575c4 3fcef474 3fcef66c 40057f38 00000000 00000000 00000000 00000000 00000000 00000000 00000000 0000001f 0
40000524 00000000 00000000 40038974 0000abab 40057584 400575c4 3fcef474 3fcef66c 40057f38 00000000 00000000 00000000 00000000 00000000 00000000 00000000 0000001f 0
40000526 00000000 00000000 40038974 0000abab 40057584 400575c4 3fcef474 3fcef66c 40057f38 00000000 00000000 00000000 00000000 00000000 00000000 00000000 0000001f 0
40000528 00000000 00000000 40038974 0000abab 40057584 400575c4 3fcef478 3fcef66c 40057f38 00000000 00000000 00000000 00000000 00000000 00000000 00000000 0000001f 0
4000052a 00000000 00000000 40038974 0000abab 40057584 400575c4 3fcef478 3fcef66c 40057f3c 00000000 00000000 00000000 00000000 00000000 00000000 00000000 0000001f 0
40000522 00000000 00000000 40038974 0000abab 40057584 400575c4 3fcef478 3fcef66c 40057f3c 00000000 00000000 00000000 00000000 00000000 00000000 00000000 0000001f 0
40000524 00000000 00000000 400389f0 0000abab 40057584 400575c4 3fcef478 3fcef66c 40057f3c 00000000 00000000 00000000 00000000 00000000 00000000 00000000 0000001f 0
40000526 00000000 00000000 400389f0 0000abab 40057584 400575c4 3fcef478 3fcef66c 40057f3c 00000000 00000000 00000000 00000000 00000000 00000000 00000000 0000001f 0
40000528 00000000 00000000 400389f0 0000abab 40057584 400575c4 3fcef47c 3fcef66c 40057f3c 00000000 00000000 00000000 00000000 00000000 00000000 00000000 0000001f 0
4000052a 00000000 00000000 400389f0 0000abab 40057584 400575c4 3fcef47c 3fcef66c 40057f40 00000000 00000000 00000000 00000000 00000000 00000000 00000000 0000001f 0
40000522 00000000 00000000 400389f0 0000abab 40057584 400575c4 3fcef47c 3fcef66c 40057f40 00000000 00000000 00000000 00000000 00000000 00000000 00000000 0000001f 0
40000524 00000000 00000000 40038b00 0000abab 40057584 400575c4 3fcef47c 3fcef66c 40057f40 00000000 00000000 00000000 00000000 00000000 00000000 00000000 0000001f 0
40000526 00000000 00000000 40038b00 0000abab 40057584 400575c4 3fcef47c 3fcef66c 40057f40 00000000 00000000 00000000 00000000 00000000 00000000 00000000 0000001f 0
40000528 00000000 00000000 40038b00 0000abab 40057584 400575c4 3fcef480 3fcef66c 40057f40 00000000 00000000 00000000 00000000 00000000 00000000 00000000 0000001f 0
4000052a 00000000 00000000 40038b00 0000abab 40057584 400575c4 3fcef480 3fcef66c 40057f44 00000000 00000000 00000000 00000000 00000000 00000000 00000000 0000001f 0
40000522 00000000 00000000 40038b00 0000abab 40057584 400575c4 3fcef480 3fcef66c 40057f44 00000000 00000000 00000000 00000000 00000000 00000000 00000000 0000001f 0
40000524 00000000 00000000 40038b44 0000abab 40057584 400575c4 3fcef480 3fcef66c 40057f44 00000000 00000000 00000000 00000000 00000000 00000000 00000000 0000001f 0
40000526 00000000 00000000 40038b44 0000abab 40057584 400575c4 3fcef480 3fcef66c 40057f44 00000000 00000000 00000000 00000000 00000000 00000000 00000000 0000001f 0
40000528 00000000 00000000 40038b44 0000abab 40057584 400575c4 3fcef484 3fcef66c 40057f44 00000000 00000000 00000000 00000000 00000000 00000000 00000000 0000001f 0
4000052a 00000000 00000000 40038b44 0000abab 40057584 400575c4 3fcef484 3fcef66c 40057f48 00000000 00000000 00000000 00000000 00000000 00000000 00000000 0000001f 0
40000522 00000000 00000000 40038b44 0000abab 40057584 400575c4 3fcef484 3fcef66c 40057f48 00000000 00000000 00000000 00000000 00000000 00000000 00000000 0000001f 0
40000524 00000000 00000000 40038c5c 0000abab 40057584 400575c4 3fcef484 3fcef66c 40057f48 00000000 00000000 00000000 00000000 00000000 00000000 00000000 0000001f 0
40000526 00000000 00000000 40038c5c 0000abab 40057584 400575c4 3fcef484 3fcef66c 40057f48 00000000 00000000 00000000 00000000 00000000 00000000 00000000 0000001f 0
40000528 00000000 00000000 40038c5c 0000abab 40057584 400575c4 3fcef488 3fcef66c 40057f48 00000000 00000000 00000000 00000000 00000000 00000000 00000000 0000001f 0
4000052a 00000000 00000000 40038c5c 0000abab 40057584 400575c4 3fcef488 3fcef66c 40057f4c 00000000 00000000 00000000 00000000 00000000 00000000 00000000 0000001f 0
40000522 00000000 00000000 40038c5c 0000abab 40057584 400575c4 3fcef488 3fcef66c 40057f4c 00000000 00000000 00000000 00000000 00000000 00000000 00000000 0000001f 0
40000524 00000000 00000000 40038cfc 0000abab 40057584 400575c4 3fcef488 3fcef66c 40057f4c 00000000 00000000 00000000 00000000 00000000 00000000 00000000 0000001f 0
40000526 00000000 00000000 40038cfc 0000abab 40057584 400575c4 3fcef488 3fcef66c 40057f4c 00000000 00000000 00000000 00000000 00000000 00000000 00000000 0000001f 0
40000528 00000000 00000000 40038cfc 0000abab 40057584 400575c4 3fcef48c 3fcef66c 40057f4c 00000000 00000000 00000000 00000000 00000000 00000000 00000000 0000001f 0
4000052a 00000000 00000000 40038cfc 0000abab 40057584 400575c4 3fcef48c 3fcef66c 40057f50 00000000 00000000 00000000 00000000 00000000 00000000 00000000 0000001f 0
40000522 00000000 00000000 40038cfc 0000abab 40057584 400575c4 3fcef48c 3fcef66c 40057f50 00000000 00000000 00000000 00000000 00000000 00000000 00000000 0000001f 0
40000524 00000000 00000000 40038d0c 0000abab 40057584 400575c4 3fcef48c 3fcef66c 40057f50 00000000 00000000 00000000 00000000 00000000 00000000 00000000 0000001f 0
40000526 00000000 00000000 40038d0c 0000abab 40057584 400575c4 3fcef48c 3fcef66c 40057f50 00000000 00000000 00000000 00000000 00000000 00000000 00000000 0000001f 0
40000528 00000000 00000000 40038d0c 0000abab 40057584 400575c4 3fcef490 3fcef66c 40057f50 00000000 00000000 00000000 00000000 00000000 00000000 00000000 0000001f 0
4000052a 00000000 00000000 40038d0c 0000abab 40057584 400575c4 3fcef490 3fcef66c 40057f54 00000000 00000000 00000000 00000000 00000000 00000000 00000000 0000001f 0
40000522 00000000 00000000 40038d0c 0000abab 40057584 400575c4 3fcef490 3fcef66c 40057f54 00000000 00000000 00000000 00000000 00000000 00000000 00000000 0000001f 0
40000524 00000000 00000000 40038d4c 0000abab 40057584 400575c4 3fcef490 3fcef66c 40057f54 00000000 00000000 00000000 00000000 00000000 00000000 00000000 0000001f 0
40000526 00000000 00000000 40038d4c 0000abab 40057584 400575c4 3fcef490 3fcef66c 40057f54 00000000 00000000 00000000 00000000 00000000 00000000 00000000 0000001f 0
40000528 00000000 00000000 40038d4c 0000abab 40057584 400575c4 3fcef494 3fcef66c 40057f54 00000000 00000000 00000000 00000000 00000000 00000000 00000000 0000001f 0
4000052a 00000000 00000000 40038d4c 0000abab 40057584 400575c4 3fcef494 3fcef66c 40057f58 00000000 00000000 00000000 00000000 00000000 00000000 00000000 0000001f 0
40000522 00000000 00000000 40038d4c 0000abab 40057584 400575c4 3fcef494 3fcef66c 40057f58 00000000 00000000 00000000 00000000 00000000 00000000 00000000 0000001f 0
40000524 00000000 00000000 40039168 0000abab 40057584 400575c4 3fcef494 3fcef66c 40057f58 00000000 00000000 00000000 00000000 00000000 00000000 00000000 0000001f 0
40000526 00000000 00000000 40039168 0000abab 40057584 400575c4 3fcef494 3fcef66c 40057f58 00000000 00000000 00000000 00000000 00000000 00000000 00000000 0000001f 0
40000528 00000000 00000000 40039168 0000abab 40057584 400575c4 3fcef498 3fcef66c 40057f58 00000000 00000000 00000000 00000000 00000000 00000000 00000000 0000001f 0
4000052a 00000000 00000000 40039168 0000abab 40057584 400575c4 3fcef498 3fcef66c 40057f5c 00000000 00000000 00000000 00000000 00000000 00000000 00000000 0000001f 0
40000522 00000000 00000000 40039168 0000abab 40057584 400575c4 3fcef498 3fcef66c 40057f5c 00000000 00000000 00000000 00000000 00000000 00000000 00000000 0000001f 0
40000524 00000000 00000000 40038d80 0000abab 40057584 400575c4 3fcef498 3fcef66c 40057f5c 00000000 00000000 00000000 00000000 00000000 00000000 00000000 0000001f 0
40000526 00000000 00000000 40038d80 0000abab 40057584 400575c4 3fcef498 3fcef66c 40057f5c 00000000 00000000 00000000 00000000 00000000 00000000 00000000 0000001f 0
40000528 00000000 00000000 40038d80 0000abab 40057584 400575c4 3fcef49c 3fcef66c 40057f5c 00000000 00000000 00000000 00000000 00000000 00000000 00000000 0000001f 0
4000052a 00000000 00000000 40038d80 0000abab 40057584 400575c4 3fcef49c 3fcef66c 40057f60 00000000 00000000 00000000 00000000 00000000 00000000 00000000 0000001f 0
40000522 00000000 00000000 40038d80 0000abab 40057584 400575c4 3fcef49c 3fcef66c 40057f60 00000000 00000000 00000000 00000000 00000000 00000000 00000000 0000001f 0
40000524 00000000 00000000 40038db4 0000abab 40057584 400575c4 3fcef49c 3fcef66c 40057f60 00000000 00000000 00000000 00000000 00000000 00000000 00000000 0000001f 0
40000526 00000000 00000000 40038db4 0000abab 40057584 400575c4 3fcef49c 3fcef66c 40057f60 00000000 00000000 00000000 00000000 00000000 00000000 00000000 0000001f 0
40000528 00000000 00000000 40038db4 0000abab 40057584 400575c4 3fcef4a0 3fcef66c 40057f60 00000000 00000000 00000000 00000000 00000000 00000000 00000000 0000001f 0
4000052a 00000000 00000000 40038db4 0000abab 40057584 400575c4 3fcef4a0 3fcef66c 40057f64 00000000 00000000 00000000 00000000 00000000 00000000 00000000 0000001f 0
40000522 00000000 00000000 40038db4 0000abab 40057584 400575c4 3fcef4a0 3fcef66c 40057f64 00000000 00000000 00000000 00000000 00000000 00000000 00000000 0000001f 0
40000524 00000000 00000000 40038e60 0000abab 40057584 400575c4 3fcef4a0 3fcef66c 40057f64 00000000 00000000 00000000 00000000 00000000 00000000 00000000 0000001f 0
40000526 00000000 00000000 40038e60 0000abab 40057584 400575c4 3fcef4a0 3fcef66c 40057f64 00000000 00000000 00000000 00000000 00000000 00000000 00000000 0000001f 0
40000528 00000000 00000000 40038e60 0000abab 40057584 400575c4 3fcef4a4 3fcef66c 40057f64 00000000 00000000 00000000 00000000 00000000 00000000 00000000 0000001f 0
4000052a 00000000 00000000 40038e60 0000abab 40057584 400575c4 3fcef4a4 3fcef66c 40057f68 00000000 00000000 00000000 00000000 00000000 00000000 00000000 0000001f 0
40000522 00000000 00000000 40038e60 0000abab 40057584 400575c4 3fcef4a4 3fcef66c 40057f68 00000000 00000000 00000000 00000000 00000000 00000000 00000000 0000001f 0
40000524 00000000 00000000 40038f60 0000abab 40057584 400575c4 3fcef4a4 3fcef66c 40057f68 00000000 00000000 00000000 00000000 00000000 00000000 00000000 0000001f 0
40000526 00000000 00000000 40038f60 0000abab 40057584 400575c4 3fcef4a4 3fcef66c 40057f68 00000000 00000000 00000000 00000000 00000000 00000000 00000000 0000001f 0
40000528 00000000 00000000 40038f60 0000abab 40057584 400575c4 3fcef4a8 3fcef66c 40057f68 00000000 00000000 00000000 00000000 00000000 00000000 00000000 0000001f 0
4000052a 00000000 00000000 40038f60 0000abab 40057584 400575c4 3fcef4a8 3fcef66c 40057f6c 00000000 00000000 00000000 00000000 00000000 00000000 00000000 0000001f 0
40000522 00000000 00000000 40038f60 0000abab 40057584 400575c4 3fcef4a8 3fcef66c 40057f6c 00000000 00000000 00000000 00000000 00000000 00000000 00000000 0000001f 0
40000524 00000000 00000000 400391c0 0000abab 40057584 400575c4 3fcef4a8 3fcef66c 40057f6c 00000000 00000000 00000000 00000000 00000000 00000000 00000000 0000001f 0
40000526 00000000 00000000 400391c0 0000abab 40057584 400575c4 3fcef4a8 3fcef66c 40057f6c 00000000 00000000 00000000 00000000 00000000 00000000 00000000 0000001f 0
40000528 00000000 00000000 400391c0 0000abab 40057584 400575c4 3fcef4ac 3fcef66c 40057f6c 00000000 00000000 00000000 00000000 00000000 00000000 00000000 0000001f 0
4000052a 00000000 00000000 400391c0 0000abab 40057584 400575c4 3fcef4ac 3fcef66c 40057f70 00000000 00000000 00000000 00000000 00000000 00000000 00000000 0000001f 0
40000522 00000000 00000000 400391c0 0000abab 40057584 400575c4 3fcef4ac 3fcef66c 40057f70 00000000 00000000 00000000 00000000 00000000 00000000 00000000 0000001f 0
40000524 00000000 00000000 40038eac 0000abab 40057584 400575c4 3fcef4ac 3fcef66c 40057f70 00000000 00000000 00000000 00000000 00000000 00000000 00000000 0000001f 0
40000526 00000000 00000000 40038eac 0000abab 40057584 400575c4 3fcef4ac 3fcef66c 40057f70 00000000 00000000 00000000 00000000 00000000 00000000 00000000 0000001f 0
40000528 00000000 00000000 40038eac 0000abab 40057584 400575c4 3fcef4b0 3fcef66c 40057f70 00000000 00000000 00000000 00000000 00000000 00000000 00000000 0000001f 0
4000052a 00000000 00000000 40038eac 0000abab 40057584 400575c4 3fcef4b0 3fcef66c 40057f74 00000000 00000000 00000000 00000000 00000000 00000000 00000000 0000001f 0
40000522 00000000 00000000 40038eac 0000abab 40057584 400575c4 3fcef4b0 3fcef66c 40057f74 00000000 00000000 00000000 00000000 00000000 00000000 00000000 0000001f 0
40000524 00000000 00000000 40038f38 0000abab 40057584 400575c4 3fcef4b0 3fcef66c 40057f74 00000000 00000000 00000000 00000000 00000000 00000000 00000000 0000001f 0
40000526 00000000 00000000 40038f38 0000abab 40057584 400575c4 3fcef4b0 3fcef66c 40057f74 00000000 00000000 00000000 00000000 00000000 00000000 00000000 0000001f 0
40000528 00000000 00000000 40038f38 0000abab 40057584 400575c4 3fcef4b4 3fcef66c 40057f74 00000000 00000000 00000000 00000000 00000000 00000000 00000000 0000001f 0
4000052a 00000000 00000000 40038f38 0000abab 40057584 400575c4 3fcef4b4 3fcef66c 40057f78 00000000 00000000 00000000 00000000 00000000 00000000 00000000 0000001f 0
40000522 00000000 00000000 40038f38 0000abab 40057584 400575c4 3fcef4b4 3fcef66c 40057f78 00000000 00000000 00000000 00000000 00000000 00000000 00000000 0000001f 0
40000524 00000000 00000000 40055bc8 0000abab 40057584 400575c4 3fcef4b4 3fcef66c 40057f78 00000000 00000000 00000000 00000000 00000000 00000000 00000000 0000001f 0
40000526 00000000 00000000 40055bc8 0000abab 40057584 400575c4 3fcef4b4 3fcef66c 40057f78 00000000 00000000 00000000 00000000 00000000 00000000 00000000 0000001f 0
40000528 00000000 00000000 40055bc8 0000abab 40057584 400575c4 3fcef4b8 3fcef66c 40057f78 00000000 00000000 00000000 00000000 00000000 00000000 00000000 0000001f 0
4000052a 00000000 00000000 40055bc8 0000abab 40057584 400575c4 3fcef4b8 3fcef66c 40057f7c 00000000 00000000 00000000 00000000 00000000 00000000 00000000 0000001f 0
40000522 00000000 00000000 40055bc8 0000abab 40057584 400575c4 3fcef4b8 3fcef66c 40057f7c 00000000 00000000 00000000 00000000 00000000 00000000 00000000 0000001f 0
40000524 00000000 00000000 40036438 0000abab 40057584 400575c4 3fcef4b8 3fcef66c 40057f7c 00000000 00000000 00000000 00000000 00000000 00000000 00000000 0000001f 0
40000526 00000000 00000000 40036438 0000abab 40057584 400575c4 3fcef4b8 3fcef66c 40057f7c 00000000 00000000 00000000 00000000 00000000 00000000 00000000 0000001f 0
40000528 00000000 00000000 40036438 0000abab 40057584 400575c4 3fcef4bc 3fcef66c 40057f7c 00000000 00000000 00000000 00000000 00000000 00000000 00000000 0000001f 0
4000052a 00000000 00000000 40036438 0000abab 40057584 400575c4 3fcef4bc 3fcef66c 40057f80 00000000 00000000 00000000 00000000 00000000 00000000 00000000 0000001f 0
40000522 00000000 00000000 40036438 0000abab 40057584 400575c4 3fcef4bc 3fcef66c 40057f80 00000000 00000000 00000000 00000000 00000000 00000000 00000000 0000001f 0
40000524 00000000 00000000 40036470 0000abab 40057584 400575c4 3fcef4bc 3fcef66c 40057f80 00000000 00000000 00000000 00000000 00000000 00000000 00000000 0000001f 0
40000526 00000000 00000000 40036470 0000abab 40057584 400575c4 3fcef4bc 3fcef66c 40057f80 00000000 00000000 00000000 00000000 00000000 00000000 00000000 0000001f 0
40000528 00000000 00000000 40036470 0000abab 40057584 400575c4 3fcef4c0 3fcef66c 40057f80 00000000 00000000 00000000 00000000 00000000 00000000 00000000 0000001f 0
4000052a 00000000 00000000 40036470 0000abab 40057584 400575c4 3fcef4c0 3fcef66c 40057f84 00000000 00000000 00000000 00000000 00000000 00000000 00000000 0000001f 0
40000522 00000000 00000000 40036470 0000abab 40057584 400575c4 3fcef4c0 3fcef66c 40057f84 00000000 00000000 00000000 00000000 00000000 00000000 00000000 0000001f 0
40000524 00000000 00000000 40036508 0000abab 40057584 400575c4 3fcef4c0 3fcef66c 40057f84 00000000 00000000 00000000 00000000 00000000 00000000 00000000 0000001f 0
40000526 00000000 00000000 40036508 0000abab 40057584 400575c4 3fcef4c0 3fcef66c 40057f84 00000000 00000000 00000000 00000000 00000000 00000000 00000000 0000001f 0
40000528 00000000 00000000 40036508 0000abab 40057584 400575c4 3fcef4c4 3fcef66c 40057f84 00000000 00000000 00000000 00000000 00000000 00000000 00000000 0000001f 0
4000052a 00000000 00000000 40036508 0000abab 40057584 400575c4 3fcef4c4 3fcef66c 40057f88 00000000 00000000 00000000 00000000 00000000 00000000 00000000 0000001f 0
40000522 00000000 00000000 40036508 0000abab 40057584 400575c4 3fcef4c4 3fcef66c 40057f88 00000000 00000000 00000000 00000000 00000000 00000000 00000000 0000001f 0
40000524 00000000 00000000 40055bf4 0000abab 40057584 400575c4 3fcef4c4 3fcef66c 40057f88 00000000 00000000 00000000 00000000 00000000 00000000 00000000 0000001f 0
40000526 00000000 00000000 40055bf4 0000abab 40057584 400575c4 3fcef4c4 3fcef66c 40057f88 00000000 00000000 00000000 00000000 00000000 00000000 00000000 0000001f 0
40000528 00000000 00000000 40055bf4 0000abab 40057584 400575c4 3fcef4c8 3fcef66c 40057f88 00000000 00000000 00000000 00000000 00000000 00000000 00000000 0000001f 0
4000052a 00000000 00000000 40055bf4 0000abab 40057584 400575c4 3fcef4c8 3fcef66c 40057f8c 00000000 00000000 00000000 00000000 00000000 00000000 00000000 0000001f 0
40000522 00000000 00000000 40055bf4 0000abab 40057584 400575c4 3fcef4c8 3fcef66c 40057f8c 00000000 00000000 00000000 00000000 00000000 00000000 00000000 0000001f 0
40000524 00000000 00000000 4003658c 0000abab 40057584 400575c4 3fcef4c8 3fcef66c 40057f8c 00000000 00000000 00000000 00000000 00000000 00000000 00000000 0000001f 0
40000526 00000000 00000000 4003658c 0000abab 40057584 400575c4 3fcef4c8 3fcef66c 40057f8c 00000000 00000000 00000000 00000000 00000000 00000000 00000000 0000001f 0
40000528 00000000 00000000 4003658c 0000abab 40057584 400575c4 3fcef4cc 3fcef66c 40057f8c 00000000 00000000 00000000 00000000 00000000 00000000 00000000 0000001f 0
4000052a 00000000 00000000 4003658c 0000abab 40057584 400575c4 3fcef4cc 3fcef66c 40057f90 00000000 00000000 00000000 00000000 00000000 00000000 00000000 0000001f 0
40000522 00000000 00000000 4003658c 0000abab 40057584 400575c4 3fcef4cc 3fcef66c 40057f90 00000000 00000000 00000000 00000000 00000000 00000000 00000000 0000001f 0
40000524 00000000 00000000 4003660c 0000abab 40057584 400575c4 3fcef4cc 3fcef66c 40057f90 00000000 00000000 00000000 00000000 00000000 00000000 00000000 0000001f 0
40000526 00000000 00000000 4003660c 0000abab 40057584 400575c4 3fcef4cc 3fcef66c 40057f90 00000000 00000000 00000000 00000000 00000000 00000000 00000000 0000001f 0
40000528 00000000 00000000 4003660c 0000abab 40057584 400575c4 3fcef4d0 3fcef66c 40057f90 00000000 00000000 00000000 00000000 00000000 00000000 00000000 0000001f 0
4000052a 00000000 00000000 4003660c 0000abab 40057584 400575c4 3fcef4d0 3fcef66c 40057f94 00000000 00000000 00000000 00000000 00000000 00000000 00000000 0000001f 0
40000522 00000000 00000000 4003660c 0000abab 40057584 400575c4 3fcef4d0 3fcef66c 40057f94 00000000 00000000 00000000 00000000 00000000 00000000 00000000 0000001f 0
40000524 00000000 00000000 40036648 0000abab 40057584 400575c4 3fcef4d0 3fcef66c 40057f94 00000000 00000000 00000000 00000000 00000000 00000000 00000000 0000001f 0
40000526 00000000 00000000 40036648 0000abab 40057584 400575c4 3fcef4d0 3fcef66c 40057f94 00000000 00000000 00000000 00000000 00000000 00000000 00000000 0000001f 0
40000528 00000000 00000000 40036648 0000abab 40057584 400575c4 3fcef4d4 3fcef66c 40057f94 00000000 00000000 00000000 00000000 00000000 00000000 00000000 0000001f 0
4000052a 00000000 00000000 40036648 0000abab 40057584 400575c4 3fcef4d4 3fcef66c 40057f98 00000000 00000000 00000000 00000000 00000000 00000000 00000000 0000001f 0
40000522 00000000 00000000 40036648 0000abab 40057584 400575c4 3fcef4d4 3fcef66c 40057f98 00000000 00000000 00000000 00000000 00000000 00000000 00000000 0000001f 0
40000524 00000000 00000000 400366c0 0000abab 40057584 400575c4 3fcef4d4 3fcef66c 40057f98 00000000 00000000 00000000 00000000 00000000 00000000 00000000 0000001f 0
40000526 00000000 00000000 400366c0 0000abab 40057584 400575c4 3fcef4d4 3fcef66c 40057f98 00000000 00000000 00000000 00000000 00000000 00000000 00000000 0000001f 0
40000528 00000000 00000000 400366c0 0000abab 40057584 400575c4 3fcef4d8 3fcef66c 40057f98 00000000 00000000 00000000 00000000 00000000 00000000 00000000 0000001f 0
4000052a 00000000 00000000 400366c0 0000abab 40057584 400575c4 3fcef4d8 3fcef66c 40057f9c 00000000 00000000 00000000 00000000 00000000 00000000 00000000 0000001f 0
40000522 00000000 00000000 400366c0 0000abab 40057584 400575c4 3fcef4d8 3fcef66c 40057f9c 00000000 00000000 00000000 00000000 00000000 00000000 00000000 0000001f 0
40000524 00000000 00000000 40036714 0000abab 40057584 400575c4 3fcef4d8 3fcef66c 40057f9c 00000000 00000000 00000000 00000000 00000000 00000000 00000000 0000001f 0
40000526 00000000 00000000 40036714 0000abab 40057584 400575c4 3fcef4d8 3fcef66c 40057f9c 00000000 00000000 00000000 00000000 00000000 00000000 00000000 0000001f 0
40000528 00000000 00000000 40036714 0000abab 40057584 400575c4 3fcef4dc 3fcef66c 40057f9c 00000000 00000000 00000000 00000000 00000000 00000000 00000000 0000001f 0
4000052a 00000000 00000000 40036714 0000abab 40057584 400575c4 3fcef4dc 3fcef66c 40057fa0 00000000 00000000 00000000 00000000 00000000 00000000 00000000 0000001f 0
40000522 00000000 00000000 40036714 0000abab 40057584 400575c4 3fcef4dc 3fcef66c 40057fa0 00000000 00000000 00000000 00000000 00000000 00000000 00000000 0000001f 0
40000524 00000000 00000000 40036794 0000abab 40057584 400575c4 3fcef4dc 3fcef66c 40057fa0 00000000 00000000 00000000 00000000 00000000 00000000 00000000 0000001f 0
40000526 00000000 00000000 40036794 0000abab 40057584 400575c4 3fcef4dc 3fcef66c 40057fa0 00000000 00000000 00000000 00000000 00000000 00000000 00000000 0000001f 0
40000528 00000000 00000000 40036794 0000abab 40057584 400575c4 3fcef4e0 3fcef66c 40057fa0 00000000 00000000 00000000 00000000 00000000 00000000 00000000 0000001f 0
4000052a 00000000 00000000 40036794 0000abab 40057584 400575c4 3fcef4e0 3fcef66c 40057fa4 00000000 00000000 00000000 00000000 00000000 00000000 00000000 0000001f 0
40000522 00000000 00000000 40036794 0000abab 40057584 400575c4 3fcef4e0 3fcef66c 40057fa4 00000000 00000000 00000000 00000000 00000000 00000000 00000000 0000001f 0
40000524 00000000 00000000 40036804 0000abab 40057584 400575c4 3fcef4e0 3fcef66c 40057fa4 00000000 00000000 00000000 00000000 00000000 00000000 00000000 0000001f 0
40000526 00000000 00000000 40036804 0000abab 40057584 400575c4 3fcef4e0 3fcef66c 40057fa4 00000000 00000000 00000000 00000000 00000000 00000000 00000000 0000001f 0
40000528 00000000 00000000 40036804 0000abab 40057584 400575c4 3fcef4e4 3fcef66c 40057fa4 00000000 00000000 00000000 00000000 00000000 00000000 00000000 0000001f 0
4000052a 00000000 00000000 40036804 0000abab 40057584 400575c4 3fcef4e4 3fcef66c 40057fa8 00000000 00000000 00000000 00000000 00000000 00000000 00000000 0000001f 0
40000522 00000000 00000000 40036804 0000abab 40057584 400575c4 3fcef4e4 3fcef66c 40057fa8 00000000 00000000 00000000 00000000 00000000 00000000 00000000 0000001f 0
40000524 00000000 00000000 40036820 0000abab 40057584 400575c4 3fcef4e4 3fcef66c 40057fa8 00000000 00000000 00000000 00000000 00000000 00000000 00000000 0000001f 0
40000526 00000000 00000000 40036820 0000abab 40057584 400575c4 3fcef4e4 3fcef66c 40057fa8 00000000 00000000 00000000 00000000 00000000 00000000 00000000 0000001f 0
40000528 00000000 00000000 40036820 0000abab 40057584 400575c4 3fcef4e8 3fcef66c 40057fa8 00000000 00000000 00000000 00000000 00000000 00000000 00000000 0000001f 0
4000052a 00000000 00000000 40036820 0000abab 40057584 400575c4 3fcef4e8 3fcef66c 40057fac 00000000 00000000 00000000 00000000 00000000 00000000 00000000 0000001f 0
40000522 00000000 00000000 40036820 0000abab 40057584 400575c4 3fcef4e8 3fcef66c 40057fac 00000000 00000000 00000000 00000000 00000000 00000000 00000000 0000001f 0
40000524 00000000 00000000 400368c4 0000abab 40057584 400575c4 3fcef4e8 3fcef66c 40057fac 00000000 00000000 00000000 00000000 00000000 00000000 00000000 0000001f 0
40000526 00000000 00000000 400368c4 0000abab 40057584 400575c4 3fcef4e8 3fcef66c 40057fac 00000000 00000000 00000000 00000000 00000000 00000000 00000000 0000001f 0
40000528 00000000 00000000 400368c4 0000abab 40057584 400575c4 3fcef4ec 3fcef66c 40057fac 00000000 00000000 00000000 00000000 00000000 00000000 00000000 0000001f 0
4000052a 00000000 00000000 400368c4 0000abab 40057584 400575c4 3fcef4ec 3fcef66c 40057fb0 00000000 00000000 00000000 00000000 00000000 00000000 00000000 0000001f 0
40000522 00000000 00000000 400368c4 0000abab 40057584 400575c4 3fcef4ec 3fcef66c 40057fb0 00000000 00000000 00000000 00000000 00000000 00000000 00000000 0000001f 0
40000524 00000000 00000000 4003696c 0000abab 40057584 400575c4 3fcef4ec 3fcef66c 40057fb0 00000000 00000000 00000000 00000000 00000000 00000000 00000000 0000001f 0
40000526 00000000 00000000 4003696c 0000abab 40057584 400575c4 3fcef4ec 3fcef66c 40057fb0 00000000 00000000 00000000 00000000 00000000 00000000 00000000 0000001f 0
40000528 00000000 00000000 4003696c 0000abab 40057584 400575c4 3fcef4f0 3fcef66c 40057fb0 00000000 00000000 00000000 00000000 00000000 00000000 00000000 0000001f 0
4000052a 00000000 00000000 4003696c 0000abab 40057584 400575c4 3fcef4f0 3fcef66c 40057fb4 00000000 00000000 00000000 00000000 00000000 00000000 00000000 0000001f 0
40000522 00000000 00000000 4003696c 0000abab 40057584 400575c4 3fcef4f0 3fcef66c 40057fb4 00000000 00000000 00000000 00000000 00000000 00000000 00000000 0000001f 0
40000524 00000000 00000000 400369ec 0000abab 40057584 400575c4 3fcef4f0 3fcef66c 40057fb4 00000000 00000000 00000000 00000000 00000000 00000000 00000000 0000001f 0
40000526 00000000 00000000 400369ec 0000abab 40057584 400575c4 3fcef4f0 3fcef66c 40057fb4 00000000 00000000 00000000 00000000 00000000 00000000 00000000 0000001f 0
40000528 00000000 00000000 400369ec 0000abab 40057584 400575c4 3fcef4f4 3fcef66c 40057fb4 00000000 00000000 00000000 00000000 00000000 00000000 00000000 0000001f 0
4000052a 00000000 00000000 400369ec 0000abab 40057584 400575c4 3fcef4f4 3fcef66c 40057fb8 00000000 00000000 00000000 00000000 00000000 00000000 00000000 0000001f 0
40000522 00000000 00000000 400369ec 0000abab 40057584 400575c4 3fcef4f4 3fcef66c 40057fb8 00000000 00000000 00000000 00000000 00000000 00000000 00000000 0000001f 0
40000524 00000000 00000000 40055bfc 0000abab 40057584 400575c4 3fcef4f4 3fcef66c 40057fb8 00000000 00000000 00000000 00000000 00000000 00000000 00000000 0000001f 0
40000526 00000000 00000000 40055bfc 0000abab 40057584 400575c4 3fcef4f4 3fcef66c 40057fb8 00000000 00000000 00000000 00000000 00000000 00000000 00000000 0000001f 0
40000528 00000000 00000000 40055bfc 0000abab 40057584 400575c4 3fcef4f8 3fcef66c 40057fb8 00000000 00000000 00000000 00000000 00000000 00000000 00000000 0000001f 0
4000052a 00000000 00000000 40055bfc 0000abab 40057584 400575c4 3fcef4f8 3fcef66c 40057fbc 00000000 00000000 00000000 00000000 00000000 00000000 00000000 0000001f 0
40000522 00000000 00000000 40055bfc 0000abab 40057584 400575c4 3fcef4f8 3fcef66c 40057fbc 00000000 00000000 00000000 00000000 00000000 00000000 00000000 0000001f 0
40000524 00000000 00000000 40036a18 0000abab 40057584 400575c4 3fcef4f8 3fcef66c 40057fbc 00000000 00000000 00000000 00000000 00000000 00000000 00000000 0000001f 0
40000526 00000000 00000000 40036a18 0000abab 40057584 400575c4 3fcef4f8 3fcef66c 40057fbc 00000000 00000000 00000000 00000000 00000000 00000000 00000000 0000001f 0
40000528 00000000 00000000 40036a18 0000abab 40057584 400575c4 3fcef4fc 3fcef66c 40057fbc 00000000 00000000 00000000 00000000 00000000 00000000 00000000 0000001f 0
4000052a 00000000 00000000 40036a18 0000abab 40057584 400575c4 3fcef4fc 3fcef66c 40057fc0 00000000 00000000 00000000 00000000 00000000 00000000 00000000 0000001f 0
40000522 00000000 00000000 40036a18 0000abab 40057584 400575c4 3fcef4fc 3fcef66c 40057fc0 00000000 00000000 00000000 00000000 00000000 00000000 00000000 0000001f 0
40000524 00000000 00000000 40036aa4 0000abab 40057584 400575c4 3fcef4fc 3fcef66c 40057fc0 00000000 00000000 00000000 00000000 00000000 00000000 00000000 0000001f 0
40000526 00000000 00000000 40036aa4 0000abab 40057584 400575c4 3fcef4fc 3fcef66c 40057fc0 00000000 00000000 00000000 00000000 00000000 00000000 00000000 0000001f 0
40000528 00000000 00000000 40036aa4 0000abab 40057584 400575c4 3fcef500 3fcef66c 40057fc0 00000000 00000000 00000000 00000000 00000000 00000000 00000000 0000001f 0
4000052a 00000000 00000000 40036aa4 0000abab 40057584 400575c4 3fcef500 3fcef66c 40057fc4 00000000 00000000 00000000 00000000 00000000 00000000 00000000 0000001f 0
40000522 00000000 00000000 40036aa4 0000abab 40057584 400575c4 3fcef500 3fcef66c 40057fc4 00000000 00000000 00000000 00000000 00000000 00000000 00000000 0000001f 0
40000524 00000000 00000000 40036ac8 0000abab 40057584 400575c4 3fcef500 3fcef66c 40057fc4 00000000 00000000 00000000 00000000 00000000 00000000 00000000 0000001f 0
40000526 00000000 00000000 40036ac8 0000abab 40057584 400575c4 3fcef500 3fcef66c 40057fc4 00000000 00000000 00000000 00000000 00000000 00000000 00000000 0000001f 0
40000528 00000000 00000000 40036ac8 0000abab 40057584 400575c4 3fcef504 3fcef66c 40057fc4 00000000 00000000 00000000 00000000 00000000 00000000 00000000 0000001f 0
4000052a 00000000 00000000 40036ac8 0000abab 40057584 400575c4 3fcef504 3fcef66c 40057fc8 00000000 00000000 00000000 00000000 00000000 00000000 00000000 0000001f 0
40000522 00000000 00000000 40036ac8 0000abab 40057584 400575c4 3fcef504 3fcef66c 40057fc8 00000000 00000000 00000000 00000000 00000000 00000000 00000000 0000001f 0
40000524 00000000 00000000 40036afc 0000abab 40057584 400575c4 3fcef504 3fcef66c 40057fc8 00000000 00000000 00000000 00000000 00000000 00000000 00000000 0000001f 0
40000526 00000000 00000000 40036afc 0000abab 40057584 400575c4 3fcef504 3fcef66c 40057fc8 00000000 00000000 00000000 00000000 00000000 00000000 00000000 0000001f 0
40000528 00000000 00000000 40036afc 0000abab 40057584 400575c4 3fcef508 3fcef66c 40057fc8 00000000 00000000 00000000 00000000 00000000 00000000 00000000 0000001f 0
4000052a 00000000 00000000 40036afc 0000abab 40057584 400575c4 3fcef508 3fcef66c 40057fcc 00000000 00000000 00000000 00000000 00000000 00000000 00000000 0000001f 0
40000522 00000000 00000000 40036afc 0000abab 40057584 400575c4 3fcef508 3fcef66c 40057fcc 00000000 00000000 00000000 00000000 00000000 00000000 00000000 0000001f 0
40000524 00000000 00000000 40036b44 0000abab 40057584 400575c4 3fcef508 3fcef66c 40057fcc 00000000 00000000 00000000 00000000 00000000 00000000 00000000 0000001f 0
40000526 00000000 00000000 40036b44 0000abab 40057584 400575c4 3fcef508 3fcef66c 40057fcc 00000000 00000000 00000000 00000000 00000000 00000000 00000000 0000001f 0
40000528 00000000 00000000 40036b44 0000abab 40057584 400575c4 3fcef50c 3fcef66c 40057fcc 00000000 00000000 00000000 00000000 00000000 00000000 00000000 0000001f 0
4000052a 00000000 00000000 40036b44 0000abab 40057584 400575c4 3fcef50c 3fcef66c 40057fd0 00000000 00000000 00000000 00000000 00000000 00000000 00000000 0000001f 0
40000522 00000000 00000000 40036b44 0000abab 40057584 400575c4 3fcef50c 3fcef66c 40057fd0 00000000 00000000 00000000 00000000 00000000 00000000 00000000 0000001f 0
40000524 00000000 00000000 40036b98 0000abab 40057584 400575c4 3fcef50c 3fcef66c 40057fd0 00000000 00000000 00000000 00000000 00000000 00000000 00000000 0000001f 0
40000526 00000000 00000000 40036b98 0000abab 40057584 400575c4 3fcef50c 3fcef66c 40057fd0 00000000 00000000 00000000 00000000 00000000 00000000 00000000 0000001f 0
40000528 00000000 00000000 40036b98 0000abab 40057584 400575c4 3fcef510 3fcef66c 40057fd0 00000000 00000000 00000000 00000000 00000000 00000000 00000000 0000001f 0
4000052a 00000000 00000000 40036b98 0000abab 40057584 400575c4 3fcef510 3fcef66c 40057fd4 00000000 00000000 00000000 00000000 00000000 00000000 00000000 0000001f 0
40000522 00000000 00000000 40036b98 0000abab 40057584 400575c4 3fcef510 3fcef66c 40057fd4 00000000 00000000 00000000 00000000 00000000 00000000 00000000 0000001f 0
40000524 00000000 00000000 40055c1c 0000abab 40057584 400575c4 3fcef510 3fcef66c 40057fd4 00000000 00000000 00000000 00000000 00000000 00000000 00000000 0000001f 0
40000526 00000000 00000000 40055c1c 0000abab 40057584 400575c4 3fcef510 3fcef66c 40057fd4 00000000 00000000 00000000 00000000 00000000 00000000 00000000 0000001f 0
40000528 00000000 00000000 40055c1c 0000abab 40057584 400575c4 3fcef514 3fcef66c 40057fd4 00000000 00000000 00000000 00000000 00000000 00000000 00000000 0000001f 0
4000052a 00000000 00000000 40055c1c 0000abab 40057584 400575c4 3fcef514 3fcef66c 40057fd8 00000000 00000000 00000000 00000000 00000000 00000000 00000000 0000001f 0
40000522 00000000 00000000 40055c1c 0000abab 40057584 400575c4 3fcef514 3fcef66c 40057fd8 00000000 00000000 00000000 00000000 00000000 00000000 00000000 0000001f 0
40000524 00000000 00000000 40036bc8 0000abab 40057584 400575c4 3fcef514 3fcef66c 40057fd8 00000000 00000000 00000000 00000000 00000000 00000000 00000000 0000001f 0
40000526 00000000 00000000 40036bc8 0000abab 40057584 400575c4 3fcef514 3fcef66c 40057fd8 00000000 00000000 00000000 00000000 00000000 00000000 00000000 0000001f 0
40000528 00000000 00000000 40036bc8 0000abab 40057584 400575c4 3fcef518 3fcef66c 40057fd8 00000000 00000000 00000000 00000000 00000000 00000000 00000000 0000001f 0
4000052a 00000000 00000000 40036bc8 0000abab 40057584 400575c4 3fcef518 3fcef66c 40057fdc 00000000 00000000 00000000 00000000 00000000 00000000 00000000 0000001f 0
40000522 00000000 00000000 40036bc8 0000abab 40057584 400575c4 3fcef518 3fcef66c 40057fdc 00000000 00000000 00000000 00000000 00000000 00000000 00000000 0000001f 0
40000524 00000000 00000000 40036bec 0000abab 40057584 400575c4 3fcef518 3fcef66c 40057fdc 00000000 00000000 00000000 00000000 00000000 00000000 00000000 0000001f 0
40000526 00000000 00000000 40036bec 0000abab 40057584 400575c4 3fcef518 3fcef66c 40057fdc 00000000 00000000 00000000 00000000 00000000 00000000 00000000 0000001f 0
40000528 00000000 00000000 40036bec 0000abab 40057584 400575c4 3fcef51c 3fcef66c 40057fdc 00000000 00000000 00000000 00000000 00000000 00000000 00000000 0000001f 0
4000052a 00000000 00000000 40036bec 0000abab 40057584 400575c4 3fcef51c 3fcef66c 40057fe0 00000000 00000000 00000000 00000000 00000000 00000000 00000000 0000001f 0
40000522 00000000 00000000 40036bec 0000abab 40057584 400575c4 3fcef51c 3fcef66c 40057fe0 00000000 00000000 00000000 00000000 00000000 00000000 00000000 0000001f 0
40000524 00000000 00000000 40055c70 0000abab 40057584 400575c4 3fcef51c 3fcef66c 40057fe0 00000000 00000000 00000000 00000000 00000000 00000000 00000000 0000001f 0
40000526 00000000 00000000 40055c70 0000abab 40057584 400575c4 3fcef51c 3fcef66c 40057fe0 00000000 00000000 00000000 00000000 00000000 00000000 00000000 0000001f 0
40000528 00000000 00000000 40055c70 0000abab 40057584 400575c4 3fcef520 3fcef66c 40057fe0 00000000 00000000 00000000 00000000 00000000 00000000 00000000 0000001f 0
4000052a 00000000 00000000 40055c70 0000abab 40057584 400575c4 3fcef520 3fcef66c 40057fe4 00000000 00000000 00000000 00000000 00000000 00000000 00000000 0000001f 0
40000522 00000000 00000000 40055c70 0000abab 40057584 400575c4 3fcef520 3fcef66c 40057fe4 00000000 00000000 00000000 00000000 00000000 00000000 00000000 0000001f 0
40000524 00000000 00000000 40036c28 0000abab 40057584 400575c4 3fcef520 3fcef66c 40057fe4 00000000 00000000 00000000 00000000 00000000 00000000 00000000 0000001f 0
40000526 00000000 00000000 40036c28 0000abab 40057584 400575c4 3fcef520 3fcef66c 40057fe4 00000000 00000000 00000000 00000000 00000000 00000000 00000000 0000001f 0
40000528 00000000 00000000 40036c28 0000abab 40057584 400575c4 3fcef524 3fcef66c 40057fe4 00000000 00000000 00000000 00000000 00000000 00000000 00000000 0000001f 0
4000052a 00000000 00000000 40036c28 0000abab 40057584 400575c4 3fcef524 3fcef66c 40057fe8 00000000 00000000 00000000 00000000 00000000 00000000 00000000 0000001f 0
40000522 00000000 00000000 40036c28 0000abab 40057584 400575c4 3fcef524 3fcef66c 40057fe8 00000000 00000000 00000000 00000000 00000000 00000000 00000000 0000001f 0
40000524 00000000 00000000 40036ce0 0000abab 40057584 400575c4 3fcef524 3fcef66c 40057fe8 00000000 00000000 00000000 00000000 00000000 00000000 00000000 0000001f 0
40000526 00000000 00000000 40036ce0 0000abab 40057584 400575c4 3fcef524 3fcef66c 40057fe8 00000000 00000000 00000000 00000000 00000000 00000000 00000000 0000001f 0
40000528 00000000 00000000 40036ce0 0000abab 40057584 400575c4 3fcef528 3fcef66c 40057fe8 00000000 00000000 00000000 00000000 00000000 00000000 00000000 0000001f 0
4000052a 00000000 00000000 40036ce0 0000abab 40057584 400575c4 3fcef528 3fcef66c 40057fec 00000000 00000000 00000000 00000000 00000000 00000000 00000000 0000001f 0
40000522 00000000 00000000 40036ce0 0000abab 40057584 400575c4 3fcef528 3fcef66c 40057fec 00000000 00000000 00000000 00000000 00000000 00000000 00000000 0000001f 0
40000524 00000000 00000000 40036d1c 0000abab 40057584 400575c4 3fcef528 3fcef66c 40057fec 00000000 00000000 00000000 00000000 00000000 00000000 00000000 0000001f 0
40000526 00000000 00000000 40036d1c 0000abab 40057584 400575c4 3fcef528 3fcef66c 40057fec 00000000 00000000 00000000 00000000 00000000 00000000 00000000 0000001f 0
40000528 00000000 00000000 40036d1c 0000abab 40057584 400575c4 3fcef52c 3fcef66c 40057fec 00000000 00000000 00000000 00000000 00000000 00000000 00000000 0000001f 0
4000052a 00000000 00000000 40036d1c 0000abab 40057584 400575c4 3fcef52c 3fcef66c 40057ff0 00000000 00000000 00000000 00000000 00000000 00000000 00000000 0000001f 0
40000522 00000000 00000000 40036d1c 0000abab 40057584 400575c4 3fcef52c 3fcef66c 40057ff0 00000000 00000000 00000000 00000000 00000000 00000000 00000000 0000001f 0
40000524 00000000 00000000 40035474 0000abab 40057584 400575c4 3fcef52c 3fcef66c 40057ff0 00000000 00000000 00000000 00000000 00000000 00000000 00000000 0000001f 0
40000526 00000000 00000000 40035474 0000abab 40057584 400575c4 3fcef52c 3fcef66c 40057ff0 00000000 00000000 00000000 00000000 00000000 00000000 00000000 0000001f 0
40000528 00000000 00000000 40035474 0000abab 40057584 400575c4 3fcef530 3fcef66c 40057ff0 00000000 00000000 00000000 00000000 00000000 00000000 00000000 0000001f 0
4000052a 00000000 00000000 40035474 0000abab 40057584 400575c4 3fcef530 3fcef66c 40057ff4 00000000 00000000 00000000 00000000 00000000 00000000 00000000 0000001f 0
40000522 00000000 00000000 40035474 0000abab 40057584 400575c4 3fcef530 3fcef66c 40057ff4 00000000 00000000 00000000 00000000 00000000 00000000 00000000 0000001f 0
40000524 00000000 00000000 40035494 0000abab 40057584 400575c4 3fcef530 3fcef66c 40057ff4 00000000 00000000 00000000 00000000 00000000 00000000 00000000 0000001f 0
40000526 00000000 00000000 40035494 0000abab 40057584 400575c4 3fcef530 3fcef66c 40057ff4 00000000 00000000 00000000 00000000 00000000 00000000 00000000 0000001f 0
40000528 00000000 00000000 40035494 0000abab 40057584 400575c4 3fcef534 3fcef66c 40057ff4 00000000 00000000 00000000 00000000 00000000 00000000 00000000 0000001f 0
4000052a 00000000 00000000 40035494 0000abab 40057584 400575c4 3fcef534 3fcef66c 40057ff8 00000000 00000000 00000000 00000000 00000000 00000000 00000000 0000001f 0
40000522 00000000 00000000 40035494 0000abab 40057584 400575c4 3fcef534 3fcef66c 40057ff8 00000000 00000000 00000000 00000000 00000000 00000000 00000000 0000001f 0
40000524 00000000 00000000 400354bc 0000abab 40057584 400575c4 3fcef534 3fcef66c 40057ff8 00000000 00000000 00000000 00000000 00000000 00000000 00000000 0000001f 0
40000526 00000000 00000000 400354bc 0000abab 40057584 400575c4 3fcef534 3fcef66c 40057ff8 00000000 00000000 00000000 00000000 00000000 00000000 00000000 0000001f 0
40000528 00000000 00000000 400354bc 0000abab 40057584 400575c4 3fcef538 3fcef66c 40057ff8 00000000 00000000 00000000 00000000 00000000 00000000 00000000 0000001f 0
4000052a 00000000 00000000 400354bc 0000abab 40057584 400575c4 3fcef538 3fcef66c 40057ffc 00000000 00000000 00000000 00000000 00000000 00000000 00000000 0000001f 0
40000522 00000000 00000000 400354bc 0000abab 40057584 400575c4 3fcef538 3fcef66c 40057ffc 00000000 00000000 00000000 00000000 00000000 00000000 00000000 0000001f 0
40000524 00000000 00000000 40055bb8 0000abab 40057584 400575c4 3fcef538 3fcef66c 40057ffc 00000000 00000000 00000000 00000000 00000000 00000000 00000000 0000001f 0
40000526 00000000 00000000 40055bb8 0000abab 40057584 400575c4 3fcef538 3fcef66c 40057ffc 00000000 00000000 00000000 00000000 00000000 00000000 00000000 0000001f 0
40000528 00000000 00000000 40055bb8 0000abab 40057584 400575c4 3fcef53c 3fcef66c 40057ffc 00000000 00000000 00000000 00000000 00000000 00000000 00000000 0000001f 0
4000052a 00000000 00000000 40055bb8 0000abab 40057584 400575c4 3fcef53c 3fcef66c 40058000 00000000 00000000 00000000 00000000 00000000 00000000 00000000 0000001f 0
40000522 00000000 00000000 40055bb8 0000abab 40057584 400575c4 3fcef53c 3fcef66c 40058000 00000000 00000000 00000000 00000000 00000000 00000000 00000000 0000001f 0
40000524 00000000 00000000 40055bc0 0000abab 40057584 400575c4 3fcef53c 3fcef66c 40058000 00000000 00000000 00000000 00000000 00000000 00000000 00000000 0000001f 0
40000526 00000000 00000000 40055bc0 0000abab 40057584 400575c4 3fcef53c 3fcef66c 40058000 00000000 00000000 00000000 00000000 00000000 00000000 00000000 0000001f 0
40000528 00000000 00000000 40055bc0 0000abab 40057584 400575c4 3fcef540 3fcef66c 40058000 00000000 00000000 00000000 00000000 00000000 00000000 00000000 0000001f 0
4000052a 00000000 00000000 40055bc0 0000abab 40057584 400575c4 3fcef540 3fcef66c 40058004 00000000 00000000 00000000 00000000 00000000 00000000 00000000 0000001f 0
40000522 00000000 00000000 40055bc0 0000abab 40057584 400575c4 3fcef540 3fcef66c 40058004 00000000 00000000 00000000 00000000 00000000 00000000 00000000 0000001f 0
40000524 00000000 00000000 400354fc 0000abab 40057584 400575c4 3fcef540 3fcef66c 40058004 00000000 00000000 00000000 00000000 00000000 00000000 00000000 0000001f 0
40000526 00000000 00000000 400354fc 0000abab 40057584 400575c4 3fcef540 3fcef66c 40058004 00000000 00000000 00000000 00000000 00000000 00000000 00000000 0000001f 0
40000528 00000000 00000000 400354fc 0000abab 40057584 400575c4 3fcef544 3fcef66c 40058004 00000000 00000000 00000000 00000000 00000000 00000000 00000000 0000001f 0
4000052a 00000000 00000000 400354fc 0000abab 40057584 400575c4 3fcef544 3fcef66c 40058008 00000000 00000000 00000000 00000000 00000000 00000000 00000000 0000001f 0
40000522 00000000 00000000 400354fc 0000abab 40057584 400575c4 3fcef544 3fcef66c 40058008 00000000 00000000 00000000 00000000 00000000 00000000 00000000 0000001f 0
40000524 00000000 00000000 40035548 0000abab 40057584 400575c4 3fcef544 3fcef66c 40058008 00000000 00000000 00000000 00000000 00000000 00000000 00000000 0000001f 0
40000526 00000000 00000000 40035548 0000abab 40057584 400575c4 3fcef544 3fcef66c 40058008 00000000 00000000 00000000 00000000 00000000 00000000 00000000 0000001f 0
40000528 00000000 00000000 40035548 0000abab 40057584 400575c4 3fcef548 3fcef66c 40058008 00000000 00000000 00000000 00000000 00000000 00000000 00000000 0000001f 0
4000052a 00000000 00000000 40035548 0000abab 40057584 400575c4 3fcef548 3fcef66c 4005800c 00000000 00000000 00000000 00000000 00000000 00000000 00000000 0000001f 0
40000522 00000000 00000000 40035548 0000abab 40057584 400575c4 3fcef548 3fcef66c 4005800c 00000000 00000000 00000000 00000000 00000000 00000000 00000000 0000001f 0
40000524 00000000 00000000 40035594 0000abab 40057584 400575c4 3fcef548 3fcef66c 4005800c 00000000 00000000 00000000 00000000 00000000 00000000 00000000 0000001f 0
40000526 00000000 00000000 40035594 0000abab 40057584 400575c4 3fcef548 3fcef66c 4005800c 00000000 00000000 00000000 00000000 00000000 00000000 00000000 0000001f 0
40000528 00000000 00000000 40035594 0000abab 40057584 400575c4 3fcef54c 3fcef66c 4005800c 00000000 00000000 00000000 00000000 00000000 00000000 00000000 0000001f 0
4000052a 00000000 00000000 40035594 0000abab 40057584 400575c4 3fcef54c 3fcef66c 40058010 00000000 00000000 00000000 00000000 00000000 00000000 00000000 0000001f 0
40000522 00000000 00000000 40035594 0000abab 40057584 400575c4 3fcef54c 3fcef66c 40058010 00000000 00000000 00000000 00000000 00000000 00000000 00000000 0000001f 0
40000524 00000000 00000000 400355d8 0000abab 40057584 400575c4 3fcef54c 3fcef66c 40058010 00000000 00000000 00000000 00000000 00000000 00000000 00000000 0000001f 0
40000526 00000000 00000000 400355d8 0000abab 40057584 400575c4 3fcef54c 3fcef66c 40058010 00000000 00000000 00000000 00000000 00000000 00000000 00000000 0000001f 0
40000528 00000000 00000000 400355d8 0000abab 40057584 400575c4 3fcef550 3fcef66c 40058010 00000000 00000000 00000000 00000000 00000000 00000000 00000000 0000001f 0
4000052a 00000000 00000000 400355d8 0000abab 40057584 400575c4 3fcef550 3fcef66c 40058014 00000000 00000000 00000000 00000000 00000000 00000000 00000000 0000001f 0
40000522 00000000 00000000 400355d8 0000abab 40057584 400575c4 3fcef550 3fcef66c 40058014 00000000 00000000 00000000 00000000 00000000 00000000 00000000 0000001f 0
40000524 00000000 00000000 40035614 0000abab 40057584 400575c4 3fcef550 3fcef66c 40058014 00000000 00000000 00000000 00000000 00000000 00000000 00000000 0000001f 0
40000526 00000000 00000000 40035614 0000abab 40057584 400575c4 3fcef550 3fcef66c 40058014 00000000 00000000 00000000 00000000 00000000 00000000 00000000 0000001f 0
40000528 00000000 00000000 40035614 0000abab 40057584 400575c4 3fcef554 3fcef66c 40058014 00000000 00000000 00000000 00000000 00000000 00000000 00000000 0000001f 0
4000052a 00000000 00000000 40035614 0000abab 40057584 400575c4 3fcef554 3fcef66c 40058018 00000000 00000000 00000000 00000000 00000000 00000000 00000000 0000001f 0
40000522 00000000 00000000 40035614 0000abab 40057584 400575c4 3fcef554 3fcef66c 40058018 00000000 00000000 00000000 00000000 00000000 00000000 00000000 0000001f 0
40000524 00000000 00000000 40035684 0000abab 40057584 400575c4 3fcef554 3fcef66c 40058018 00000000 00000000 00000000 00000000 00000000 00000000 00000000 0000001f 0
40000526 00000000 00000000 40035684 0000abab 40057584 400575c4 3fcef554 3fcef66c 40058018 00000000 00000000 00000000 00000000 00000000 00000000 00000000 0000001f 0
40000528 00000000 00000000 40035684 0000abab 40057584 400575c4 3fcef558 3fcef66c 40058018 00000000 00000000 00000000 00000000 00000000 00000000 00000000 0000001f 0
4000052a 00000000 00000000 40035684 0000abab 40057584 400575c4 3fcef558 3fcef66c 4005801c 00000000 00000000 00000000 00000000 00000000 00000000 00000000 0000001f 0
40000522 00000000 00000000 40035684 0000abab 40057584 400575c4 3fcef558 3fcef66c 4005801c 00000000 00000000 00000000 00000000 00000000 00000000 00000000 0000001f 0
40000524 00000000 00000000 400356f0 0000abab 40057584 400575c4 3fcef558 3fcef66c 4005801c 00000000 00000000 00000000 00000000 00000000 00000000 00000000 0000001f 0
40000526 00000000 00000000 400356f0 0000abab 40057584 400575c4 3fcef558 3fcef66c 4005801c 00000000 00000000 00000000 00000000 00000000 00000000 00000000 0000001f 0
40000528 00000000 00000000 400356f0 0000abab 40057584 400575c4 3fcef55c 3fcef66c 4005801c 00000000 00000000 00000000 00000000 00000000 00000000 00000000 0000001f 0
4000052a 00000000 00000000 400356f0 0000abab 40057584 400575c4 3fcef55c 3fcef66c 40058020 00000000 00000000 00000000 00000000 00000000 00000000 00000000 0000001f 0
40000522 00000000 00000000 400356f0 0000abab 40057584 400575c4 3fcef55c 3fcef66c 40058020 00000000 00000000 00000000 00000000 00000000 00000000 00000000 0000001f 0
40000524 00000000 00000000 40035738 0000abab 40057584 400575c4 3fcef55c 3fcef66c 40058020 00000000 00000000 00000000 00000000 00000000 00000000 00000000 0000001f 0
40000526 00000000 00000000 40035738 0000abab 40057584 400575c4 3fcef55c 3fcef66c 40058020 00000000 00000000 00000000 00000000 00000000 00000000 00000000 0000001f 0
40000528 00000000 00000000 40035738 0000abab 40057584 400575c4 3fcef560 3fcef66c 40058020 00000000 00000000 00000000 00000000 00000000 00000000 00000000 0000001f 0
4000052a 00000000 00000000 40035738 0000abab 40057584 400575c4 3fcef560 3fcef66c 40058024 00000000 00000000 00000000 00000000 00000000 00000000 00000000 0000001f 0
40000522 00000000 00000000 40035738 0000abab 40057584 400575c4 3fcef560 3fcef66c 40058024 00000000 00000000 00000000 00000000 00000000 00000000 00000000 0000001f 0
40000524 00000000 00000000 400357f8 0000abab 40057584 400575c4 3fcef560 3fcef66c 40058024 00000000 00000000 00000000 00000000 00000000 00000000 00000000 0000001f 0
40000526 00000000 00000000 400357f8 0000abab 40057584 400575c4 3fcef560 3fcef66c 40058024 00000000 00000000 00000000 00000000 00000000 00000000 00000000 0000001f 0
40000528 00000000 00000000 400357f8 0000abab 40057584 400575c4 3fcef564 3fcef66c 40058024 00000000 00000000 00000000 00000000 00000000 00000000 00000000 0000001f 0
4000052a 00000000 00000000 400357f8 0000abab 40057584 400575c4 3fcef564 3fcef66c 40058028 00000000 00000000 00000000 00000000 00000000 00000000 00000000 0000001f 0
40000522 00000000 00000000 400357f8 0000abab 40057584 400575c4 3fcef564 3fcef66c 40058028 00000000 00000000 00000000 00000000 00000000 00000000 00000000 0000001f 0
40000524 00000000 00000000 40035818 0000abab 40057584 400575c4 3fcef564 3fcef66c 40058028 00000000 00000000 00000000 00000000 00000000 00000000 00000000 0000001f 0
40000526 00000000 00000000 40035818 0000abab 40057584 400575c4 3fcef564 3fcef66c 40058028 00000000 00000000 00000000 00000000 00000000 00000000 00000000 0000001f 0
40000528 00000000 00000000 40035818 0000abab 40057584 400575c4 3fcef568 3fcef66c 40058028 00000000 00000000 00000000 00000000 00000000 00000000 00000000 0000001f 0
4000052a 00000000 00000000 40035818 0000abab 40057584 400575c4 3fcef568 3fcef66c 4005802c 00000000 00000000 00000000 00000000 00000000 00000000 00000000 0000001f 0
40000522 00000000 00000000 40035818 0000abab 40057584 400575c4 3fcef568 3fcef66c 4005802c 00000000 00000000 00000000 00000000 00000000 00000000 00000000 0000001f 0
40000524 00000000 00000000 40035880 0000abab 40057584 400575c4 3fcef568 3fcef66c 4005802c 00000000 00000000 00000000 00000000 00000000 00000000 00000000 0000001f 0
40000526 00000000 00000000 40035880 0000abab 40057584 400575c4 3fcef568 3fcef66c 4005802c 00000000 00000000 00000000 00000000 00000000 00000000 00000000 0000001f 0
40000528 00000000 00000000 40035880 0000abab 40057584 400575c4 3fcef56c 3fcef66c 4005802c 00000000 00000000 00000000 00000000 00000000 00000000 00000000 0000001f 0
4000052a 00000000 00000000 40035880 0000abab 40057584 400575c4 3fcef56c 3fcef66c 40058030 00000000 00000000 00000000 00000000 00000000 00000000 00000000 0000001f 0
40000522 00000000 00000000 40035880 0000abab 40057584 400575c4 3fcef56c 3fcef66c 40058030 00000000 00000000 00000000 00000000 00000000 00000000 00000000 0000001f 0
40000524 00000000 00000000 4003589c 0000abab 40057584 400575c4 3fcef56c 3fcef66c 40058030 00000000 00000000 00000000 00000000 00000000 00000000 00000000 0000001f 0
40000526 00000000 00000000 4003589c 0000abab 40057584 400575c4 3fcef56c 3fcef66c 40058030 00000000 00000000 00000000 00000000 00000000 00000000 00000000 0000001f 0
40000528 00000000 00000000 4003589c 0000abab 40057584 400575c4 3fcef570 3fcef66c 40058030 00000000 00000000 00000000 00000000 00000000 00000000 00000000 0000001f 0
4000052a 00000000 00000000 4003589c 0000abab 40057584 400575c4 3fcef570 3fcef66c 40058034 00000000 00000000 00000000 00000000 00000000 00000000 00000000 0000001f 0
40000522 00000000 00000000 4003589c 0000abab 40057584 400575c4 3fcef570 3fcef66c 40058034 00000000 00000000 00000000 00000000 00000000 00000000 00000000 0000001f 0
40000524 00000000 00000000 400358d8 0000abab 40057584 400575c4 3fcef570 3fcef66c 40058034 00000000 00000000 00000000 00000000 00000000 00000000 00000000 0000001f 0
40000526 00000000 00000000 400358d8 0000abab 40057584 400575c4 3fcef570 3fcef66c 40058034 00000000 00000000 00000000 00000000 00000000 00000000 00000000 0000001f 0
40000528 00000000 00000000 400358d8 0000abab 40057584 400575c4 3fcef574 3fcef66c 40058034 00000000 00000000 00000000 00000000 00000000 00000000 00000000 0000001f 0
4000052a 00000000 00000000 400358d8 0000abab 40057584 400575c4 3fcef574 3fcef66c 40058038 00000000 00000000 00000000 00000000 00000000 00000000 00000000 0000001f 0
40000522 00000000 00000000 400358d8 0000abab 40057584 400575c4 3fcef574 3fcef66c 40058038 00000000 00000000 00000000 00000000 00000000 00000000 00000000 0000001f 0
40000524 00000000 00000000 40035964 0000abab 40057584 400575c4 3fcef574 3fcef66c 40058038 00000000 00000000 00000000 00000000 00000000 00000000 00000000 0000001f 0
40000526 00000000 00000000 40035964 0000abab 40057584 400575c4 3fcef574 3fcef66c 40058038 00000000 00000000 00000000 00000000 00000000 00000000 00000000 0000001f 0
40000528 00000000 00000000 40035964 0000abab 40057584 400575c4 3fcef578 3fcef66c 40058038 00000000 00000000 00000000 00000000 00000000 00000000 00000000 0000001f 0
4000052a 00000000 00000000 40035964 0000abab 40057584 400575c4 3fcef578 3fcef66c 4005803c 00000000 00000000 00000000 00000000 00000000 00000000 00000000 0000001f 0
40000522 00000000 00000000 40035964 0000abab 40057584 400575c4 3fcef578 3fcef66c 4005803c 00000000 00000000 00000000 00000000 00000000 00000000 00000000 0000001f 0
40000524 00000000 00000000 40035a2c 0000abab 40057584 400575c4 3fcef578 3fcef66c 4005803c 00000000 00000000 00000000 00000000 00000000 00000000 00000000 0000001f 0
40000526 00000000 00000000 40035a2c 0000abab 40057584 400575c4 3fcef578 3fcef66c 4005803c 00000000 00000000 00000000 00000000 00000000 00000000 00000000 0000001f 0
40000528 00000000 00000000 40035a2c 0000abab 40057584 400575c4 3fcef57c 3fcef66c 4005803c 00000000 00000000 00000000 00000000 00000000 00000000 00000000 0000001f 0
4000052a 00000000 00000000 40035a2c 0000abab 40057584 400575c4 3fcef57c 3fcef66c 40058040 00000000 00000000 00000000 00000000 00000000 00000000 00000000 0000001f 0
40000522 00000000 00000000 40035a2c 0000abab 40057584 400575c4 3fcef57c 3fcef66c 40058040 00000000 00000000 00000000 00000000 00000000 00000000 00000000 0000001f 0
40000524 00000000 00000000 40035a78 0000abab 40057584 400575c4 3fcef57c 3fcef66c 40058040 00000000 00000000 00000000 00000000 00000000 00000000 00000000 0000001f 0
40000526 00000000 00000000 40035a78 0000abab 40057584 400575c4 3fcef57c 3fcef66c 40058040 00000000 00000000 00000000 00000000 00000000 00000000 00000000 0000001f 0
40000528 00000000 00000000 40035a78 0000abab 40057584 400575c4 3fcef580 3fcef66c 40058040 00000000 00000000 00000000 00000000 00000000 00000000 00000000 0000001f 0
4000052a 00000000 00000000 40035a78 0000abab 40057584 400575c4 3fcef580 3fcef66c 40058044 00000000 00000000 00000000 00000000 00000000 00000000 00000000 0000001f 0
40000522 00000000 00000000 40035a78 0000abab 40057584 400575c4 3fcef580 3fcef66c 40058044 00000000 00000000 00000000 00000000 00000000 00000000 00000000 0000001f 0
40000524 00000000 00000000 40035acc 0000abab 40057584 400575c4 3fcef580 3fcef66c 40058044 00000000 00000000 00000000 00000000 00000000 00000000 00000000 0000001f 0
40000526 00000000 00000000 40035acc 0000abab 40057584 400575c4 3fcef580 3fcef66c 40058044 00000000 00000000 00000000 00000000 00000000 00000000 00000000 0000001f 0
40000528 00000000 00000000 40035acc 0000abab 40057584 400575c4 3fcef584 3fcef66c 40058044 00000000 00000000 00000000 00000000 00000000 00000000 00000000 0000001f 0
4000052a 00000000 00000000 40035acc 0000abab 40057584 400575c4 3fcef584 3fcef66c 40058048 00000000 00000000 00000000 00000000 00000000 00000000 00000000 0000001f 0
40000522 00000000 00000000 40035acc 0000abab 40057584 400575c4 3fcef584 3fcef66c 40058048 00000000 00000000 00000000 00000000 00000000 00000000 00000000 0000001f 0
40000524 00000000 00000000 40035b28 0000abab 40057584 400575c4 3fcef584 3fcef66c 40058048 00000000 00000000 00000000 00000000 00000000 00000000 00000000 0000001f 0
40000526 00000000 00000000 40035b28 0000abab 40057584 400575c4 3fcef584 3fcef66c 40058048 00000000 00000000 00000000 00000000 00000000 00000000 00000000 0000001f 0
40000528 00000000 00000000 40035b28 0000abab 40057584 400575c4 3fcef588 3fcef66c 40058048 00000000 00000000 00000000 00000000 00000000 00000000 00000000 0000001f 0
4000052a 00000000 00000000 40035b28 0000abab 40057584 400575c4 3fcef588 3fcef66c 4005804c 00000000 00000000 00000000 00000000 00000000 00000000 00000000 0000001f 0
40000522 00000000 00000000 40035b28 0000abab 40057584 400575c4 3fcef588 3fcef66c 4005804c 00000000 00000000 00000000 00000000 00000000 00000000 00000000 0000001f 0
40000524 00000000 00000000 40035b6c 0000abab 40057584 400575c4 3fcef588 3fcef66c 4005804c 00000000 00000000 00000000 00000000 00000000 00000000 00000000 0000001f 0
40000526 00000000 00000000 40035b6c 0000abab 40057584 400575c4 3fcef588 3fcef66c 4005804c 00000000 00000000 00000000 00000000 00000000 00000000 00000000 0000001f 0
40000528 00000000 00000000 40035b6c 0000abab 40057584 400575c4 3fcef58c 3fcef66c 4005804c 00000000 00000000 00000000 00000000 00000000 00000000 00000000 0000001f 0
4000052a 00000000 00000000 40035b6c 0000abab 40057584 400575c4 3fcef58c 3fcef66c 40058050 00000000 00000000 00000000 00000000 00000000 00000000 00000000 0000001f 0
40000522 00000000 00000000 40035b6c 0000abab 40057584 400575c4 3fcef58c 3fcef66c 40058050 00000000 00000000 00000000 00000000 00000000 00000000 00000000 0000001f 0
40000524 00000000 00000000 40035b80 0000abab 40057584 400575c4 3fcef58c 3fcef66c 40058050 00000000 00000000 00000000 00000000 00000000 00000000 00000000 0000001f 0
40000526 00000000 00000000 40035b80 0000abab 40057584 400575c4 3fcef58c 3fcef66c 40058050 00000000 00000000 00000000 00000000 00000000 00000000 00000000 0000001f 0
40000528 00000000 00000000 40035b80 0000abab 40057584 400575c4 3fcef590 3fcef66c 40058050 00000000 00000000 00000000 00000000 00000000 00000000 00000000 0000001f 0
4000052a 00000000 00000000 40035b80 0000abab 40057584 400575c4 3fcef590 3fcef66c 40058054 00000000 00000000 00000000 00000000 00000000 00000000 00000000 0000001f 0
40000522 00000000 00000000 40035b80 0000abab 40057584 400575c4 3fcef590 3fcef66c 40058054 00000000 00000000 00000000 00000000 00000000 00000000 00000000 0000001f 0
40000524 00000000 00000000 40035b94 0000abab 40057584 400575c4 3fcef590 3fcef66c 40058054 00000000 00000000 00000000 00000000 00000000 00000000 00000000 0000001f 0
40000526 00000000 00000000 40035b94 0000abab 40057584 400575c4 3fcef590 3fcef66c 40058054 00000000 00000000 00000000 00000000 00000000 00000000 00000000 0000001f 0
40000528 00000000 00000000 40035b94 0000abab 40057584 400575c4 3fcef594 3fcef66c 40058054 00000000 00000000 00000000 00000000 00000000 00000000 00000000 0000001f 0
4000052a 00000000 00000000 40035b94 0000abab 40057584 400575c4 3fcef594 3fcef66c 40058058 00000000 00000000 00000000 00000000 00000000 00000000 00000000 0000001f 0
40000522 00000000 00000000 40035b94 0000abab 40057584 400575c4 3fcef594 3fcef66c 40058058 00000000 00000000 00000000 00000000 00000000 00000000 00000000 0000001f 0
40000524 00000000 00000000 40035bf8 0000abab 40057584 400575c4 3fcef594 3fcef66c 40058058 00000000 00000000 00000000 00000000 00000000 00000000 00000000 0000001f 0
40000526 00000000 00000000 40035bf8 0000abab 40057584 400575c4 3fcef594 3fcef66c 40058058 00000000 00000000 00000000 00000000 00000000 00000000 00000000 0000001f 0
40000528 00000000 00000000 40035bf8 0000abab 40057584 400575c4 3fcef598 3fcef66c 40058058 00000000 00000000 00000000 00000000 00000000 00000000 00000000 0000001f 0
4000052a 00000000 00000000 40035bf8 0000abab 40057584 400575c4 3fcef598 3fcef66c 4005805c 00000000 00000000 00000000 00000000 00000000 00000000 00000000 0000001f 0
40000522 00000000 00000000 40035bf8 0000abab 40057584 400575c4 3fcef598 3fcef66c 4005805c 00000000 00000000 00000000 00000000 00000000 00000000 00000000 0000001f 0
40000524 00000000 00000000 40035c2c 0000abab 40057584 400575c4 3fcef598 3fcef66c 4005805c 00000000 00000000 00000000 00000000 00000000 00000000 00000000 0000001f 0
40000526 00000000 00000000 40035c2c 0000abab 40057584 400575c4 3fcef598 3fcef66c 4005805c 00000000 00000000 00000000 00000000 00000000 00000000 00000000 0000001f 0
40000528 00000000 00000000 40035c2c 0000abab 40057584 400575c4 3fcef59c 3fcef66c 4005805c 00000000 00000000 00000000 00000000 00000000 00000000 00000000 0000001f 0
4000052a 00000000 00000000 40035c2c 0000abab 40057584 400575c4 3fcef59c 3fcef66c 40058060 00000000 00000000 00000000 00000000 00000000 00000000 00000000 0000001f 0
40000522 00000000 00000000 40035c2c 0000abab 40057584 400575c4 3fcef59c 3fcef66c 40058060 00000000 00000000 00000000 00000000 00000000 00000000 00000000 0000001f 0
40000524 00000000 00000000 40035c80 0000abab 40057584 400575c4 3fcef59c 3fcef66c 40058060 00000000 00000000 00000000 00000000 00000000 00000000 00000000 0000001f 0
40000526 00000000 00000000 40035c80 0000abab 40057584 400575c4 3fcef59c 3fcef66c 40058060 00000000 00000000 00000000 00000000 00000000 00000000 00000000 0000001f 0
40000528 00000000 00000000 40035c80 0000abab 40057584 400575c4 3fcef5a0 3fcef66c 40058060 00000000 00000000 00000000 00000000 00000000 00000000 00000000 0000001f 0
4000052a 00000000 00000000 40035c80 0000abab 40057584 400575c4 3fcef5a0 3fcef66c 40058064 00000000 00000000 00000000 00000000 00000000 00000000 00000000 0000001f 0
40000522 00000000 00000000 40035c80 0000abab 40057584 400575c4 3fcef5a0 3fcef66c 40058064 00000000 00000000 00000000 00000000 00000000 00000000 00000000 0000001f 0
40000524 00000000 00000000 40035cd4 0000abab 40057584 400575c4 3fcef5a0 3fcef66c 40058064 00000000 00000000 00000000 00000000 00000000 00000000 00000000 0000001f 0
40000526 00000000 00000000 40035cd4 0000abab 40057584 400575c4 3fcef5a0 3fcef66c 40058064 00000000 00000000 00000000 00000000 00000000 00000000 00000000 0000001f 0
40000528 00000000 00000000 40035cd4 0000abab 40057584 400575c4 3fcef5a4 3fcef66c 40058064 00000000 00000000 00000000 00000000 00000000 00000000 00000000 0000001f 0
4000052a 00000000 00000000 40035cd4 0000abab 40057584 400575c4 3fcef5a4 3fcef66c 40058068 00000000 00000000 00000000 00000000 00000000 00000000 00000000 0000001f 0
40000522 00000000 00000000 40035cd4 0000abab 40057584 400575c4 3fcef5a4 3fcef66c 40058068 00000000 00000000 00000000 00000000 00000000 00000000 00000000 0000001f 0
40000524 00000000 00000000 40035d60 0000abab 40057584 400575c4 3fcef5a4 3fcef66c 40058068 00000000 00000000 00000000 00000000 00000000 00000000 00000000 0000001f 0
40000526 00000000 00000000 40035d60 0000abab 40057584 400575c4 3fcef5a4 3fcef66c 40058068 00000000 00000000 00000000 00000000 00000000 00000000 00000000 0000001f 0
40000528 00000000 00000000 40035d60 0000abab 40057584 400575c4 3fcef5a8 3fcef66c 40058068 00000000 00000000 00000000 00000000 00000000 00000000 00000000 0000001f 0
4000052a 00000000 00000000 40035d60 0000abab 40057584 400575c4 3fcef5a8 3fcef66c 4005806c 00000000 00000000 00000000 00000000 00000000 00000000 00000000 0000001f 0
40000522 00000000 00000000 40035d60 0000abab 40057584 400575c4 3fcef5a8 3fcef66c 4005806c 00000000 00000000 00000000 00000000 00000000 00000000 00000000 0000001f 0
40000524 00000000 00000000 40035dc4 0000abab 40057584 400575c4 3fcef5a8 3fcef66c 4005806c 00000000 00000000 00000000 00000000 00000000 00000000 00000000 0000001f 0
40000526 00000000 00000000 40035dc4 0000abab 40057584 400575c4 3fcef5a8 3fcef66c 4005806c 00000000 00000000 00000000 00000000 00000000 00000000 00000000 0000001f 0
40000528 00000000 00000000 40035dc4 0000abab 40057584 400575c4 3fcef5ac 3fcef66c 4005806c 00000000 00000000 00000000 00000000 00000000 00000000 00000000 0000001f 0
4000052a 00000000 00000000 40035dc4 0000abab 40057584 400575c4 3fcef5ac 3fcef66c 40058070 00000000 00000000 00000000 00000000 00000000 00000000 00000000 0000001f 0
40000522 00000000 00000000 40035dc4 0000abab 40057584 400575c4 3fcef5ac 3fcef66c 40058070 00000000 00000000 00000000 00000000 00000000 00000000 00000000 0000001f 0
40000524 00000000 00000000 40035e3c 0000abab 40057584 400575c4 3fcef5ac 3fcef66c 40058070 00000000 00000000 00000000 00000000 00000000 00000000 00000000 0000001f 0
40000526 00000000 00000000 40035e3c 0000abab 40057584 400575c4 3fcef5ac 3fcef66c 40058070 00000000 00000000 00000000 00000000 00000000 00000000 00000000 0000001f 0
40000528 00000000 00000000 40035e3c 0000abab 40057584 400575c4 3fcef5b0 3fcef66c 40058070 00000000 00000000 00000000 00000000 00000000 00000000 00000000 0000001f 0
4000052a 00000000 00000000 40035e3c 0000abab 40057584 400575c4 3fcef5b0 3fcef66c 40058074 00000000 00000000 00000000 00000000 00000000 00000000 00000000 0000001f 0
40000522 00000000 00000000 40035e3c 0000abab 40057584 400575c4 3fcef5b0 3fcef66c 40058074 00000000 00000000 00000000 00000000 00000000 00000000 00000000 0000001f 0
40000524 00000000 00000000 40035e7c 0000abab 40057584 400575c4 3fcef5b0 3fcef66c 40058074 00000000 00000000 00000000 00000000 00000000 00000000 00000000 0000001f 0
40000526 00000000 00000000 40035e7c 0000abab 40057584 400575c4 3fcef5b0 3fcef66c 40058074 00000000 00000000 00000000 00000000 00000000 00000000 00000000 0000001f 0
40000528 00000000 00000000 40035e7c 0000abab 40057584 400575c4 3fcef5b4 3fcef66c 40058074 00000000 00000000 00000000 00000000 00000000 00000000 00000000 0000001f 0
4000052a 00000000 00000000 40035e7c 0000abab 40057584 400575c4 3fcef5b4 3fcef66c 40058078 00000000 00000000 00000000 00000000 00000000 00000000 00000000 0000001f 0
40000522 00000000 00000000 40035e7c 0000abab 40057584 400575c4 3fcef5b4 3fcef66c 40058078 00000000 00000000 00000000 00000000 00000000 00000000 00000000 0000001f 0
40000524 00000000 00000000 40035eac 0000abab 40057584 400575c4 3fcef5b4 3fcef66c 40058078 00000000 00000000 00000000 00000000 00000000 00000000 00000000 0000001f 0
40000526 00000000 00000000 40035eac 0000abab 40057584 400575c4 3fcef5b4 3fcef66c 40058078 00000000 00000000 00000000 00000000 00000000 00000000 00000000 0000001f 0
40000528 00000000 00000000 40035eac 0000abab 40057584 400575c4 3fcef5b8 3fcef66c 40058078 00000000 00000000 00000000 00000000 00000000 00000000 00000000 0000001f 0
4000052a 00000000 00000000 40035eac 0000abab 40057584 400575c4 3fcef5b8 3fcef66c 4005807c 00000000 00000000 00000000 00000000 00000000 00000000 00000000 0000001f 0
40000522 00000000 00000000 40035eac 0000abab 40057584 400575c4 3fcef5b8 3fcef66c 4005807c 00000000 00000000 00000000 00000000 00000000 00000000 00000000 0000001f 0
40000524 00000000 00000000 40035f44 0000abab 40057584 400575c4 3fcef5b8 3fcef66c 4005807c 00000000 00000000 00000000 00000000 00000000 00000000 00000000 0000001f 0
40000526 00000000 00000000 40035f44 0000abab 40057584 400575c4 3fcef5b8 3fcef66c 4005807c 00000000 00000000 00000000 00000000 00000000 00000000 00000000 0000001f 0
40000528 00000000 00000000 40035f44 0000abab 40057584 400575c4 3fcef5bc 3fcef66c 4005807c 00000000 00000000 00000000 00000000 00000000 00000000 00000000 0000001f 0
4000052a 00000000 00000000 40035f44 0000abab 40057584 400575c4 3fcef5bc 3fcef66c 40058080 00000000 00000000 00000000 00000000 00000000 00000000 00000000 0000001f 0
40000522 00000000 00000000 40035f44 0000abab 40057584 400575c4 3fcef5bc 3fcef66c 40058080 00000000 00000000 00000000 00000000 00000000 00000000 00000000 0000001f 0
40000524 00000000 00000000 4003600c 0000abab 40057584 400575c4 3fcef5bc 3fcef66c 40058080 00000000 00000000 00000000 00000000 00000000 00000000 00000000 0000001f 0
40000526 00000000 00000000 4003600c 0000abab 40057584 400575c4 3fcef5bc 3fcef66c 40058080 00000000 00000000 00000000 00000000 00000000 00000000 00000000 0000001f 0
40000528 00000000 00000000 4003600c 0000abab 40057584 400575c4 3fcef5c0 3fcef66c 40058080 00000000 00000000 00000000 00000000 00000000 00000000 00000000 0000001f 0
4000052a 00000000 00000000 4003600c 0000abab 40057584 400575c4 3fcef5c0 3fcef66c 40058084 00000000 00000000 00000000 00000000 00000000 00000000 00000000 0000001f 0
40000522 00000000 00000000 4003600c 0000abab 40057584 400575c4 3fcef5c0 3fcef66c 40058084 00000000 00000000 00000000 00000000 00000000 00000000 00000000 0000001f 0
40000524 00000000 00000000 40036020 0000abab 40057584 400575c4 3fcef5c0 3fcef66c 40058084 00000000 00000000 00000000 00000000 00000000 00000000 00000000 0000001f 0
40000526 00000000 00000000 40036020 0000abab 40057584 400575c4 3fcef5c0 3fcef66c 40058084 00000000 00000000 00000000 00000000 00000000 00000000 00000000 0000001f 0
40000528 00000000 00000000 40036020 0000abab 40057584 400575c4 3fcef5c4 3fcef66c 40058084 00000000 00000000 00000000 00000000 00000000 00000000 00000000 0000001f 0
4000052a 00000000 00000000 40036020 0000abab 40057584 400575c4 3fcef5c4 3fcef66c 40058088 00000000 00000000 00000000 00000000 00000000 00000000 00000000 0000001f 0
40000522 00000000 00000000 40036020 0000abab 40057584 400575c4 3fcef5c4 3fcef66c 40058088 00000000 00000000 00000000 00000000 00000000 00000000 00000000 0000001f 0
40000524 00000000 00000000 4003603c 0000abab 40057584 400575c4 3fcef5c4 3fcef66c 40058088 00000000 00000000 00000000 00000000 00000000 00000000 00000000 0000001f 0
40000526 00000000 00000000 4003603c 0000abab 40057584 400575c4 3fcef5c4 3fcef66c 40058088 00000000 00000000 00000000 00000000 00000000 00000000 00000000 0000001f 0
40000528 00000000 00000000 4003603c 0000abab 40057584 400575c4 3fcef5c8 3fcef66c 40058088 00000000 00000000 00000000 00000000 00000000 00000000 00000000 0000001f 0
4000052a 00000000 00000000 4003603c 0000abab 40057584 400575c4 3fcef5c8 3fcef66c 4005808c 00000000 00000000 00000000 00000000 00000000 00000000 00000000 0000001f 0
40000522 00000000 00000000 4003603c 0000abab 40057584 400575c4 3fcef5c8 3fcef66c 4005808c 00000000 00000000 00000000 00000000 00000000 00000000 00000000 0000001f 0
40000524 00000000 00000000 4003605c 0000abab 40057584 400575c4 3fcef5c8 3fcef66c 4005808c 00000000 00000000 00000000 00000000 00000000 00000000 00000000 0000001f 0
40000526 00000000 00000000 4003605c 0000abab 40057584 400575c4 3fcef5c8 3fcef66c 4005808c 00000000 00000000 00000000 00000000 00000000 00000000 00000000 0000001f 0
40000528 00000000 00000000 4003605c 0000abab 40057584 400575c4 3fcef5cc 3fcef66c 4005808c 00000000 00000000 00000000 00000000 00000000 00000000 00000000 0000001f 0
4000052a 00000000 00000000 4003605c 0000abab 40057584 400575c4 3fcef5cc 3fcef66c 40058090 00000000 00000000 00000000 00000000 00000000 00000000 00000000 0000001f 0
40000522 00000000 00000000 4003605c 0000abab 40057584 400575c4 3fcef5cc 3fcef66c 40058090 00000000 00000000 00000000 00000000 00000000 00000000 00000000 0000001f 0
40000524 00000000 00000000 400360d4 0000abab 40057584 400575c4 3fcef5cc 3fcef66c 40058090 00000000 00000000 00000000 00000000 00000000 00000000 00000000 0000001f 0
40000526 00000000 00000000 400360d4 0000abab 40057584 400575c4 3fcef5cc 3fcef66c 40058090 00000000 00000000 00000000 00000000 00000000 00000000 00000000 0000001f 0
40000528 00000000 00000000 400360d4 0000abab 40057584 400575c4 3fcef5d0 3fcef66c 40058090 00000000 00000000 00000000 00000000 00000000 00000000 00000000 0000001f 0
4000052a 00000000 00000000 400360d4 0000abab 40057584 400575c4 3fcef5d0 3fcef66c 40058094 00000000 00000000 00000000 00000000 00000000 00000000 00000000 0000001f 0
40000522 00000000 00000000 400360d4 0000abab 40057584 400575c4 3fcef5d0 3fcef66c 40058094 00000000 00000000 00000000 00000000 00000000 00000000 00000000 0000001f 0
40000524 00000000 00000000 40036120 0000abab 40057584 400575c4 3fcef5d0 3fcef66c 40058094 00000000 00000000 00000000 00000000 00000000 00000000 00000000 0000001f 0
40000526 00000000 00000000 40036120 0000abab 40057584 400575c4 3fcef5d0 3fcef66c 40058094 00000000 00000000 00000000 00000000 00000000 00000000 00000000 0000001f 0
40000528 00000000 00000000 40036120 0000abab 40057584 400575c4 3fcef5d4 3fcef66c 40058094 00000000 00000000 00000000 00000000 00000000 00000000 00000000 0000001f 0
4000052a 00000000 00000000 40036120 0000abab 40057584 400575c4 3fcef5d4 3fcef66c 40058098 00000000 00000000 00000000 00000000 00000000 00000000 00000000 0000001f 0
40000522 00000000 00000000 40036120 0000abab 40057584 400575c4 3fcef5d4 3fcef66c 40058098 00000000 00000000 00000000 00000000 00000000 00000000 00000000 0000001f 0
40000524 00000000 00000000 40036184 0000abab 40057584 400575c4 3fcef5d4 3fcef66c 40058098 00000000 00000000 00000000 00000000 00000000 00000000 00000000 0000001f 0
40000526 00000000 00000000 40036184 0000abab 40057584 400575c4 3fcef5d4 3fcef66c 40058098 00000000 00000000 00000000 00000000 00000000 00000000 00000000 0000001f 0
40000528 00000000 00000000 40036184 0000abab 40057584 400575c4 3fcef5d8 3fcef66c 40058098 00000000 00000000 00000000 00000000 00000000 00000000 00000000 0000001f 0
4000052a 00000000 00000000 40036184 0000abab 40057584 400575c4 3fcef5d8 3fcef66c 4005809c 00000000 00000000 00000000 00000000 00000000 00000000 00000000 0000001f 0
40000522 00000000 00000000 40036184 0000abab 40057584 400575c4 3fcef5d8 3fcef66c 4005809c 00000000 00000000 00000000 00000000 00000000 00000000 00000000 0000001f 0
40000524 00000000 00000000 40036210 0000abab 40057584 400575c4 3fcef5d8 3fcef66c 4005809c 00000000 00000000 00000000 00000000 00000000 00000000 00000000 0000001f 0
40000526 00000000 00000000 40036210 0000abab 40057584 400575c4 3fcef5d8 3fcef66c 4005809c 00000000 00000000 00000000 00000000 00000000 00000000 00000000 0000001f 0
40000528 00000000 00000000 40036210 0000abab 40057584 400575c4 3fcef5dc 3fcef66c 4005809c 00000000 00000000 00000000 00000000 00000000 00000000 00000000 0000001f 0
4000052a 00000000 00000000 40036210 0000abab 40057584 400575c4 3fcef5dc 3fcef66c 400580a0 00000000 00000000 00000000 00000000 00000000 00000000 00000000 0000001f 0
40000522 00000000 00000000 40036210 0000abab 40057584 400575c4 3fcef5dc 3fcef66c 400580a0 00000000 00000000 00000000 00000000 00000000 00000000 00000000 0000001f 0
40000524 00000000 00000000 40036230 0000abab 40057584 400575c4 3fcef5dc 3fcef66c 400580a0 00000000 00000000 00000000 00000000 00000000 00000000 00000000 0000001f 0
40000526 00000000 00000000 40036230 0000abab 40057584 400575c4 3fcef5dc 3fcef66c 400580a0 00000000 00000000 00000000 00000000 00000000 00000000 00000000 0000001f 0
40000528 00000000 00000000 40036230 0000abab 40057584 400575c4 3fcef5e0 3fcef66c 400580a0 00000000 00000000 00000000 00000000 00000000 00000000 00000000 0000001f 0
4000052a 00000000 00000000 40036230 0000abab 40057584 400575c4 3fcef5e0 3fcef66c 400580a4 00000000 00000000 00000000 00000000 00000000 00000000 00000000 0000001f 0
40000522 00000000 00000000 40036230 0000abab 40057584 400575c4 3fcef5e0 3fcef66c 400580a4 00000000 00000000 00000000 00000000 00000000 00000000 00000000 0000001f 0
40000524 00000000 00000000 4003627c 0000abab 40057584 400575c4 3fcef5e0 3fcef66c 400580a4 00000000 00000000 00000000 00000000 00000000 00000000 00000000 0000001f 0
40000526 00000000 00000000 4003627c 0000abab 40057584 400575c4 3fcef5e0 3fcef66c 400580a4 00000000 00000000 00000000 00000000 00000000 00000000 00000000 0000001f 0
40000528 00000000 00000000 4003627c 0000abab 40057584 400575c4 3fcef5e4 3fcef66c 400580a4 00000000 00000000 00000000 00000000 00000000 00000000 00000000 0000001f 0
4000052a 00000000 00000000 4003627c 0000abab 40057584 400575c4 3fcef5e4 3fcef66c 400580a8 00000000 00000000 00000000 00000000 00000000 00000000 00000000 0000001f 0
40000522 00000000 00000000 4003627c 0000abab 40057584 400575c4 3fcef5e4 3fcef66c 400580a8 00000000 00000000 00000000 00000000 00000000 00000000 00000000 0000001f 0
40000524 00000000 00000000 40036d50 0000abab 40057584 400575c4 3fcef5e4 3fcef66c 400580a8 00000000 00000000 00000000 00000000 00000000 00000000 00000000 0000001f 0
40000526 00000000 00000000 40036d50 0000abab 40057584 400575c4 3fcef5e4 3fcef66c 400580a8 00000000 00000000 00000000 00000000 00000000 00000000 00000000 0000001f 0
40000528 00000000 00000000 40036d50 0000abab 40057584 400575c4 3fcef5e8 3fcef66c 400580a8 00000000 00000000 00000000 00000000 00000000 00000000 00000000 0000001f 0
4000052a 00000000 00000000 40036d50 0000abab 40057584 400575c4 3fcef5e8 3fcef66c 400580ac 00000000 00000000 00000000 00000000 00000000 00000000 00000000 0000001f 0
40000522 00000000 00000000 40036d50 0000abab 40057584 400575c4 3fcef5e8 3fcef66c 400580ac 00000000 00000000 00000000 00000000 00000000 00000000 00000000 0000001f 0
40000524 00000000 00000000 40036d94 0000abab 40057584 400575c4 3fcef5e8 3fcef66c 400580ac 00000000 00000000 00000000 00000000 00000000 00000000 00000000 0000001f 0
40000526 00000000 00000000 40036d94 0000abab 40057584 400575c4 3fcef5e8 3fcef66c 400580ac 00000000 00000000 00000000 00000000 00000000 00000000 00000000 0000001f 0
40000528 00000000 00000000 40036d94 0000abab 40057584 400575c4 3fcef5ec 3fcef66c 400580ac 00000000 00000000 00000000 00000000 00000000 00000000 00000000 0000001f 0
4000052a 00000000 00000000 40036d94 0000abab 40057584 400575c4 3fcef5ec 3fcef66c 400580b0 00000000 00000000 00000000 00000000 00000000 00000000 00000000 0000001f 0
40000522 00000000 00000000 40036d94 0000abab 40057584 400575c4 3fcef5ec 3fcef66c 400580b0 00000000 00000000 00000000 00000000 00000000 00000000 00000000 0000001f 0
40000524 00000000 00000000 40036e78 0000abab 40057584 400575c4 3fcef5ec 3fcef66c 400580b0 00000000 00000000 00000000 00000000 00000000 00000000 00000000 0000001f 0
40000526 00000000 00000000 40036e78 0000abab 40057584 400575c4 3fcef5ec 3fcef66c 400580b0 00000000 00000000 00000000 00000000 00000000 00000000 00000000 0000001f 0
40000528 00000000 00000000 40036e78 0000abab 40057584 400575c4 3fcef5f0 3fcef66c 400580b0 00000000 00000000 00000000 00000000 00000000 00000000 00000000 0000001f 0
4000052a 00000000 00000000 40036e78 0000abab 40057584 400575c4 3fcef5f0 3fcef66c 400580b4 00000000 00000000 00000000 00000000 00000000 00000000 00000000 0000001f 0
40000522 00000000 00000000 40036e78 0000abab 40057584 400575c4 3fcef5f0 3fcef66c 400580b4 00000000 00000000 00000000 00000000 00000000 00000000 00000000 0000001f 0
40000524 00000000 00000000 40036f1c 0000abab 40057584 400575c4 3fcef5f0 3fcef66c 400580b4 00000000 00000000 00000000 00000000 00000000 00000000 00000000 0000001f 0
40000526 00000000 00000000 40036f1c 0000abab 40057584 400575c4 3fcef5f0 3fcef66c 400580b4 00000000 00000000 00000000 00000000 00000000 00000000 00000000 0000001f 0
40000528 00000000 00000000 40036f1c 0000abab 40057584 400575c4 3fcef5f4 3fcef66c 400580b4 00000000 00000000 00000000 00000000 00000000 00000000 00000000 0000001f 0
4000052a 00000000 00000000 40036f1c 0000abab 40057584 400575c4 3fcef5f4 3fcef66c 400580b8 00000000 00000000 00000000 00000000 00000000 00000000 00000000 0000001f 0
40000522 00000000 00000000 40036f1c 0000abab 40057584 400575c4 3fcef5f4 3fcef66c 400580b8 00000000 00000000 00000000 00000000 00000000 00000000 00000000 0000001f 0
40000524 00000000 00000000 40036fc4 0000abab 40057584 400575c4 3fcef5f4 3fcef66c 400580b8 00000000 00000000 00000000 00000000 00000000 00000000 00000000 0000001f 0
40000526 00000000 00000000 40036fc4 0000abab 40057584 400575c4 3fcef5f4 3fcef66c 400580b8 00000000 00000000 00000000 00000000 00000000 00000000 00000000 0000001f 0
40000528 00000000 00000000 40036fc4 0000abab 40057584 400575c4 3fcef5f8 3fcef66c 400580b8 00000000 00000000 00000000 00000000 00000000 00000000 00000000 0000001f 0
4000052a 00000000 00000000 40036fc4 0000abab 40057584 400575c4 3fcef5f8 3fcef66c 400580bc 00000000 00000000 00000000 00000000 00000000 00000000 00000000 0000001f 0
40000522 00000000 00000000 40036fc4 0000abab 40057584 400575c4 3fcef5f8 3fcef66c 400580bc 00000000 00000000 00000000 00000000 00000000 00000000 00000000 0000001f 0
